<ArticleInfo>
  <Text>A group of suicide attackers stormed a government compound in western Afghanistan today, killing at least seven people, officials said. The militants were armed with explosive-laden vests, automatic weapons and rocket propelled grenades for the assault on the governor's complex in Farah province. One attacker blew himself up at the gate of the compound, then three others fought their way inside, said Raouf Ahmadi, the regional police spokesman. A two-hour gun battle with police left all the attackers dead, Mr Ahmadi said. He added that six policemen and one civilian were also killed in the attack, while another 12 people were wounded. Government offices are a common target for militants in Afghanistan. Last month two Taliban fighters smuggled guns into the governor's compound in Kandahar, sparking a gun battle in which two guards and both attackers were killed. Elsewhere, Taliban militants attacked a Nato supply convoy overnight in Herat province. Provincial police spokesman Raouf Ahmadi said one police officer, two security guards and a militant were killed in the fighting. </Text>
  <Events>
    <EventMentionInfo>
      <ID>1</ID>
      <AnchorText>stormed</AnchorText>
      <Type>Occurrence</Type>
      <Position>29</Position>
    </EventMentionInfo>
    <EventMentionInfo>
      <ID>2</ID>
      <AnchorText>killing</AnchorText>
      <Type>Occurrence</Type>
      <Position>89</Position>
    </EventMentionInfo>
    <EventMentionInfo>
      <ID>3</ID>
      <AnchorText>said</AnchorText>
      <Type>Reporting</Type>
      <Position>130</Position>
    </EventMentionInfo>
    <EventMentionInfo>
      <ID>4</ID>
      <AnchorText>assault</AnchorText>
      <Type>Occurrence</Type>
      <Position>245</Position>
    </EventMentionInfo>
    <EventMentionInfo>
      <ID>5</ID>
      <AnchorText>blew</AnchorText>
      <Type>Occurrence</Type>
      <Position>311</Position>
    </EventMentionInfo>
    <EventMentionInfo>
      <ID>6</ID>
      <AnchorText>fought</AnchorText>
      <Type>Occurrence</Type>
      <Position>374</Position>
    </EventMentionInfo>
    <EventMentionInfo>
      <ID>7</ID>
      <AnchorText>said</AnchorText>
      <Type>Reporting</Type>
      <Position>399</Position>
    </EventMentionInfo>
    <EventMentionInfo>
      <ID>8</ID>
      <AnchorText>battle</AnchorText>
      <Type>Occurrence</Type>
      <Position>464</Position>
    </EventMentionInfo>
    <EventMentionInfo>
      <ID>9</ID>
      <AnchorText>left</AnchorText>
      <Type>I_Action</Type>
      <Position>483</Position>
    </EventMentionInfo>
    <EventMentionInfo>
      <ID>10</ID>
      <AnchorText>dead</AnchorText>
      <Type>Occurrence</Type>
      <Position>506</Position>
    </EventMentionInfo>
    <EventMentionInfo>
      <ID>11</ID>
      <AnchorText>said</AnchorText>
      <Type>Reporting</Type>
      <Position>522</Position>
    </EventMentionInfo>
    <EventMentionInfo>
      <ID>12</ID>
      <AnchorText>added</AnchorText>
      <Type>Reporting</Type>
      <Position>531</Position>
    </EventMentionInfo>
    <EventMentionInfo>
      <ID>13</ID>
      <AnchorText>killed</AnchorText>
      <Type>Occurrence</Type>
      <Position>583</Position>
    </EventMentionInfo>
    <EventMentionInfo>
      <ID>14</ID>
      <AnchorText>attack</AnchorText>
      <Type>Occurrence</Type>
      <Position>597</Position>
    </EventMentionInfo>
    <EventMentionInfo>
      <ID>15</ID>
      <AnchorText>wounded</AnchorText>
      <Type>Occurrence</Type>
      <Position>634</Position>
    </EventMentionInfo>
    <EventMentionInfo>
      <ID>16</ID>
      <AnchorText>smuggled</AnchorText>
      <Type>Occurrence</Type>
      <Position>744</Position>
    </EventMentionInfo>
    <EventMentionInfo>
      <ID>17</ID>
      <AnchorText>sparking</AnchorText>
      <Type>I_Action</Type>
      <Position>800</Position>
    </EventMentionInfo>
    <EventMentionInfo>
      <ID>18</ID>
      <AnchorText>battle</AnchorText>
      <Type>Occurrence</Type>
      <Position>815</Position>
    </EventMentionInfo>
    <EventMentionInfo>
      <ID>19</ID>
      <AnchorText>killed</AnchorText>
      <Type>Occurrence</Type>
      <Position>866</Position>
    </EventMentionInfo>
    <EventMentionInfo>
      <ID>20</ID>
      <AnchorText>attacked</AnchorText>
      <Type>Occurrence</Type>
      <Position>903</Position>
    </EventMentionInfo>
    <EventMentionInfo>
      <ID>21</ID>
      <AnchorText>said</AnchorText>
      <Type>Reporting</Type>
      <Position>1003</Position>
    </EventMentionInfo>
    <EventMentionInfo>
      <ID>22</ID>
      <AnchorText>killed</AnchorText>
      <Type>Occurrence</Type>
      <Position>1068</Position>
    </EventMentionInfo>
    <EventMentionInfo>
      <ID>23</ID>
      <AnchorText>fighting</AnchorText>
      <Type>Occurrence</Type>
      <Position>1082</Position>
    </EventMentionInfo>
  </Events>
  <Relations>
    <HierarchyRelationInfo>
      <SuperEventID>14</SuperEventID>
      <SubEventID>4</SubEventID>
      <Type>Coref</Type>
      <Uncertain>false</Uncertain>
    </HierarchyRelationInfo>
    <HierarchyRelationInfo>
      <SuperEventID>4</SuperEventID>
      <SubEventID>1</SubEventID>
      <Type>SuperSub</Type>
      <Uncertain>false</Uncertain>
    </HierarchyRelationInfo>
    <HierarchyRelationInfo>
      <SuperEventID>20</SuperEventID>
      <SubEventID>23</SubEventID>
      <Type>SuperSub</Type>
      <Uncertain>false</Uncertain>
    </HierarchyRelationInfo>
    <HierarchyRelationInfo>
      <SuperEventID>23</SuperEventID>
      <SubEventID>22</SubEventID>
      <Type>SuperSub</Type>
      <Uncertain>false</Uncertain>
    </HierarchyRelationInfo>
    <HierarchyRelationInfo>
      <SuperEventID>18</SuperEventID>
      <SubEventID>19</SubEventID>
      <Type>SuperSub</Type>
      <Uncertain>false</Uncertain>
    </HierarchyRelationInfo>
    <HierarchyRelationInfo>
      <SuperEventID>18</SuperEventID>
      <SubEventID>16</SubEventID>
      <Type>SuperSub</Type>
      <Uncertain>true</Uncertain>
    </HierarchyRelationInfo>
    <HierarchyRelationInfo>
      <SuperEventID>2</SuperEventID>
      <SubEventID>13</SubEventID>
      <Type>Coref</Type>
      <Uncertain>false</Uncertain>
    </HierarchyRelationInfo>
    <HierarchyRelationInfo>
      <SuperEventID>14</SuperEventID>
      <SubEventID>8</SubEventID>
      <Type>SuperSub</Type>
      <Uncertain>false</Uncertain>
    </HierarchyRelationInfo>
    <HierarchyRelationInfo>
      <SuperEventID>8</SuperEventID>
      <SubEventID>13</SubEventID>
      <Type>SuperSub</Type>
      <Uncertain>false</Uncertain>
    </HierarchyRelationInfo>
    <HierarchyRelationInfo>
      <SuperEventID>8</SuperEventID>
      <SubEventID>10</SubEventID>
      <Type>SuperSub</Type>
      <Uncertain>false</Uncertain>
    </HierarchyRelationInfo>
    <HierarchyRelationInfo>
      <SuperEventID>8</SuperEventID>
      <SubEventID>15</SubEventID>
      <Type>SuperSub</Type>
      <Uncertain>false</Uncertain>
    </HierarchyRelationInfo>
    <HierarchyRelationInfo>
      <SuperEventID>4</SuperEventID>
      <SubEventID>5</SubEventID>
      <Type>SuperSub</Type>
      <Uncertain>false</Uncertain>
    </HierarchyRelationInfo>
    <HierarchyRelationInfo>
      <SuperEventID>4</SuperEventID>
      <SubEventID>6</SubEventID>
      <Type>SuperSub</Type>
      <Uncertain>false</Uncertain>
    </HierarchyRelationInfo>
  </Relations>
</ArticleInfo>