<ArticleInfo>
  <Text>At least 34 people have been abducted and killed by pro-government militiamen in the city of Homs, activists say. The UK-based Syrian Observatory for Human Rights quoted witnesses as saying the bodies had been found dumped in a square in the restive city on Monday. The claim has not been independently verified, as most foreign media are banned from entering Syria. Meanwhile, Damascus says it responded "positively" to an Arab League plan aimed at ending months of unrest. Foreign ministry spokesman Jihad al-Makdisi told reporters a letter by President Bashar al-Assad's government had been sent to the Cairo-based Arab League, adding that he expected a deal to be signed soon. He spoke after the expiry of the organisation's latest deadline for Damascus to agree to its peace plan and allow in observers to monitor it or face the imposition of further sanctions approved last week. The Arab League secretary general, Nabil al-Arabi, confirmed receipt of the letter, but noted that it contained new elements which were now being studied by Arab foreign ministers. Syria is under pressure to end its crackdown on an uprising the UN says has left more than 4,000 people dead since the unrest began in March. Later on Monday, the Syrian Observatory for Human Rights quoted witnesses as saying that the bodies of at least 34 civilians had been seen by an activist in the pro-government district of al-Zahra. It said the victims had been seized on Monday by armed regime supporters, known locally as "shabiha", from districts opposed to the government. Government forces have laid siege to Homs for the past two months. The Observatory also reported that shabiha had abducted a bus driver and his 13 passengers in Homs province on Monday. The Local Co-ordination Committee, an activist group that documents and organises protests, also said at least 17 people had been killed on Monday, including 14 in Homs. Last week, UN Human Rights Council strongly condemned the "gross and systematic" violations by Syrian forces, and said it was appointing a special investigator to report on the ongoing crackdown. The Syrian government says it is fighting armed terrorist gangs. The BBC's Paul Wood, who was smuggled into Syria, reports on the increasing numbers of soldiers defecting to the opposition. </Text>
  <Events>
    <EventMentionInfo>
      <ID>1</ID>
      <AnchorText>abducted</AnchorText>
      <Type>Occurrence</Type>
      <Position>29</Position>
    </EventMentionInfo>
    <EventMentionInfo>
      <ID>2</ID>
      <AnchorText>killed</AnchorText>
      <Type>Occurrence</Type>
      <Position>42</Position>
    </EventMentionInfo>
    <EventMentionInfo>
      <ID>3</ID>
      <AnchorText>say</AnchorText>
      <Type>Reporting</Type>
      <Position>109</Position>
    </EventMentionInfo>
    <EventMentionInfo>
      <ID>4</ID>
      <AnchorText>quoted</AnchorText>
      <Type>Reporting</Type>
      <Position>163</Position>
    </EventMentionInfo>
    <EventMentionInfo>
      <ID>5</ID>
      <AnchorText>found</AnchorText>
      <Type>Occurrence</Type>
      <Position>210</Position>
    </EventMentionInfo>
    <EventMentionInfo>
      <ID>6</ID>
      <AnchorText>says</AnchorText>
      <Type>Reporting</Type>
      <Position>387</Position>
    </EventMentionInfo>
    <EventMentionInfo>
      <ID>7</ID>
      <AnchorText>responded</AnchorText>
      <Type>Occurrence</Type>
      <Position>395</Position>
    </EventMentionInfo>
    <EventMentionInfo>
      <ID>8</ID>
      <AnchorText>told</AnchorText>
      <Type>Reporting</Type>
      <Position>519</Position>
    </EventMentionInfo>
    <EventMentionInfo>
      <ID>9</ID>
      <AnchorText>sent</AnchorText>
      <Type>Occurrence</Type>
      <Position>594</Position>
    </EventMentionInfo>
    <EventMentionInfo>
      <ID>10</ID>
      <AnchorText>adding</AnchorText>
      <Type>Reporting</Type>
      <Position>631</Position>
    </EventMentionInfo>
    <EventMentionInfo>
      <ID>11</ID>
      <AnchorText>spoke</AnchorText>
      <Type>Occurrence</Type>
      <Position>684</Position>
    </EventMentionInfo>
    <EventMentionInfo>
      <ID>12</ID>
      <AnchorText>expiry</AnchorText>
      <Type>Occurrence</Type>
      <Position>700</Position>
    </EventMentionInfo>
    <EventMentionInfo>
      <ID>13</ID>
      <AnchorText>approved</AnchorText>
      <Type>I_Action</Type>
      <Position>866</Position>
    </EventMentionInfo>
    <EventMentionInfo>
      <ID>14</ID>
      <AnchorText>confirmed</AnchorText>
      <Type>I_Action</Type>
      <Position>937</Position>
    </EventMentionInfo>
    <EventMentionInfo>
      <ID>15</ID>
      <AnchorText>receipt</AnchorText>
      <Type>Occurrence</Type>
      <Position>947</Position>
    </EventMentionInfo>
    <EventMentionInfo>
      <ID>16</ID>
      <AnchorText>noted</AnchorText>
      <Type>Reporting</Type>
      <Position>974</Position>
    </EventMentionInfo>
    <EventMentionInfo>
      <ID>17</ID>
      <AnchorText>studied</AnchorText>
      <Type>HalfGeneric</Type>
      <Position>1032</Position>
    </EventMentionInfo>
    <EventMentionInfo>
      <ID>18</ID>
      <AnchorText>crackdown</AnchorText>
      <Type>Occurrence</Type>
      <Position>1102</Position>
    </EventMentionInfo>
    <EventMentionInfo>
      <ID>19</ID>
      <AnchorText>uprising</AnchorText>
      <Type>Occurrence</Type>
      <Position>1118</Position>
    </EventMentionInfo>
    <EventMentionInfo>
      <ID>20</ID>
      <AnchorText>says</AnchorText>
      <Type>Reporting</Type>
      <Position>1134</Position>
    </EventMentionInfo>
    <EventMentionInfo>
      <ID>21</ID>
      <AnchorText>left</AnchorText>
      <Type>Occurrence</Type>
      <Position>1143</Position>
    </EventMentionInfo>
    <EventMentionInfo>
      <ID>22</ID>
      <AnchorText>unrest</AnchorText>
      <Type>Occurrence</Type>
      <Position>1186</Position>
    </EventMentionInfo>
    <EventMentionInfo>
      <ID>23</ID>
      <AnchorText>began</AnchorText>
      <Type>I_Action</Type>
      <Position>1193</Position>
    </EventMentionInfo>
    <EventMentionInfo>
      <ID>24</ID>
      <AnchorText>quoted</AnchorText>
      <Type>Reporting</Type>
      <Position>1266</Position>
    </EventMentionInfo>
    <EventMentionInfo>
      <ID>25</ID>
      <AnchorText>seen</AnchorText>
      <Type>Perception</Type>
      <Position>1343</Position>
    </EventMentionInfo>
    <EventMentionInfo>
      <ID>26</ID>
      <AnchorText>said</AnchorText>
      <Type>Reporting</Type>
      <Position>1410</Position>
    </EventMentionInfo>
    <EventMentionInfo>
      <ID>27</ID>
      <AnchorText>seized</AnchorText>
      <Type>Occurrence</Type>
      <Position>1436</Position>
    </EventMentionInfo>
    <EventMentionInfo>
      <ID>28</ID>
      <AnchorText>laid</AnchorText>
      <Type>I_Action</Type>
      <Position>1574</Position>
    </EventMentionInfo>
    <EventMentionInfo>
      <ID>29</ID>
      <AnchorText>siege</AnchorText>
      <Type>Occurrence</Type>
      <Position>1579</Position>
    </EventMentionInfo>
    <EventMentionInfo>
      <ID>30</ID>
      <AnchorText>reported</AnchorText>
      <Type>Reporting</Type>
      <Position>1639</Position>
    </EventMentionInfo>
    <EventMentionInfo>
      <ID>31</ID>
      <AnchorText>abducted</AnchorText>
      <Type>Occurrence</Type>
      <Position>1665</Position>
    </EventMentionInfo>
    <EventMentionInfo>
      <ID>32</ID>
      <AnchorText>said</AnchorText>
      <Type>Reporting</Type>
      <Position>1834</Position>
    </EventMentionInfo>
    <EventMentionInfo>
      <ID>33</ID>
      <AnchorText>killed</AnchorText>
      <Type>Occurrence</Type>
      <Position>1867</Position>
    </EventMentionInfo>
    <EventMentionInfo>
      <ID>34</ID>
      <AnchorText>condemned</AnchorText>
      <Type>Occurrence</Type>
      <Position>1951</Position>
    </EventMentionInfo>
    <EventMentionInfo>
      <ID>35</ID>
      <AnchorText>violations</AnchorText>
      <Type>HalfGeneric</Type>
      <Position>1988</Position>
    </EventMentionInfo>
    <EventMentionInfo>
      <ID>36</ID>
      <AnchorText>said</AnchorText>
      <Type>Reporting</Type>
      <Position>2021</Position>
    </EventMentionInfo>
    <EventMentionInfo>
      <ID>37</ID>
      <AnchorText>appointing</AnchorText>
      <Type>I_Action</Type>
      <Position>2033</Position>
    </EventMentionInfo>
    <EventMentionInfo>
      <ID>38</ID>
      <AnchorText>crackdown</AnchorText>
      <Type>Occurrence</Type>
      <Position>2092</Position>
    </EventMentionInfo>
    <EventMentionInfo>
      <ID>39</ID>
      <AnchorText>says</AnchorText>
      <Type>Reporting</Type>
      <Position>2125</Position>
    </EventMentionInfo>
    <EventMentionInfo>
      <ID>40</ID>
      <AnchorText>fighting</AnchorText>
      <Type>Occurrence</Type>
      <Position>2136</Position>
    </EventMentionInfo>
    <EventMentionInfo>
      <ID>41</ID>
      <AnchorText>smuggled</AnchorText>
      <Type>Occurrence</Type>
      <Position>2197</Position>
    </EventMentionInfo>
    <EventMentionInfo>
      <ID>42</ID>
      <AnchorText>reports</AnchorText>
      <Type>Reporting</Type>
      <Position>2218</Position>
    </EventMentionInfo>
    <EventMentionInfo>
      <ID>43</ID>
      <AnchorText>defecting</AnchorText>
      <Type>HalfGeneric</Type>
      <Position>2264</Position>
    </EventMentionInfo>
  </Events>
  <Relations>
    <HierarchyRelationInfo>
      <SuperEventID>1</SuperEventID>
      <SubEventID>2</SubEventID>
      <Type>SuperSub</Type>
      <Uncertain>false</Uncertain>
    </HierarchyRelationInfo>
    <HierarchyRelationInfo>
      <SuperEventID>19</SuperEventID>
      <SubEventID>18</SubEventID>
      <Type>SuperSub</Type>
      <Uncertain>false</Uncertain>
    </HierarchyRelationInfo>
    <HierarchyRelationInfo>
      <SuperEventID>19</SuperEventID>
      <SubEventID>21</SubEventID>
      <Type>SuperSub</Type>
      <Uncertain>false</Uncertain>
    </HierarchyRelationInfo>
    <HierarchyRelationInfo>
      <SuperEventID>19</SuperEventID>
      <SubEventID>22</SubEventID>
      <Type>Coref</Type>
      <Uncertain>false</Uncertain>
    </HierarchyRelationInfo>
    <HierarchyRelationInfo>
      <SuperEventID>19</SuperEventID>
      <SubEventID>7</SubEventID>
      <Type>SuperSub</Type>
      <Uncertain>false</Uncertain>
    </HierarchyRelationInfo>
    <HierarchyRelationInfo>
      <SuperEventID>25</SuperEventID>
      <SubEventID>5</SubEventID>
      <Type>Coref</Type>
      <Uncertain>false</Uncertain>
    </HierarchyRelationInfo>
    <HierarchyRelationInfo>
      <SuperEventID>27</SuperEventID>
      <SubEventID>1</SubEventID>
      <Type>Coref</Type>
      <Uncertain>false</Uncertain>
    </HierarchyRelationInfo>
    <HierarchyRelationInfo>
      <SuperEventID>29</SuperEventID>
      <SubEventID>18</SubEventID>
      <Type>Coref</Type>
      <Uncertain>false</Uncertain>
    </HierarchyRelationInfo>
    <HierarchyRelationInfo>
      <SuperEventID>19</SuperEventID>
      <SubEventID>1</SubEventID>
      <Type>SuperSub</Type>
      <Uncertain>false</Uncertain>
    </HierarchyRelationInfo>
    <HierarchyRelationInfo>
      <SuperEventID>19</SuperEventID>
      <SubEventID>5</SubEventID>
      <Type>SuperSub</Type>
      <Uncertain>false</Uncertain>
    </HierarchyRelationInfo>
    <HierarchyRelationInfo>
      <SuperEventID>19</SuperEventID>
      <SubEventID>31</SubEventID>
      <Type>SuperSub</Type>
      <Uncertain>false</Uncertain>
    </HierarchyRelationInfo>
    <HierarchyRelationInfo>
      <SuperEventID>19</SuperEventID>
      <SubEventID>33</SubEventID>
      <Type>SuperSub</Type>
      <Uncertain>false</Uncertain>
    </HierarchyRelationInfo>
    <HierarchyRelationInfo>
      <SuperEventID>19</SuperEventID>
      <SubEventID>35</SubEventID>
      <Type>SuperSub</Type>
      <Uncertain>false</Uncertain>
    </HierarchyRelationInfo>
    <HierarchyRelationInfo>
      <SuperEventID>38</SuperEventID>
      <SubEventID>29</SubEventID>
      <Type>Coref</Type>
      <Uncertain>false</Uncertain>
    </HierarchyRelationInfo>
    <HierarchyRelationInfo>
      <SuperEventID>40</SuperEventID>
      <SubEventID>38</SubEventID>
      <Type>Coref</Type>
      <Uncertain>false</Uncertain>
    </HierarchyRelationInfo>
    <HierarchyRelationInfo>
      <SuperEventID>19</SuperEventID>
      <SubEventID>43</SubEventID>
      <Type>SuperSub</Type>
      <Uncertain>false</Uncertain>
    </HierarchyRelationInfo>
  </Relations>
</ArticleInfo>