<ArticleInfo>
  <Text>Britain's Prince Charles on a trip to Scotland took on a role that is not normally part of the heir to the throne's strict duties. The royal visit to the BBC's Glasgow office was standard enough. For Scottish lunchtime viewers, a gloomy weather forecast would have been no surprise. The stand-in weatherman however might have come as a shock. "Well it is an unsettled picture as we head towards the end of the week," said the prince as he went live on air after being introduced by the news presenter. "This afternoon will be cold, wet and windy across most of Scotland. We are under the influence of low pressure and this weather front pushing northwards is bringing cloud and outbreaks of rain." As the weather chart went through its animation process behind him, there were hints that the script had been slightly adapted for the royal occasion. "In the west the rain will be lighter and patchier, there may be a few drier interludes over Dumfries House in Ayrshire... ah ha!... there will be snow for the higher ground of the Highlands and Aberdeenshire. The potential for a few flurries over Balmoral... who the hell wrote this script?" exclaimed Charles to laughter. Scotland's royal residences also featured as the Duchess of Cornwall later tried her hand as a weather girl. The royal couple were visiting Scotland as part of their annual Holyrood week. </Text>
  <Events>
    <EventMentionInfo>
      <ID>1</ID>
      <AnchorText>trip</AnchorText>
      <Type>Occurrence</Type>
      <Position>30</Position>
    </EventMentionInfo>
    <EventMentionInfo>
      <ID>2</ID>
      <AnchorText>took</AnchorText>
      <Type>Occurrence</Type>
      <Position>47</Position>
    </EventMentionInfo>
    <EventMentionInfo>
      <ID>3</ID>
      <AnchorText>visit</AnchorText>
      <Type>Occurrence</Type>
      <Position>141</Position>
    </EventMentionInfo>
    <EventMentionInfo>
      <ID>4</ID>
      <AnchorText>said</AnchorText>
      <Type>Reporting</Type>
      <Position>417</Position>
    </EventMentionInfo>
    <EventMentionInfo>
      <ID>5</ID>
      <AnchorText>went</AnchorText>
      <Type>Occurrence</Type>
      <Position>439</Position>
    </EventMentionInfo>
    <EventMentionInfo>
      <ID>6</ID>
      <AnchorText>introduced</AnchorText>
      <Type>Occurrence</Type>
      <Position>468</Position>
    </EventMentionInfo>
    <EventMentionInfo>
      <ID>7</ID>
      <AnchorText>pushing</AnchorText>
      <Type>Occurrence</Type>
      <Position>637</Position>
    </EventMentionInfo>
    <EventMentionInfo>
      <ID>8</ID>
      <AnchorText>bringing</AnchorText>
      <Type>Occurrence</Type>
      <Position>659</Position>
    </EventMentionInfo>
    <EventMentionInfo>
      <ID>9</ID>
      <AnchorText>went</AnchorText>
      <Type>I_Action</Type>
      <Position>719</Position>
    </EventMentionInfo>
    <EventMentionInfo>
      <ID>10</ID>
      <AnchorText>process</AnchorText>
      <Type>Occurrence</Type>
      <Position>746</Position>
    </EventMentionInfo>
    <EventMentionInfo>
      <ID>11</ID>
      <AnchorText>hints</AnchorText>
      <Type>HalfGeneric</Type>
      <Position>777</Position>
    </EventMentionInfo>
    <EventMentionInfo>
      <ID>12</ID>
      <AnchorText>adapted</AnchorText>
      <Type>I_Action</Type>
      <Position>817</Position>
    </EventMentionInfo>
    <EventMentionInfo>
      <ID>13</ID>
      <AnchorText>occasion</AnchorText>
      <Type>Occurrence</Type>
      <Position>839</Position>
    </EventMentionInfo>
    <EventMentionInfo>
      <ID>14</ID>
      <AnchorText>exclaimed</AnchorText>
      <Type>I_Action</Type>
      <Position>1142</Position>
    </EventMentionInfo>
    <EventMentionInfo>
      <ID>15</ID>
      <AnchorText>laughter</AnchorText>
      <Type>Occurrence</Type>
      <Position>1163</Position>
    </EventMentionInfo>
    <EventMentionInfo>
      <ID>16</ID>
      <AnchorText>featured</AnchorText>
      <Type>Occurrence</Type>
      <Position>1206</Position>
    </EventMentionInfo>
    <EventMentionInfo>
      <ID>17</ID>
      <AnchorText>tried</AnchorText>
      <Type>Occurrence</Type>
      <Position>1248</Position>
    </EventMentionInfo>
    <EventMentionInfo>
      <ID>18</ID>
      <AnchorText>visiting</AnchorText>
      <Type>Occurrence</Type>
      <Position>1304</Position>
    </EventMentionInfo>
  </Events>
  <Relations>
    <HierarchyRelationInfo>
      <SuperEventID>1</SuperEventID>
      <SubEventID>18</SubEventID>
      <Type>Coref</Type>
      <Uncertain>false</Uncertain>
    </HierarchyRelationInfo>
    <HierarchyRelationInfo>
      <SuperEventID>1</SuperEventID>
      <SubEventID>3</SubEventID>
      <Type>SuperSub</Type>
      <Uncertain>false</Uncertain>
    </HierarchyRelationInfo>
    <HierarchyRelationInfo>
      <SuperEventID>3</SuperEventID>
      <SubEventID>2</SubEventID>
      <Type>SuperSub</Type>
      <Uncertain>false</Uncertain>
    </HierarchyRelationInfo>
    <HierarchyRelationInfo>
      <SuperEventID>2</SuperEventID>
      <SubEventID>5</SubEventID>
      <Type>SuperSub</Type>
      <Uncertain>false</Uncertain>
    </HierarchyRelationInfo>
    <HierarchyRelationInfo>
      <SuperEventID>2</SuperEventID>
      <SubEventID>6</SubEventID>
      <Type>SuperSub</Type>
      <Uncertain>false</Uncertain>
    </HierarchyRelationInfo>
    <HierarchyRelationInfo>
      <SuperEventID>7</SuperEventID>
      <SubEventID>8</SubEventID>
      <Type>SuperSub</Type>
      <Uncertain>false</Uncertain>
    </HierarchyRelationInfo>
    <HierarchyRelationInfo>
      <SuperEventID>2</SuperEventID>
      <SubEventID>10</SubEventID>
      <Type>SuperSub</Type>
      <Uncertain>false</Uncertain>
    </HierarchyRelationInfo>
    <HierarchyRelationInfo>
      <SuperEventID>13</SuperEventID>
      <SubEventID>2</SubEventID>
      <Type>Coref</Type>
      <Uncertain>false</Uncertain>
    </HierarchyRelationInfo>
    <HierarchyRelationInfo>
      <SuperEventID>10</SuperEventID>
      <SubEventID>11</SubEventID>
      <Type>SuperSub</Type>
      <Uncertain>false</Uncertain>
    </HierarchyRelationInfo>
    <HierarchyRelationInfo>
      <SuperEventID>10</SuperEventID>
      <SubEventID>15</SubEventID>
      <Type>SuperSub</Type>
      <Uncertain>false</Uncertain>
    </HierarchyRelationInfo>
    <HierarchyRelationInfo>
      <SuperEventID>16</SuperEventID>
      <SubEventID>17</SubEventID>
      <Type>SuperSub</Type>
      <Uncertain>false</Uncertain>
    </HierarchyRelationInfo>
  </Relations>
</ArticleInfo>