<ArticleInfo>
  <Text>The United States has offered a $10 million bounty for the founder of the Pakistani militant group blamed for the 2008 attacks in the Indian city of Mumbai that killed 166 people, a move that could complicate U.S.-Pakistan relations at a tense time, The Associated Press reported. Hafiz Saeed founded Lashkar-e-Taiba in the 1980s, allegedly with Pakistani support to pressure archenemy India over the disputed territory of Kashmir. Pakistan banned the group in 2002 under pressure from the U.S. but has done little to crack down on its activities. Saeed operates openly in the country, giving public speeches and appearing on TV talk shows. The U.S. also offered up to $2 million for Lashkar-e-Taiba's deputy leader, Hafiz Abdul Rahman Makki. The bounties were posted on the U.S. State Department Rewards for Justice website late Monday, the U.S. Embassy in Islamabad said Tuesday, April 3. The reward for Saeed is one of the highest offered by the program and is equal to the amount for Taliban chief Mullah Omar. Only Ayman al-Zawahri, who succeeded Osama bin Laden as al-Qaida chief, fetches a higher, $25 million bounty.</Text>
  <Events>
    <EventMentionInfo>
      <ID>1</ID>
      <AnchorText>offered</AnchorText>
      <Type>Occurrence</Type>
      <Position>22</Position>
    </EventMentionInfo>
    <EventMentionInfo>
      <ID>2</ID>
      <AnchorText>blamed</AnchorText>
      <Type>Occurrence</Type>
      <Position>99</Position>
    </EventMentionInfo>
    <EventMentionInfo>
      <ID>3</ID>
      <AnchorText>attacks</AnchorText>
      <Type>Occurrence</Type>
      <Position>119</Position>
    </EventMentionInfo>
    <EventMentionInfo>
      <ID>4</ID>
      <AnchorText>killed</AnchorText>
      <Type>Occurrence</Type>
      <Position>161</Position>
    </EventMentionInfo>
    <EventMentionInfo>
      <ID>5</ID>
      <AnchorText>move</AnchorText>
      <Type>Occurrence</Type>
      <Position>182</Position>
    </EventMentionInfo>
    <EventMentionInfo>
      <ID>6</ID>
      <AnchorText>reported</AnchorText>
      <Type>Reporting</Type>
      <Position>271</Position>
    </EventMentionInfo>
    <EventMentionInfo>
      <ID>7</ID>
      <AnchorText>founded</AnchorText>
      <Type>Occurrence</Type>
      <Position>293</Position>
    </EventMentionInfo>
    <EventMentionInfo>
      <ID>8</ID>
      <AnchorText>banned</AnchorText>
      <Type>Occurrence</Type>
      <Position>441</Position>
    </EventMentionInfo>
    <EventMentionInfo>
      <ID>9</ID>
      <AnchorText>activities</AnchorText>
      <Type>HalfGeneric</Type>
      <Position>536</Position>
    </EventMentionInfo>
    <EventMentionInfo>
      <ID>10</ID>
      <AnchorText>operates</AnchorText>
      <Type>HalfGeneric</Type>
      <Position>554</Position>
    </EventMentionInfo>
    <EventMentionInfo>
      <ID>11</ID>
      <AnchorText>giving</AnchorText>
      <Type>HalfGeneric</Type>
      <Position>586</Position>
    </EventMentionInfo>
    <EventMentionInfo>
      <ID>12</ID>
      <AnchorText>appearing</AnchorText>
      <Type>HalfGeneric</Type>
      <Position>613</Position>
    </EventMentionInfo>
    <EventMentionInfo>
      <ID>13</ID>
      <AnchorText>offered</AnchorText>
      <Type>Occurrence</Type>
      <Position>655</Position>
    </EventMentionInfo>
    <EventMentionInfo>
      <ID>14</ID>
      <AnchorText>posted</AnchorText>
      <Type>Reporting</Type>
      <Position>761</Position>
    </EventMentionInfo>
    <EventMentionInfo>
      <ID>15</ID>
      <AnchorText>said</AnchorText>
      <Type>Reporting</Type>
      <Position>868</Position>
    </EventMentionInfo>
    <EventMentionInfo>
      <ID>16</ID>
      <AnchorText>succeeded</AnchorText>
      <Type>Occurrence</Type>
      <Position>1042</Position>
    </EventMentionInfo>
  </Events>
  <Relations>
    <HierarchyRelationInfo>
      <SuperEventID>3</SuperEventID>
      <SubEventID>4</SubEventID>
      <Type>SuperSub</Type>
      <Uncertain>false</Uncertain>
    </HierarchyRelationInfo>
    <HierarchyRelationInfo>
      <SuperEventID>9</SuperEventID>
      <SubEventID>3</SubEventID>
      <Type>SuperSub</Type>
      <Uncertain>false</Uncertain>
    </HierarchyRelationInfo>
    <HierarchyRelationInfo>
      <SuperEventID>10</SuperEventID>
      <SubEventID>11</SubEventID>
      <Type>SuperSub</Type>
      <Uncertain>false</Uncertain>
    </HierarchyRelationInfo>
    <HierarchyRelationInfo>
      <SuperEventID>10</SuperEventID>
      <SubEventID>12</SubEventID>
      <Type>SuperSub</Type>
      <Uncertain>false</Uncertain>
    </HierarchyRelationInfo>
    <HierarchyRelationInfo>
      <SuperEventID>5</SuperEventID>
      <SubEventID>1</SubEventID>
      <Type>SuperSub</Type>
      <Uncertain>false</Uncertain>
    </HierarchyRelationInfo>
    <HierarchyRelationInfo>
      <SuperEventID>5</SuperEventID>
      <SubEventID>13</SubEventID>
      <Type>SuperSub</Type>
      <Uncertain>false</Uncertain>
    </HierarchyRelationInfo>
  </Relations>
</ArticleInfo>