<ArticleInfo>
  <Text>Adam Lambert and Adam Levine are two of the many celebrities who cheered for President Obama's gay marriage support. Robin Roberts from ABC News reported last Wednesday that Obama affirmed the legalization of marriage between same sex couples. The statement became hot news over social networking sites in minutes. It was followed with celebrities reacting positively to it with former 'American Idol' contestant, Adam Lambert, expressing his thoughts over Twitter. Lambert has a boyfriend but emphasized that he still has no plans of tying the knot. The Sue Sylvester of 'Glee,' Jane Lynch, expressed her joy to the President with a shoutout tweet of "Obama: Marriage? Gay is okay!" It was in 2010 when the comedian married her girlfriend. Even the straight guys like Adam Levine of Maroon 5 thanked Obama for the exemplary leadership the President has shown. Neil Patrick Harris was never left out and wrote a simple 'Bravo!' for the fair US President. </Text>
  <Events>
    <EventMentionInfo>
      <ID>1</ID>
      <AnchorText>cheered</AnchorText>
      <Type>Occurrence</Type>
      <Position>65</Position>
    </EventMentionInfo>
    <EventMentionInfo>
      <ID>2</ID>
      <AnchorText>support</AnchorText>
      <Type>Occurrence</Type>
      <Position>108</Position>
    </EventMentionInfo>
    <EventMentionInfo>
      <ID>3</ID>
      <AnchorText>reported</AnchorText>
      <Type>Reporting</Type>
      <Position>145</Position>
    </EventMentionInfo>
    <EventMentionInfo>
      <ID>4</ID>
      <AnchorText>affirmed</AnchorText>
      <Type>I_Action</Type>
      <Position>180</Position>
    </EventMentionInfo>
    <EventMentionInfo>
      <ID>5</ID>
      <AnchorText>statement</AnchorText>
      <Type>Occurrence</Type>
      <Position>248</Position>
    </EventMentionInfo>
    <EventMentionInfo>
      <ID>6</ID>
      <AnchorText>became</AnchorText>
      <Type>StateChange</Type>
      <Position>258</Position>
    </EventMentionInfo>
    <EventMentionInfo>
      <ID>7</ID>
      <AnchorText>followed</AnchorText>
      <Type>Occurrence</Type>
      <Position>322</Position>
    </EventMentionInfo>
    <EventMentionInfo>
      <ID>8</ID>
      <AnchorText>reacting</AnchorText>
      <Type>Occurrence</Type>
      <Position>348</Position>
    </EventMentionInfo>
    <EventMentionInfo>
      <ID>9</ID>
      <AnchorText>expressing</AnchorText>
      <Type>Reporting</Type>
      <Position>428</Position>
    </EventMentionInfo>
    <EventMentionInfo>
      <ID>10</ID>
      <AnchorText>emphasized</AnchorText>
      <Type>Reporting</Type>
      <Position>494</Position>
    </EventMentionInfo>
    <EventMentionInfo>
      <ID>11</ID>
      <AnchorText>expressed</AnchorText>
      <Type>Reporting</Type>
      <Position>592</Position>
    </EventMentionInfo>
    <EventMentionInfo>
      <ID>12</ID>
      <AnchorText>tweet</AnchorText>
      <Type>Reporting</Type>
      <Position>643</Position>
    </EventMentionInfo>
    <EventMentionInfo>
      <ID>13</ID>
      <AnchorText>married</AnchorText>
      <Type>Occurrence</Type>
      <Position>717</Position>
    </EventMentionInfo>
    <EventMentionInfo>
      <ID>14</ID>
      <AnchorText>thanked</AnchorText>
      <Type>Occurrence</Type>
      <Position>793</Position>
    </EventMentionInfo>
    <EventMentionInfo>
      <ID>15</ID>
      <AnchorText>shown</AnchorText>
      <Type>Perception</Type>
      <Position>854</Position>
    </EventMentionInfo>
    <EventMentionInfo>
      <ID>16</ID>
      <AnchorText>wrote</AnchorText>
      <Type>Occurrence</Type>
      <Position>904</Position>
    </EventMentionInfo>
  </Events>
  <Relations>
    <HierarchyRelationInfo>
      <SuperEventID>2</SuperEventID>
      <SubEventID>5</SubEventID>
      <Type>Coref</Type>
      <Uncertain>false</Uncertain>
    </HierarchyRelationInfo>
    <HierarchyRelationInfo>
      <SuperEventID>8</SuperEventID>
      <SubEventID>1</SubEventID>
      <Type>SuperSub</Type>
      <Uncertain>false</Uncertain>
    </HierarchyRelationInfo>
    <HierarchyRelationInfo>
      <SuperEventID>8</SuperEventID>
      <SubEventID>14</SubEventID>
      <Type>SuperSub</Type>
      <Uncertain>false</Uncertain>
    </HierarchyRelationInfo>
    <HierarchyRelationInfo>
      <SuperEventID>5</SuperEventID>
      <SubEventID>15</SubEventID>
      <Type>SuperSub</Type>
      <Uncertain>false</Uncertain>
    </HierarchyRelationInfo>
    <HierarchyRelationInfo>
      <SuperEventID>8</SuperEventID>
      <SubEventID>16</SubEventID>
      <Type>SuperSub</Type>
      <Uncertain>false</Uncertain>
    </HierarchyRelationInfo>
  </Relations>
</ArticleInfo>