<ArticleInfo>
  <Text>Greek party leaders are to resume power-sharing talks Monday as negotiations to create a government drag into a second week, raising the specter of fresh elections that could threaten the crisis-stricken country's international bailout and its membership of the euro. President Karolos Papoulias has summoned party leaders back to negotiations at 7:30 p.m. (1630GMT), after talks on Sunday failed to lead to the creation of a coalition government. The conservatives New Democracy party won May 6 general elections, but the poll failed to produce an outright winner. The second-placed left wing party, Syriza, has refused to join a coalition, demanding that the terms of an international bailout be scrapped or radically renegotiated. Syriza leader Alexis Tsipras will not attend Monday's meeting, party officials said. "They are looking for an accomplice to continue their catastrophic work &#8212; we will not help them," Panos Skourletis, a spokesman for the party, told Mega television. The political turmoil has taken a toll on markets across Europe, with shares on the Athens Stock Exchange 3.5 percent lower at 590.38 in midday trading. "Voices of support (in Europe) to Greece... are becoming fewer and fewer, while there is a frenetic increase of those that are predicting the country's exit from the euro," an editorial in Greece's top-selling Ta Nea said. "The dramatic drop in state revenues during the election campaign and the serious souring of the atmosphere in Europe toward Greece mean that after almost certain repeat elections there will be a need for even tougher austerity measures." Greece's two traditionally dominant parties, New Democracy and the Socialist PASOK were hammered on May 6, as the bailed-out country suffers through a fifth year of recession, with more than one in five Greeks out of work. Since the election, Syriza has gained support, and in a survey published Monday led with a projected 20.5 percent of public support, pushing New Democracy to second place with 19.4 percent, while PASOK was third with 11.8 percent. No margin of error was given in the Rass poll of 1,002 people, conducted May 10-11 for the Eleftheros Typos newspaper. New Democracy and PASOK could form a government without Syriza, but the small Democratic Left party that would provide the required support is insisting that such a coalition would be unworkable. "The president has invited us to a new meeting and I will attend," Democratic Left leader Fotis Kouvelis told Antenna television. "I will repeat my position, that without the participation of the second largest party, the government would not have sufficient popular and parliamentary support. </Text>
  <Events>
    <EventMentionInfo>
      <ID>1</ID>
      <AnchorText>talks</AnchorText>
      <Type>Occurrence</Type>
      <Position>48</Position>
    </EventMentionInfo>
    <EventMentionInfo>
      <ID>2</ID>
      <AnchorText>negotiations</AnchorText>
      <Type>I_Action</Type>
      <Position>64</Position>
    </EventMentionInfo>
    <EventMentionInfo>
      <ID>3</ID>
      <AnchorText>drag</AnchorText>
      <Type>Occurrence</Type>
      <Position>100</Position>
    </EventMentionInfo>
    <EventMentionInfo>
      <ID>4</ID>
      <AnchorText>raising</AnchorText>
      <Type>StateChange</Type>
      <Position>125</Position>
    </EventMentionInfo>
    <EventMentionInfo>
      <ID>5</ID>
      <AnchorText>elections</AnchorText>
      <Type>Occurrence</Type>
      <Position>154</Position>
    </EventMentionInfo>
    <EventMentionInfo>
      <ID>6</ID>
      <AnchorText>bailout</AnchorText>
      <Type>Occurrence</Type>
      <Position>228</Position>
    </EventMentionInfo>
    <EventMentionInfo>
      <ID>7</ID>
      <AnchorText>summoned</AnchorText>
      <Type>Occurrence</Type>
      <Position>300</Position>
    </EventMentionInfo>
    <EventMentionInfo>
      <ID>8</ID>
      <AnchorText>talks</AnchorText>
      <Type>Occurrence</Type>
      <Position>374</Position>
    </EventMentionInfo>
    <EventMentionInfo>
      <ID>9</ID>
      <AnchorText>failed</AnchorText>
      <Type>I_Action</Type>
      <Position>390</Position>
    </EventMentionInfo>
    <EventMentionInfo>
      <ID>10</ID>
      <AnchorText>won</AnchorText>
      <Type>I_Action</Type>
      <Position>486</Position>
    </EventMentionInfo>
    <EventMentionInfo>
      <ID>11</ID>
      <AnchorText>elections</AnchorText>
      <Type>Occurrence</Type>
      <Position>504</Position>
    </EventMentionInfo>
    <EventMentionInfo>
      <ID>12</ID>
      <AnchorText>poll</AnchorText>
      <Type>Occurrence</Type>
      <Position>523</Position>
    </EventMentionInfo>
    <EventMentionInfo>
      <ID>13</ID>
      <AnchorText>failed</AnchorText>
      <Type>I_Action</Type>
      <Position>528</Position>
    </EventMentionInfo>
    <EventMentionInfo>
      <ID>14</ID>
      <AnchorText>refused</AnchorText>
      <Type>I_Action</Type>
      <Position>613</Position>
    </EventMentionInfo>
    <EventMentionInfo>
      <ID>15</ID>
      <AnchorText>demanding</AnchorText>
      <Type>Reporting</Type>
      <Position>642</Position>
    </EventMentionInfo>
    <EventMentionInfo>
      <ID>16</ID>
      <AnchorText>said</AnchorText>
      <Type>Reporting</Type>
      <Position>813</Position>
    </EventMentionInfo>
    <EventMentionInfo>
      <ID>17</ID>
      <AnchorText>looking</AnchorText>
      <Type>Occurrence</Type>
      <Position>829</Position>
    </EventMentionInfo>
    <EventMentionInfo>
      <ID>18</ID>
      <AnchorText>told</AnchorText>
      <Type>Reporting</Type>
      <Position>962</Position>
    </EventMentionInfo>
    <EventMentionInfo>
      <ID>19</ID>
      <AnchorText>turmoil</AnchorText>
      <Type>Occurrence</Type>
      <Position>998</Position>
    </EventMentionInfo>
    <EventMentionInfo>
      <ID>20</ID>
      <AnchorText>taken</AnchorText>
      <Type>I_Action</Type>
      <Position>1010</Position>
    </EventMentionInfo>
    <EventMentionInfo>
      <ID>21</ID>
      <AnchorText>trading</AnchorText>
      <Type>HalfGeneric</Type>
      <Position>1128</Position>
    </EventMentionInfo>
    <EventMentionInfo>
      <ID>22</ID>
      <AnchorText>becoming</AnchorText>
      <Type>StateChange</Type>
      <Position>1185</Position>
    </EventMentionInfo>
    <EventMentionInfo>
      <ID>23</ID>
      <AnchorText>increase</AnchorText>
      <Type>StateChange</Type>
      <Position>1237</Position>
    </EventMentionInfo>
    <EventMentionInfo>
      <ID>24</ID>
      <AnchorText>said</AnchorText>
      <Type>Reporting</Type>
      <Position>1354</Position>
    </EventMentionInfo>
    <EventMentionInfo>
      <ID>25</ID>
      <AnchorText>drop</AnchorText>
      <Type>StateChange</Type>
      <Position>1374</Position>
    </EventMentionInfo>
    <EventMentionInfo>
      <ID>26</ID>
      <AnchorText>campaign</AnchorText>
      <Type>Occurrence</Type>
      <Position>1417</Position>
    </EventMentionInfo>
    <EventMentionInfo>
      <ID>27</ID>
      <AnchorText>souring</AnchorText>
      <Type>StateChange</Type>
      <Position>1442</Position>
    </EventMentionInfo>
    <EventMentionInfo>
      <ID>28</ID>
      <AnchorText>hammered</AnchorText>
      <Type>Occurrence</Type>
      <Position>1687</Position>
    </EventMentionInfo>
    <EventMentionInfo>
      <ID>29</ID>
      <AnchorText>suffers</AnchorText>
      <Type>HalfGeneric</Type>
      <Position>1732</Position>
    </EventMentionInfo>
    <EventMentionInfo>
      <ID>30</ID>
      <AnchorText>recession</AnchorText>
      <Type>Occurrence</Type>
      <Position>1764</Position>
    </EventMentionInfo>
    <EventMentionInfo>
      <ID>31</ID>
      <AnchorText>election</AnchorText>
      <Type>Occurrence</Type>
      <Position>1832</Position>
    </EventMentionInfo>
    <EventMentionInfo>
      <ID>32</ID>
      <AnchorText>gained</AnchorText>
      <Type>StateChange</Type>
      <Position>1853</Position>
    </EventMentionInfo>
    <EventMentionInfo>
      <ID>33</ID>
      <AnchorText>survey</AnchorText>
      <Type>Occurrence</Type>
      <Position>1878</Position>
    </EventMentionInfo>
    <EventMentionInfo>
      <ID>34</ID>
      <AnchorText>published</AnchorText>
      <Type>I_Action</Type>
      <Position>1885</Position>
    </EventMentionInfo>
    <EventMentionInfo>
      <ID>35</ID>
      <AnchorText>pushing</AnchorText>
      <Type>StateChange</Type>
      <Position>1955</Position>
    </EventMentionInfo>
    <EventMentionInfo>
      <ID>36</ID>
      <AnchorText>poll</AnchorText>
      <Type>Occurrence</Type>
      <Position>2094</Position>
    </EventMentionInfo>
    <EventMentionInfo>
      <ID>37</ID>
      <AnchorText>conducted</AnchorText>
      <Type>I_Action</Type>
      <Position>2116</Position>
    </EventMentionInfo>
    <EventMentionInfo>
      <ID>38</ID>
      <AnchorText>insisting</AnchorText>
      <Type>Reporting</Type>
      <Position>2315</Position>
    </EventMentionInfo>
    <EventMentionInfo>
      <ID>39</ID>
      <AnchorText>invited</AnchorText>
      <Type>Occurrence</Type>
      <Position>2387</Position>
    </EventMentionInfo>
    <EventMentionInfo>
      <ID>40</ID>
      <AnchorText>told</AnchorText>
      <Type>Reporting</Type>
      <Position>2473</Position>
    </EventMentionInfo>
  </Events>
  <Relations>
    <HierarchyRelationInfo>
      <SuperEventID>1</SuperEventID>
      <SubEventID>3</SubEventID>
      <Type>SuperSub</Type>
      <Uncertain>false</Uncertain>
    </HierarchyRelationInfo>
    <HierarchyRelationInfo>
      <SuperEventID>1</SuperEventID>
      <SubEventID>4</SubEventID>
      <Type>SuperSub</Type>
      <Uncertain>false</Uncertain>
    </HierarchyRelationInfo>
    <HierarchyRelationInfo>
      <SuperEventID>1</SuperEventID>
      <SubEventID>7</SubEventID>
      <Type>SuperSub</Type>
      <Uncertain>false</Uncertain>
    </HierarchyRelationInfo>
    <HierarchyRelationInfo>
      <SuperEventID>1</SuperEventID>
      <SubEventID>8</SubEventID>
      <Type>SuperSub</Type>
      <Uncertain>false</Uncertain>
    </HierarchyRelationInfo>
    <HierarchyRelationInfo>
      <SuperEventID>11</SuperEventID>
      <SubEventID>12</SubEventID>
      <Type>Coref</Type>
      <Uncertain>false</Uncertain>
    </HierarchyRelationInfo>
    <HierarchyRelationInfo>
      <SuperEventID>19</SuperEventID>
      <SubEventID>1</SubEventID>
      <Type>SuperSub</Type>
      <Uncertain>false</Uncertain>
    </HierarchyRelationInfo>
    <HierarchyRelationInfo>
      <SuperEventID>19</SuperEventID>
      <SubEventID>5</SubEventID>
      <Type>SuperSub</Type>
      <Uncertain>false</Uncertain>
    </HierarchyRelationInfo>
    <HierarchyRelationInfo>
      <SuperEventID>19</SuperEventID>
      <SubEventID>11</SubEventID>
      <Type>SuperSub</Type>
      <Uncertain>false</Uncertain>
    </HierarchyRelationInfo>
    <HierarchyRelationInfo>
      <SuperEventID>19</SuperEventID>
      <SubEventID>26</SubEventID>
      <Type>SuperSub</Type>
      <Uncertain>false</Uncertain>
    </HierarchyRelationInfo>
    <HierarchyRelationInfo>
      <SuperEventID>19</SuperEventID>
      <SubEventID>27</SubEventID>
      <Type>SuperSub</Type>
      <Uncertain>false</Uncertain>
    </HierarchyRelationInfo>
    <HierarchyRelationInfo>
      <SuperEventID>19</SuperEventID>
      <SubEventID>25</SubEventID>
      <Type>SuperSub</Type>
      <Uncertain>false</Uncertain>
    </HierarchyRelationInfo>
    <HierarchyRelationInfo>
      <SuperEventID>11</SuperEventID>
      <SubEventID>28</SubEventID>
      <Type>SuperSub</Type>
      <Uncertain>false</Uncertain>
    </HierarchyRelationInfo>
    <HierarchyRelationInfo>
      <SuperEventID>30</SuperEventID>
      <SubEventID>19</SubEventID>
      <Type>SuperSub</Type>
      <Uncertain>false</Uncertain>
    </HierarchyRelationInfo>
    <HierarchyRelationInfo>
      <SuperEventID>31</SuperEventID>
      <SubEventID>11</SubEventID>
      <Type>Coref</Type>
      <Uncertain>false</Uncertain>
    </HierarchyRelationInfo>
    <HierarchyRelationInfo>
      <SuperEventID>19</SuperEventID>
      <SubEventID>32</SubEventID>
      <Type>SuperSub</Type>
      <Uncertain>false</Uncertain>
    </HierarchyRelationInfo>
    <HierarchyRelationInfo>
      <SuperEventID>32</SuperEventID>
      <SubEventID>35</SubEventID>
      <Type>SuperSub</Type>
      <Uncertain>false</Uncertain>
    </HierarchyRelationInfo>
    <HierarchyRelationInfo>
      <SuperEventID>19</SuperEventID>
      <SubEventID>33</SubEventID>
      <Type>SuperSub</Type>
      <Uncertain>false</Uncertain>
    </HierarchyRelationInfo>
    <HierarchyRelationInfo>
      <SuperEventID>36</SuperEventID>
      <SubEventID>33</SubEventID>
      <Type>Coref</Type>
      <Uncertain>false</Uncertain>
    </HierarchyRelationInfo>
    <HierarchyRelationInfo>
      <SuperEventID>7</SuperEventID>
      <SubEventID>39</SubEventID>
      <Type>Coref</Type>
      <Uncertain>false</Uncertain>
    </HierarchyRelationInfo>
  </Relations>
</ArticleInfo>