<ArticleInfo>
  <Text>Egyptian police have said that five protesters were killed when they were attacked by an armed group near the Defense Ministry building in Cairo. The statement said that early this morning, the armed group attacked the demonstrators who have for days been staging their protest against the military government. Many protesters are supporters of an ultraconservative Islamist candidate in elections, whose candidature was expelled from the election race when it was discovered that his mother held dual Egyptian-U.S. citizenship. Police said that the attack on Wednesday wounded at least 50 protesters, and that the attackers "used stones, sticks and Molotov cocktails". </Text>
  <Events>
    <EventMentionInfo>
      <ID>1</ID>
      <AnchorText>said</AnchorText>
      <Type>Reporting</Type>
      <Position>21</Position>
    </EventMentionInfo>
    <EventMentionInfo>
      <ID>2</ID>
      <AnchorText>killed</AnchorText>
      <Type>Occurrence</Type>
      <Position>52</Position>
    </EventMentionInfo>
    <EventMentionInfo>
      <ID>3</ID>
      <AnchorText>attacked</AnchorText>
      <Type>Occurrence</Type>
      <Position>74</Position>
    </EventMentionInfo>
    <EventMentionInfo>
      <ID>4</ID>
      <AnchorText>said</AnchorText>
      <Type>Reporting</Type>
      <Position>160</Position>
    </EventMentionInfo>
    <EventMentionInfo>
      <ID>5</ID>
      <AnchorText>attacked</AnchorText>
      <Type>Occurrence</Type>
      <Position>206</Position>
    </EventMentionInfo>
    <EventMentionInfo>
      <ID>6</ID>
      <AnchorText>staging</AnchorText>
      <Type>I_Action</Type>
      <Position>256</Position>
    </EventMentionInfo>
    <EventMentionInfo>
      <ID>7</ID>
      <AnchorText>protest</AnchorText>
      <Type>Occurrence</Type>
      <Position>270</Position>
    </EventMentionInfo>
    <EventMentionInfo>
      <ID>8</ID>
      <AnchorText>elections</AnchorText>
      <Type>Occurrence</Type>
      <Position>388</Position>
    </EventMentionInfo>
    <EventMentionInfo>
      <ID>9</ID>
      <AnchorText>expelled</AnchorText>
      <Type>I_Action</Type>
      <Position>421</Position>
    </EventMentionInfo>
    <EventMentionInfo>
      <ID>10</ID>
      <AnchorText>race</AnchorText>
      <Type>Occurrence</Type>
      <Position>448</Position>
    </EventMentionInfo>
    <EventMentionInfo>
      <ID>11</ID>
      <AnchorText>discovered</AnchorText>
      <Type>Occurrence</Type>
      <Position>465</Position>
    </EventMentionInfo>
    <EventMentionInfo>
      <ID>12</ID>
      <AnchorText>said</AnchorText>
      <Type>Reporting</Type>
      <Position>536</Position>
    </EventMentionInfo>
    <EventMentionInfo>
      <ID>13</ID>
      <AnchorText>attack</AnchorText>
      <Type>Occurrence</Type>
      <Position>550</Position>
    </EventMentionInfo>
    <EventMentionInfo>
      <ID>14</ID>
      <AnchorText>wounded</AnchorText>
      <Type>Occurrence</Type>
      <Position>570</Position>
    </EventMentionInfo>
    <EventMentionInfo>
      <ID>15</ID>
      <AnchorText>used</AnchorText>
      <Type>Occurrence</Type>
      <Position>626</Position>
    </EventMentionInfo>
  </Events>
  <Relations>
    <HierarchyRelationInfo>
      <SuperEventID>3</SuperEventID>
      <SubEventID>2</SubEventID>
      <Type>SuperSub</Type>
      <Uncertain>false</Uncertain>
      <Transitive>false</Transitive>
    </HierarchyRelationInfo>
    <HierarchyRelationInfo>
      <SuperEventID>5</SuperEventID>
      <SubEventID>3</SubEventID>
      <Type>Coref</Type>
      <Uncertain>false</Uncertain>
      <Transitive>false</Transitive>
    </HierarchyRelationInfo>
    <HierarchyRelationInfo>
      <SuperEventID>7</SuperEventID>
      <SubEventID>5</SubEventID>
      <Type>SuperSub</Type>
      <Uncertain>false</Uncertain>
      <Transitive>false</Transitive>
    </HierarchyRelationInfo>
    <HierarchyRelationInfo>
      <SuperEventID>8</SuperEventID>
      <SubEventID>10</SubEventID>
      <Type>Coref</Type>
      <Uncertain>false</Uncertain>
      <Transitive>false</Transitive>
    </HierarchyRelationInfo>
    <HierarchyRelationInfo>
      <SuperEventID>10</SuperEventID>
      <SubEventID>11</SubEventID>
      <Type>SuperSub</Type>
      <Uncertain>false</Uncertain>
      <Transitive>false</Transitive>
    </HierarchyRelationInfo>
    <HierarchyRelationInfo>
      <SuperEventID>13</SuperEventID>
      <SubEventID>5</SubEventID>
      <Type>Coref</Type>
      <Uncertain>false</Uncertain>
      <Transitive>false</Transitive>
    </HierarchyRelationInfo>
    <HierarchyRelationInfo>
      <SuperEventID>13</SuperEventID>
      <SubEventID>14</SubEventID>
      <Type>SuperSub</Type>
      <Uncertain>false</Uncertain>
      <Transitive>false</Transitive>
    </HierarchyRelationInfo>
    <HierarchyRelationInfo>
      <SuperEventID>13</SuperEventID>
      <SubEventID>15</SubEventID>
      <Type>SuperSub</Type>
      <Uncertain>false</Uncertain>
      <Transitive>false</Transitive>
    </HierarchyRelationInfo>
    <HierarchyRelationInfo>
      <SuperEventID>8</SuperEventID>
      <SubEventID>11</SubEventID>
      <Type>SuperSub</Type>
      <Uncertain>false</Uncertain>
      <Transitive>false</Transitive>
    </HierarchyRelationInfo>
  </Relations>
</ArticleInfo>