<ArticleInfo>
  <Text>A student who was left handcuffed and forgotten in a tiny holding cell for four days is suing US authorities for $20m (&#8364;15m). After two days and desperate for food and water, Daniel Chong said he realised he had to stop wondering when he would be let out and start thinking about how to stay alive. Entering what he called "survival mode," and already drinking his own urine, he tried to trigger an overhead fire sprinkler for some water, stacking clothes and a blanket and swinging his cuffed arms in an attempt to set it off. Chong, 23, a student at the University of California, San Diego, had been picked up in a drug sweep but was never arrested or charged. He spent four days forgotten in the windowless cell before Drug Enforcement Administration agents opened the door. After his release, he spent five days in hospital for dehydration, kidney failure, cramps and a perforated oesophagus. He had lost 15lbs. His lawyers have filed the $20m claim against the Drug Enforcement Administration, saying his treatment constitutes torture under US and international law. The top DEA agent in San Diego, William R Sherman, said he was "deeply troubled" by what happened to Chong. Sherman said he has personally ordered an extensive review of his office's policies and procedures. The agency declined to say what those were. Chong said no one has contacted him personally to apologise. He was among nine people taken into custody when agents stormed the house he was staying in and netted 18,000 ecstasy pills, other drugs and weapons. Chong was questioned then agents told him he was not a suspect and would be released shortly. He signed some paperwork, was put in handcuffs and sent back to the holding cell. As the hours dragged into days, he said he kicked and screamed as loud as he could. At one point, he ripped a piece of his jacket off with his teeth and shoved it under the door, hoping someone would spot it and free him. Chong said he ingested a white powder that he found in the cell. Agents later identified it as methamphetamine. Chong said he ingested it to survive. The next day, hallucinations started, he said. They included Japanese animation characters who told him to dig into the walls to search for water, which he tried, tearing apart the wall's plastic lining. People can die from dehydration in as little as three to seven days, said Dr Wally Ghurabi at UCLA Medical Centre in Santa Monica. Ghurabi said Chong was wise to drink his own urine to stay hydrated. As the days dragged on, Chong said he accepted that he would die. He considered taking his own life rather than withering away by dehydration. He sat in the dark, his hallucinations deepening, his breath getting shorter and shorter, even the urine running out, and he screamed for the agents to at least let him have a quick death. </Text>
  <Events>
    <EventMentionInfo>
      <ID>1</ID>
      <AnchorText>left</AnchorText>
      <Type>Occurrence</Type>
      <Position>18</Position>
    </EventMentionInfo>
    <EventMentionInfo>
      <ID>2</ID>
      <AnchorText>suing</AnchorText>
      <Type>Occurrence</Type>
      <Position>88</Position>
    </EventMentionInfo>
    <EventMentionInfo>
      <ID>3</ID>
      <AnchorText>said</AnchorText>
      <Type>Reporting</Type>
      <Position>188</Position>
    </EventMentionInfo>
    <EventMentionInfo>
      <ID>4</ID>
      <AnchorText>realised</AnchorText>
      <Type>I_Action</Type>
      <Position>196</Position>
    </EventMentionInfo>
    <EventMentionInfo>
      <ID>5</ID>
      <AnchorText>Entering</AnchorText>
      <Type>Occurrence</Type>
      <Position>299</Position>
    </EventMentionInfo>
    <EventMentionInfo>
      <ID>6</ID>
      <AnchorText>called</AnchorText>
      <Type>Reporting</Type>
      <Position>316</Position>
    </EventMentionInfo>
    <EventMentionInfo>
      <ID>7</ID>
      <AnchorText>drinking</AnchorText>
      <Type>Occurrence</Type>
      <Position>352</Position>
    </EventMentionInfo>
    <EventMentionInfo>
      <ID>8</ID>
      <AnchorText>tried</AnchorText>
      <Type>I_Action</Type>
      <Position>379</Position>
    </EventMentionInfo>
    <EventMentionInfo>
      <ID>9</ID>
      <AnchorText>stacking</AnchorText>
      <Type>Occurrence</Type>
      <Position>439</Position>
    </EventMentionInfo>
    <EventMentionInfo>
      <ID>10</ID>
      <AnchorText>swinging</AnchorText>
      <Type>Occurrence</Type>
      <Position>474</Position>
    </EventMentionInfo>
    <EventMentionInfo>
      <ID>11</ID>
      <AnchorText>attempt</AnchorText>
      <Type>I_Action</Type>
      <Position>505</Position>
    </EventMentionInfo>
    <EventMentionInfo>
      <ID>12</ID>
      <AnchorText>picked</AnchorText>
      <Type>Occurrence</Type>
      <Position>602</Position>
    </EventMentionInfo>
    <EventMentionInfo>
      <ID>13</ID>
      <AnchorText>sweep</AnchorText>
      <Type>Occurrence</Type>
      <Position>622</Position>
    </EventMentionInfo>
    <EventMentionInfo>
      <ID>14</ID>
      <AnchorText>spent</AnchorText>
      <Type>Occurrence</Type>
      <Position>666</Position>
    </EventMentionInfo>
    <EventMentionInfo>
      <ID>15</ID>
      <AnchorText>opened</AnchorText>
      <Type>Occurrence</Type>
      <Position>761</Position>
    </EventMentionInfo>
    <EventMentionInfo>
      <ID>16</ID>
      <AnchorText>release</AnchorText>
      <Type>Occurrence</Type>
      <Position>788</Position>
    </EventMentionInfo>
    <EventMentionInfo>
      <ID>17</ID>
      <AnchorText>spent</AnchorText>
      <Type>Occurrence</Type>
      <Position>800</Position>
    </EventMentionInfo>
    <EventMentionInfo>
      <ID>18</ID>
      <AnchorText>lost</AnchorText>
      <Type>Occurrence</Type>
      <Position>904</Position>
    </EventMentionInfo>
    <EventMentionInfo>
      <ID>19</ID>
      <AnchorText>filed</AnchorText>
      <Type>I_Action</Type>
      <Position>933</Position>
    </EventMentionInfo>
    <EventMentionInfo>
      <ID>20</ID>
      <AnchorText>saying</AnchorText>
      <Type>Reporting</Type>
      <Position>999</Position>
    </EventMentionInfo>
    <EventMentionInfo>
      <ID>21</ID>
      <AnchorText>treatment</AnchorText>
      <Type>Occurrence</Type>
      <Position>1010</Position>
    </EventMentionInfo>
    <EventMentionInfo>
      <ID>22</ID>
      <AnchorText>said</AnchorText>
      <Type>Reporting</Type>
      <Position>1123</Position>
    </EventMentionInfo>
    <EventMentionInfo>
      <ID>23</ID>
      <AnchorText>happened</AnchorText>
      <Type>Occurrence</Type>
      <Position>1161</Position>
    </EventMentionInfo>
    <EventMentionInfo>
      <ID>24</ID>
      <AnchorText>said</AnchorText>
      <Type>Reporting</Type>
      <Position>1188</Position>
    </EventMentionInfo>
    <EventMentionInfo>
      <ID>25</ID>
      <AnchorText>ordered</AnchorText>
      <Type>I_Action</Type>
      <Position>1211</Position>
    </EventMentionInfo>
    <EventMentionInfo>
      <ID>26</ID>
      <AnchorText>declined</AnchorText>
      <Type>I_Action</Type>
      <Position>1291</Position>
    </EventMentionInfo>
    <EventMentionInfo>
      <ID>27</ID>
      <AnchorText>said</AnchorText>
      <Type>Reporting</Type>
      <Position>1330</Position>
    </EventMentionInfo>
    <EventMentionInfo>
      <ID>28</ID>
      <AnchorText>taken</AnchorText>
      <Type>Occurrence</Type>
      <Position>1410</Position>
    </EventMentionInfo>
    <EventMentionInfo>
      <ID>29</ID>
      <AnchorText>stormed</AnchorText>
      <Type>Occurrence</Type>
      <Position>1441</Position>
    </EventMentionInfo>
    <EventMentionInfo>
      <ID>30</ID>
      <AnchorText>netted</AnchorText>
      <Type>Occurrence</Type>
      <Position>1481</Position>
    </EventMentionInfo>
    <EventMentionInfo>
      <ID>31</ID>
      <AnchorText>questioned</AnchorText>
      <Type>Occurrence</Type>
      <Position>1545</Position>
    </EventMentionInfo>
    <EventMentionInfo>
      <ID>32</ID>
      <AnchorText>told</AnchorText>
      <Type>Reporting</Type>
      <Position>1568</Position>
    </EventMentionInfo>
    <EventMentionInfo>
      <ID>33</ID>
      <AnchorText>signed</AnchorText>
      <Type>Occurrence</Type>
      <Position>1632</Position>
    </EventMentionInfo>
    <EventMentionInfo>
      <ID>34</ID>
      <AnchorText>put</AnchorText>
      <Type>Occurrence</Type>
      <Position>1659</Position>
    </EventMentionInfo>
    <EventMentionInfo>
      <ID>35</ID>
      <AnchorText>sent</AnchorText>
      <Type>Occurrence</Type>
      <Position>1680</Position>
    </EventMentionInfo>
    <EventMentionInfo>
      <ID>36</ID>
      <AnchorText>said</AnchorText>
      <Type>Reporting</Type>
      <Position>1746</Position>
    </EventMentionInfo>
    <EventMentionInfo>
      <ID>37</ID>
      <AnchorText>kicked</AnchorText>
      <Type>Occurrence</Type>
      <Position>1754</Position>
    </EventMentionInfo>
    <EventMentionInfo>
      <ID>38</ID>
      <AnchorText>screamed</AnchorText>
      <Type>Occurrence</Type>
      <Position>1765</Position>
    </EventMentionInfo>
    <EventMentionInfo>
      <ID>39</ID>
      <AnchorText>ripped</AnchorText>
      <Type>Occurrence</Type>
      <Position>1812</Position>
    </EventMentionInfo>
    <EventMentionInfo>
      <ID>40</ID>
      <AnchorText>shoved</AnchorText>
      <Type>Occurrence</Type>
      <Position>1864</Position>
    </EventMentionInfo>
    <EventMentionInfo>
      <ID>41</ID>
      <AnchorText>said</AnchorText>
      <Type>Reporting</Type>
      <Position>1939</Position>
    </EventMentionInfo>
    <EventMentionInfo>
      <ID>42</ID>
      <AnchorText>ingested</AnchorText>
      <Type>Occurrence</Type>
      <Position>1947</Position>
    </EventMentionInfo>
    <EventMentionInfo>
      <ID>43</ID>
      <AnchorText>found</AnchorText>
      <Type>Occurrence</Type>
      <Position>1979</Position>
    </EventMentionInfo>
    <EventMentionInfo>
      <ID>44</ID>
      <AnchorText>identified</AnchorText>
      <Type>Occurrence</Type>
      <Position>2011</Position>
    </EventMentionInfo>
    <EventMentionInfo>
      <ID>45</ID>
      <AnchorText>said</AnchorText>
      <Type>Reporting</Type>
      <Position>2051</Position>
    </EventMentionInfo>
    <EventMentionInfo>
      <ID>46</ID>
      <AnchorText>ingested</AnchorText>
      <Type>I_Action</Type>
      <Position>2059</Position>
    </EventMentionInfo>
    <EventMentionInfo>
      <ID>47</ID>
      <AnchorText>survive</AnchorText>
      <Type>Occurrence</Type>
      <Position>2074</Position>
    </EventMentionInfo>
    <EventMentionInfo>
      <ID>48</ID>
      <AnchorText>hallucinations</AnchorText>
      <Type>HalfGeneric</Type>
      <Position>2097</Position>
    </EventMentionInfo>
    <EventMentionInfo>
      <ID>49</ID>
      <AnchorText>started</AnchorText>
      <Type>Occurrence</Type>
      <Position>2112</Position>
    </EventMentionInfo>
    <EventMentionInfo>
      <ID>50</ID>
      <AnchorText>said</AnchorText>
      <Type>Reporting</Type>
      <Position>2124</Position>
    </EventMentionInfo>
    <EventMentionInfo>
      <ID>51</ID>
      <AnchorText>told</AnchorText>
      <Type>I_Action</Type>
      <Position>2178</Position>
    </EventMentionInfo>
    <EventMentionInfo>
      <ID>52</ID>
      <AnchorText>dig</AnchorText>
      <Type>I_Action</Type>
      <Position>2190</Position>
    </EventMentionInfo>
    <EventMentionInfo>
      <ID>53</ID>
      <AnchorText>search</AnchorText>
      <Type>Occurrence</Type>
      <Position>2212</Position>
    </EventMentionInfo>
    <EventMentionInfo>
      <ID>54</ID>
      <AnchorText>tried</AnchorText>
      <Type>I_Action</Type>
      <Position>2239</Position>
    </EventMentionInfo>
    <EventMentionInfo>
      <ID>55</ID>
      <AnchorText>tearing</AnchorText>
      <Type>Occurrence</Type>
      <Position>2246</Position>
    </EventMentionInfo>
    <EventMentionInfo>
      <ID>56</ID>
      <AnchorText>said</AnchorText>
      <Type>Reporting</Type>
      <Position>2356</Position>
    </EventMentionInfo>
    <EventMentionInfo>
      <ID>57</ID>
      <AnchorText>said</AnchorText>
      <Type>Reporting</Type>
      <Position>2426</Position>
    </EventMentionInfo>
    <EventMentionInfo>
      <ID>58</ID>
      <AnchorText>drink</AnchorText>
      <Type>I_Action</Type>
      <Position>2449</Position>
    </EventMentionInfo>
    <EventMentionInfo>
      <ID>59</ID>
      <AnchorText>said</AnchorText>
      <Type>Reporting</Type>
      <Position>2517</Position>
    </EventMentionInfo>
    <EventMentionInfo>
      <ID>60</ID>
      <AnchorText>accepted</AnchorText>
      <Type>I_Action</Type>
      <Position>2525</Position>
    </EventMentionInfo>
    <EventMentionInfo>
      <ID>61</ID>
      <AnchorText>considered</AnchorText>
      <Type>I_Action</Type>
      <Position>2556</Position>
    </EventMentionInfo>
    <EventMentionInfo>
      <ID>62</ID>
      <AnchorText>sat</AnchorText>
      <Type>Occurrence</Type>
      <Position>2633</Position>
    </EventMentionInfo>
    <EventMentionInfo>
      <ID>63</ID>
      <AnchorText>hallucinations</AnchorText>
      <Type>HalfGeneric</Type>
      <Position>2654</Position>
    </EventMentionInfo>
    <EventMentionInfo>
      <ID>64</ID>
      <AnchorText>deepening</AnchorText>
      <Type>StateChange</Type>
      <Position>2669</Position>
    </EventMentionInfo>
    <EventMentionInfo>
      <ID>65</ID>
      <AnchorText>getting</AnchorText>
      <Type>StateChange</Type>
      <Position>2691</Position>
    </EventMentionInfo>
    <EventMentionInfo>
      <ID>66</ID>
      <AnchorText>running</AnchorText>
      <Type>Occurrence</Type>
      <Position>2735</Position>
    </EventMentionInfo>
    <EventMentionInfo>
      <ID>67</ID>
      <AnchorText>screamed</AnchorText>
      <Type>I_Action</Type>
      <Position>2755</Position>
    </EventMentionInfo>
  </Events>
  <Relations>
    <HierarchyRelationInfo>
      <SuperEventID>13</SuperEventID>
      <SubEventID>12</SubEventID>
      <Type>SuperSub</Type>
      <Uncertain>false</Uncertain>
      <Transitive>false</Transitive>
    </HierarchyRelationInfo>
    <HierarchyRelationInfo>
      <SuperEventID>14</SuperEventID>
      <SubEventID>5</SubEventID>
      <Type>SuperSub</Type>
      <Uncertain>false</Uncertain>
      <Transitive>false</Transitive>
    </HierarchyRelationInfo>
    <HierarchyRelationInfo>
      <SuperEventID>14</SuperEventID>
      <SubEventID>7</SubEventID>
      <Type>SuperSub</Type>
      <Uncertain>false</Uncertain>
      <Transitive>false</Transitive>
    </HierarchyRelationInfo>
    <HierarchyRelationInfo>
      <SuperEventID>14</SuperEventID>
      <SubEventID>9</SubEventID>
      <Type>SuperSub</Type>
      <Uncertain>false</Uncertain>
      <Transitive>false</Transitive>
    </HierarchyRelationInfo>
    <HierarchyRelationInfo>
      <SuperEventID>14</SuperEventID>
      <SubEventID>10</SubEventID>
      <Type>SuperSub</Type>
      <Uncertain>false</Uncertain>
      <Transitive>false</Transitive>
    </HierarchyRelationInfo>
    <HierarchyRelationInfo>
      <SuperEventID>14</SuperEventID>
      <SubEventID>15</SubEventID>
      <Type>SuperSub</Type>
      <Uncertain>false</Uncertain>
      <Transitive>false</Transitive>
    </HierarchyRelationInfo>
    <HierarchyRelationInfo>
      <SuperEventID>14</SuperEventID>
      <SubEventID>18</SubEventID>
      <Type>SuperSub</Type>
      <Uncertain>false</Uncertain>
      <Transitive>false</Transitive>
    </HierarchyRelationInfo>
    <HierarchyRelationInfo>
      <SuperEventID>13</SuperEventID>
      <SubEventID>29</SubEventID>
      <Type>SuperSub</Type>
      <Uncertain>false</Uncertain>
      <Transitive>false</Transitive>
    </HierarchyRelationInfo>
    <HierarchyRelationInfo>
      <SuperEventID>13</SuperEventID>
      <SubEventID>28</SubEventID>
      <Type>SuperSub</Type>
      <Uncertain>false</Uncertain>
      <Transitive>false</Transitive>
    </HierarchyRelationInfo>
    <HierarchyRelationInfo>
      <SuperEventID>13</SuperEventID>
      <SubEventID>30</SubEventID>
      <Type>SuperSub</Type>
      <Uncertain>false</Uncertain>
      <Transitive>false</Transitive>
    </HierarchyRelationInfo>
    <HierarchyRelationInfo>
      <SuperEventID>14</SuperEventID>
      <SubEventID>37</SubEventID>
      <Type>SuperSub</Type>
      <Uncertain>false</Uncertain>
      <Transitive>false</Transitive>
    </HierarchyRelationInfo>
    <HierarchyRelationInfo>
      <SuperEventID>14</SuperEventID>
      <SubEventID>38</SubEventID>
      <Type>SuperSub</Type>
      <Uncertain>false</Uncertain>
      <Transitive>false</Transitive>
    </HierarchyRelationInfo>
    <HierarchyRelationInfo>
      <SuperEventID>14</SuperEventID>
      <SubEventID>39</SubEventID>
      <Type>SuperSub</Type>
      <Uncertain>false</Uncertain>
      <Transitive>false</Transitive>
    </HierarchyRelationInfo>
    <HierarchyRelationInfo>
      <SuperEventID>14</SuperEventID>
      <SubEventID>40</SubEventID>
      <Type>SuperSub</Type>
      <Uncertain>false</Uncertain>
      <Transitive>false</Transitive>
    </HierarchyRelationInfo>
    <HierarchyRelationInfo>
      <SuperEventID>14</SuperEventID>
      <SubEventID>42</SubEventID>
      <Type>SuperSub</Type>
      <Uncertain>false</Uncertain>
      <Transitive>false</Transitive>
    </HierarchyRelationInfo>
    <HierarchyRelationInfo>
      <SuperEventID>14</SuperEventID>
      <SubEventID>43</SubEventID>
      <Type>SuperSub</Type>
      <Uncertain>false</Uncertain>
      <Transitive>false</Transitive>
    </HierarchyRelationInfo>
    <HierarchyRelationInfo>
      <SuperEventID>14</SuperEventID>
      <SubEventID>47</SubEventID>
      <Type>SuperSub</Type>
      <Uncertain>false</Uncertain>
      <Transitive>false</Transitive>
    </HierarchyRelationInfo>
    <HierarchyRelationInfo>
      <SuperEventID>14</SuperEventID>
      <SubEventID>48</SubEventID>
      <Type>SuperSub</Type>
      <Uncertain>false</Uncertain>
      <Transitive>false</Transitive>
    </HierarchyRelationInfo>
    <HierarchyRelationInfo>
      <SuperEventID>14</SuperEventID>
      <SubEventID>53</SubEventID>
      <Type>SuperSub</Type>
      <Uncertain>false</Uncertain>
      <Transitive>false</Transitive>
    </HierarchyRelationInfo>
    <HierarchyRelationInfo>
      <SuperEventID>14</SuperEventID>
      <SubEventID>55</SubEventID>
      <Type>SuperSub</Type>
      <Uncertain>false</Uncertain>
      <Transitive>false</Transitive>
    </HierarchyRelationInfo>
    <HierarchyRelationInfo>
      <SuperEventID>14</SuperEventID>
      <SubEventID>62</SubEventID>
      <Type>SuperSub</Type>
      <Uncertain>false</Uncertain>
      <Transitive>false</Transitive>
    </HierarchyRelationInfo>
    <HierarchyRelationInfo>
      <SuperEventID>63</SuperEventID>
      <SubEventID>48</SubEventID>
      <Type>Coref</Type>
      <Uncertain>false</Uncertain>
      <Transitive>false</Transitive>
    </HierarchyRelationInfo>
    <HierarchyRelationInfo>
      <SuperEventID>63</SuperEventID>
      <SubEventID>64</SubEventID>
      <Type>SuperSub</Type>
      <Uncertain>false</Uncertain>
      <Transitive>false</Transitive>
    </HierarchyRelationInfo>
    <HierarchyRelationInfo>
      <SuperEventID>23</SuperEventID>
      <SubEventID>21</SubEventID>
      <Type>Coref</Type>
      <Uncertain>false</Uncertain>
      <Transitive>false</Transitive>
    </HierarchyRelationInfo>
    <HierarchyRelationInfo>
      <SuperEventID>14</SuperEventID>
      <SubEventID>65</SubEventID>
      <Type>SuperSub</Type>
      <Uncertain>false</Uncertain>
      <Transitive>false</Transitive>
    </HierarchyRelationInfo>
    <HierarchyRelationInfo>
      <SuperEventID>14</SuperEventID>
      <SubEventID>66</SubEventID>
      <Type>SuperSub</Type>
      <Uncertain>false</Uncertain>
      <Transitive>false</Transitive>
    </HierarchyRelationInfo>
    <HierarchyRelationInfo>
      <SuperEventID>62</SuperEventID>
      <SubEventID>65</SubEventID>
      <Type>SuperSub</Type>
      <Uncertain>false</Uncertain>
      <Transitive>false</Transitive>
      <Comment>Maja, </Comment>
    </HierarchyRelationInfo>
    <HierarchyRelationInfo>
      <SuperEventID>62</SuperEventID>
      <SubEventID>66</SubEventID>
      <Type>SuperSub</Type>
      <Uncertain>false</Uncertain>
      <Transitive>false</Transitive>
      <Comment>Maja, </Comment>
    </HierarchyRelationInfo>
    <HierarchyRelationInfo>
      <SuperEventID>14</SuperEventID>
      <SubEventID>1</SubEventID>
      <Type>SuperSub</Type>
      <Uncertain>false</Uncertain>
      <Transitive>false</Transitive>
      <Comment>Suncana, </Comment>
    </HierarchyRelationInfo>
    <HierarchyRelationInfo>
      <SuperEventID>21</SuperEventID>
      <SubEventID>14</SubEventID>
      <Type>SuperSub</Type>
      <Uncertain>false</Uncertain>
      <Transitive>false</Transitive>
      <Comment>Suncana, </Comment>
    </HierarchyRelationInfo>
    <HierarchyRelationInfo>
      <SuperEventID>28</SuperEventID>
      <SubEventID>12</SubEventID>
      <Type>Coref</Type>
      <Uncertain>false</Uncertain>
      <Transitive>false</Transitive>
      <Comment>Suncana, </Comment>
    </HierarchyRelationInfo>
    <HierarchyRelationInfo>
      <SuperEventID>48</SuperEventID>
      <SubEventID>49</SubEventID>
      <Type>SuperSub</Type>
      <Uncertain>false</Uncertain>
      <Transitive>false</Transitive>
      <Comment>Suncana, </Comment>
    </HierarchyRelationInfo>
    <HierarchyRelationInfo>
      <SuperEventID>48</SuperEventID>
      <SubEventID>53</SubEventID>
      <Type>SuperSub</Type>
      <Uncertain>false</Uncertain>
      <Transitive>false</Transitive>
      <Comment>Suncana, </Comment>
    </HierarchyRelationInfo>
    <HierarchyRelationInfo>
      <SuperEventID>48</SuperEventID>
      <SubEventID>55</SubEventID>
      <Type>SuperSub</Type>
      <Uncertain>false</Uncertain>
      <Transitive>false</Transitive>
      <Comment>Suncana, </Comment>
    </HierarchyRelationInfo>
  </Relations>
</ArticleInfo>