<ArticleInfo>
  <Text>An aeroplane belonging to Agni Air crashed in Jomsom, north-west Nepal crashed Monday morning. 11 people have been confirmed dead while 5 people have been rescued alive. There were total 21 people on the plane with 3 crew members. Among the rescued are the air hostess of the flight, one minor and two foreigners. The plane was flying from Pokhara to Jomsom, Mustang. The plane crashed around 10 a.m. local time (0415 GMT). Rescue operations are being carried on. Most of the passengers are foreigners. The injured have been flown to hospital for treatment. As per reports, the plane crashed as they failed while turning the plane from a narrow turn. The front portion of the plane has totally been damaged. Talking to Xinhua, Deputy Inspector General of Police Gynanedra Singh Bhandari said the plane crashed behind the army barrack of the region. He also said that police and army are conducting rescue operation along with stand by flights to carry the injured. According to him, the rescue operations were able to be carried soon because the plane crashed near the army barrack.</Text>
  <Events>
    <EventMentionInfo>
      <ID>1</ID>
      <AnchorText>crashed</AnchorText>
      <Type>Occurrence</Type>
      <Position>35</Position>
    </EventMentionInfo>
    <EventMentionInfo>
      <ID>2</ID>
      <AnchorText>crashed</AnchorText>
      <Type>Occurrence</Type>
      <Position>71</Position>
    </EventMentionInfo>
    <EventMentionInfo>
      <ID>3</ID>
      <AnchorText>dead</AnchorText>
      <Type>Occurrence</Type>
      <Position>125</Position>
    </EventMentionInfo>
    <EventMentionInfo>
      <ID>4</ID>
      <AnchorText>rescued</AnchorText>
      <Type>Occurrence</Type>
      <Position>155</Position>
    </EventMentionInfo>
    <EventMentionInfo>
      <ID>5</ID>
      <AnchorText>flying</AnchorText>
      <Type>Occurrence</Type>
      <Position>328</Position>
    </EventMentionInfo>
    <EventMentionInfo>
      <ID>6</ID>
      <AnchorText>crashed</AnchorText>
      <Type>Occurrence</Type>
      <Position>378</Position>
    </EventMentionInfo>
    <EventMentionInfo>
      <ID>7</ID>
      <AnchorText>operations</AnchorText>
      <Type>Occurrence</Type>
      <Position>431</Position>
    </EventMentionInfo>
    <EventMentionInfo>
      <ID>8</ID>
      <AnchorText>carried</AnchorText>
      <Type>I_Action</Type>
      <Position>452</Position>
    </EventMentionInfo>
    <EventMentionInfo>
      <ID>9</ID>
      <AnchorText>flown</AnchorText>
      <Type>I_Action</Type>
      <Position>525</Position>
    </EventMentionInfo>
    <EventMentionInfo>
      <ID>10</ID>
      <AnchorText>crashed</AnchorText>
      <Type>Occurrence</Type>
      <Position>584</Position>
    </EventMentionInfo>
    <EventMentionInfo>
      <ID>11</ID>
      <AnchorText>failed</AnchorText>
      <Type>I_Action</Type>
      <Position>600</Position>
    </EventMentionInfo>
    <EventMentionInfo>
      <ID>12</ID>
      <AnchorText>turning</AnchorText>
      <Type>Occurrence</Type>
      <Position>613</Position>
    </EventMentionInfo>
    <EventMentionInfo>
      <ID>13</ID>
      <AnchorText>damaged</AnchorText>
      <Type>Occurrence</Type>
      <Position>699</Position>
    </EventMentionInfo>
    <EventMentionInfo>
      <ID>14</ID>
      <AnchorText>said</AnchorText>
      <Type>Reporting</Type>
      <Position>787</Position>
    </EventMentionInfo>
    <EventMentionInfo>
      <ID>15</ID>
      <AnchorText>crashed</AnchorText>
      <Type>Occurrence</Type>
      <Position>802</Position>
    </EventMentionInfo>
    <EventMentionInfo>
      <ID>16</ID>
      <AnchorText>said</AnchorText>
      <Type>Reporting</Type>
      <Position>857</Position>
    </EventMentionInfo>
    <EventMentionInfo>
      <ID>17</ID>
      <AnchorText>conducting</AnchorText>
      <Type>I_Action</Type>
      <Position>887</Position>
    </EventMentionInfo>
    <EventMentionInfo>
      <ID>18</ID>
      <AnchorText>operation</AnchorText>
      <Type>Occurrence</Type>
      <Position>905</Position>
    </EventMentionInfo>
    <EventMentionInfo>
      <ID>19</ID>
      <AnchorText>flights</AnchorText>
      <Type>HalfGeneric</Type>
      <Position>935</Position>
    </EventMentionInfo>
    <EventMentionInfo>
      <ID>20</ID>
      <AnchorText>operations</AnchorText>
      <Type>Occurrence</Type>
      <Position>994</Position>
    </EventMentionInfo>
    <EventMentionInfo>
      <ID>21</ID>
      <AnchorText>carried</AnchorText>
      <Type>I_Action</Type>
      <Position>1021</Position>
    </EventMentionInfo>
    <EventMentionInfo>
      <ID>22</ID>
      <AnchorText>crashed</AnchorText>
      <Type>Occurrence</Type>
      <Position>1052</Position>
    </EventMentionInfo>
  </Events>
  <Relations>
    <HierarchyRelationInfo>
      <SuperEventID>1</SuperEventID>
      <SubEventID>2</SubEventID>
      <Type>Coref</Type>
      <Uncertain>false</Uncertain>
    </HierarchyRelationInfo>
    <HierarchyRelationInfo>
      <SuperEventID>1</SuperEventID>
      <SubEventID>3</SubEventID>
      <Type>SuperSub</Type>
      <Uncertain>false</Uncertain>
    </HierarchyRelationInfo>
    <HierarchyRelationInfo>
      <SuperEventID>2</SuperEventID>
      <SubEventID>6</SubEventID>
      <Type>Coref</Type>
      <Uncertain>false</Uncertain>
    </HierarchyRelationInfo>
    <HierarchyRelationInfo>
      <SuperEventID>7</SuperEventID>
      <SubEventID>4</SubEventID>
      <Type>SuperSub</Type>
      <Uncertain>false</Uncertain>
    </HierarchyRelationInfo>
    <HierarchyRelationInfo>
      <SuperEventID>10</SuperEventID>
      <SubEventID>6</SubEventID>
      <Type>Coref</Type>
      <Uncertain>false</Uncertain>
    </HierarchyRelationInfo>
    <HierarchyRelationInfo>
      <SuperEventID>5</SuperEventID>
      <SubEventID>12</SubEventID>
      <Type>SuperSub</Type>
      <Uncertain>false</Uncertain>
    </HierarchyRelationInfo>
    <HierarchyRelationInfo>
      <SuperEventID>12</SuperEventID>
      <SubEventID>10</SubEventID>
      <Type>SuperSub</Type>
      <Uncertain>false</Uncertain>
    </HierarchyRelationInfo>
    <HierarchyRelationInfo>
      <SuperEventID>10</SuperEventID>
      <SubEventID>13</SubEventID>
      <Type>SuperSub</Type>
      <Uncertain>false</Uncertain>
    </HierarchyRelationInfo>
    <HierarchyRelationInfo>
      <SuperEventID>15</SuperEventID>
      <SubEventID>10</SubEventID>
      <Type>Coref</Type>
      <Uncertain>false</Uncertain>
    </HierarchyRelationInfo>
    <HierarchyRelationInfo>
      <SuperEventID>18</SuperEventID>
      <SubEventID>7</SubEventID>
      <Type>Coref</Type>
      <Uncertain>false</Uncertain>
    </HierarchyRelationInfo>
    <HierarchyRelationInfo>
      <SuperEventID>18</SuperEventID>
      <SubEventID>19</SubEventID>
      <Type>SuperSub</Type>
      <Uncertain>false</Uncertain>
    </HierarchyRelationInfo>
    <HierarchyRelationInfo>
      <SuperEventID>18</SuperEventID>
      <SubEventID>20</SubEventID>
      <Type>Coref</Type>
      <Uncertain>false</Uncertain>
    </HierarchyRelationInfo>
    <HierarchyRelationInfo>
      <SuperEventID>22</SuperEventID>
      <SubEventID>15</SubEventID>
      <Type>Coref</Type>
      <Uncertain>false</Uncertain>
    </HierarchyRelationInfo>
  </Relations>
</ArticleInfo>