<ArticleInfo>
  <Text>A woman has been arrested in connection with the murder of Ciaran Noonan. The woman, 24, was detained in Dublin this afternoon and taken to Store Street Garda station. She is being held and questioned under section 30 of the Offences against the State Act. It is the eighth arrest over the killing of the 29-year-old father of one, whose body was found on farmland in Co Meath earlier this month. No one has yet been charged. Mr Noonan, who it is believed owed a drug debt, was kidnapped from the East Wall area of Dublin on October 20. He was murdered before being dumped in a field at Tullaghmeaden, about six miles outside Trim, Co Meath. His body was not discovered until November 4 after a tip-off. </Text>
  <Events>
    <EventMentionInfo>
      <ID>1</ID>
      <AnchorText>arrested</AnchorText>
      <Type>Occurrence</Type>
      <Position>17</Position>
    </EventMentionInfo>
    <EventMentionInfo>
      <ID>2</ID>
      <AnchorText>murder</AnchorText>
      <Type>Occurrence</Type>
      <Position>49</Position>
    </EventMentionInfo>
    <EventMentionInfo>
      <ID>3</ID>
      <AnchorText>detained</AnchorText>
      <Type>Occurrence</Type>
      <Position>93</Position>
    </EventMentionInfo>
    <EventMentionInfo>
      <ID>4</ID>
      <AnchorText>taken</AnchorText>
      <Type>Occurrence</Type>
      <Position>131</Position>
    </EventMentionInfo>
    <EventMentionInfo>
      <ID>5</ID>
      <AnchorText>held</AnchorText>
      <Type>Occurrence</Type>
      <Position>181</Position>
    </EventMentionInfo>
    <EventMentionInfo>
      <ID>6</ID>
      <AnchorText>questioned</AnchorText>
      <Type>Occurrence</Type>
      <Position>190</Position>
    </EventMentionInfo>
    <EventMentionInfo>
      <ID>7</ID>
      <AnchorText>arrest</AnchorText>
      <Type>Occurrence</Type>
      <Position>274</Position>
    </EventMentionInfo>
    <EventMentionInfo>
      <ID>8</ID>
      <AnchorText>killing</AnchorText>
      <Type>Occurrence</Type>
      <Position>290</Position>
    </EventMentionInfo>
    <EventMentionInfo>
      <ID>9</ID>
      <AnchorText>found</AnchorText>
      <Type>Occurrence</Type>
      <Position>347</Position>
    </EventMentionInfo>
    <EventMentionInfo>
      <ID>10</ID>
      <AnchorText>kidnapped</AnchorText>
      <Type>Occurrence</Type>
      <Position>478</Position>
    </EventMentionInfo>
    <EventMentionInfo>
      <ID>11</ID>
      <AnchorText>murdered</AnchorText>
      <Type>Occurrence</Type>
      <Position>544</Position>
    </EventMentionInfo>
    <EventMentionInfo>
      <ID>12</ID>
      <AnchorText>dumped</AnchorText>
      <Type>Occurrence</Type>
      <Position>566</Position>
    </EventMentionInfo>
    <EventMentionInfo>
      <ID>13</ID>
      <AnchorText>discovered</AnchorText>
      <Type>Occurrence</Type>
      <Position>659</Position>
    </EventMentionInfo>
    <EventMentionInfo>
      <ID>14</ID>
      <AnchorText>tip</AnchorText>
      <Type>Occurrence</Type>
      <Position>695</Position>
    </EventMentionInfo>
  </Events>
  <Relations>
    <HierarchyRelationInfo>
      <SuperEventID>1</SuperEventID>
      <SubEventID>3</SubEventID>
      <Type>Coref</Type>
      <Uncertain>false</Uncertain>
      <Transitive>false</Transitive>
    </HierarchyRelationInfo>
    <HierarchyRelationInfo>
      <SuperEventID>5</SuperEventID>
      <SubEventID>6</SubEventID>
      <Type>SuperSub</Type>
      <Uncertain>false</Uncertain>
      <Transitive>false</Transitive>
    </HierarchyRelationInfo>
    <HierarchyRelationInfo>
      <SuperEventID>7</SuperEventID>
      <SubEventID>1</SubEventID>
      <Type>Coref</Type>
      <Uncertain>false</Uncertain>
      <Transitive>false</Transitive>
    </HierarchyRelationInfo>
    <HierarchyRelationInfo>
      <SuperEventID>2</SuperEventID>
      <SubEventID>8</SubEventID>
      <Type>Coref</Type>
      <Uncertain>false</Uncertain>
      <Transitive>false</Transitive>
    </HierarchyRelationInfo>
    <HierarchyRelationInfo>
      <SuperEventID>11</SuperEventID>
      <SubEventID>8</SubEventID>
      <Type>Coref</Type>
      <Uncertain>false</Uncertain>
      <Transitive>false</Transitive>
    </HierarchyRelationInfo>
    <HierarchyRelationInfo>
      <SuperEventID>5</SuperEventID>
      <SubEventID>3</SubEventID>
      <Type>Coref</Type>
      <Uncertain>false</Uncertain>
      <Transitive>false</Transitive>
      <Comment>Suncana, </Comment>
    </HierarchyRelationInfo>
    <HierarchyRelationInfo>
      <SuperEventID>3</SuperEventID>
      <SubEventID>4</SubEventID>
      <Type>SuperSub</Type>
      <Uncertain>false</Uncertain>
      <Transitive>false</Transitive>
      <Comment>Suncana, </Comment>
    </HierarchyRelationInfo>
    <HierarchyRelationInfo>
      <SuperEventID>13</SuperEventID>
      <SubEventID>9</SubEventID>
      <Type>Coref</Type>
      <Uncertain>false</Uncertain>
      <Transitive>false</Transitive>
      <Comment>Suncana, </Comment>
    </HierarchyRelationInfo>
  </Relations>
</ArticleInfo>