<ArticleInfo>
  <Text>Fierce clashes overnight shook the northern port city and sporadic fighting continued on Monday. Machineguns and rocket propelled grenades were used. Tension between the Alawite and Sunni communities in Tripoli has been fuelled by the unrest in neighboring Syria, where Assad is seeking to crush a 14-month-old uprising which began with largely peaceful protests against his rule but has become increasingly militarized. Read the full story. A Sunni Muslim gunman carries a machinegun during clashes at the Sunni Muslim Bab al-Tebbaneh neighbourhood in Tripoli, northern Lebanon, on May 14. Two men were killed and at least 20 were wounded in clashes between Alawite supporters of Syrian President Bashar al-Assad and Sunni Muslim fighters in the Lebanese city of Tripoli, medical sources said on Monday. Fierce clashes overnight shook the northern port city and sporadic fighting continued on Monday morning, with fighters firing machineguns and rocket propelled grenades. </Text>
  <Events>
    <EventMentionInfo>
      <ID>1</ID>
      <AnchorText>clashes</AnchorText>
      <Type>Occurrence</Type>
      <Position>7</Position>
    </EventMentionInfo>
    <EventMentionInfo>
      <ID>2</ID>
      <AnchorText>shook</AnchorText>
      <Type>I_Action</Type>
      <Position>25</Position>
    </EventMentionInfo>
    <EventMentionInfo>
      <ID>3</ID>
      <AnchorText>fighting</AnchorText>
      <Type>Occurrence</Type>
      <Position>67</Position>
    </EventMentionInfo>
    <EventMentionInfo>
      <ID>4</ID>
      <AnchorText>used</AnchorText>
      <Type>Occurrence</Type>
      <Position>144</Position>
    </EventMentionInfo>
    <EventMentionInfo>
      <ID>5</ID>
      <AnchorText>seeking</AnchorText>
      <Type>I_Action</Type>
      <Position>279</Position>
    </EventMentionInfo>
    <EventMentionInfo>
      <ID>6</ID>
      <AnchorText>uprising</AnchorText>
      <Type>Occurrence</Type>
      <Position>311</Position>
    </EventMentionInfo>
    <EventMentionInfo>
      <ID>7</ID>
      <AnchorText>began</AnchorText>
      <Type>I_Action</Type>
      <Position>326</Position>
    </EventMentionInfo>
    <EventMentionInfo>
      <ID>8</ID>
      <AnchorText>protests</AnchorText>
      <Type>Occurrence</Type>
      <Position>354</Position>
    </EventMentionInfo>
    <EventMentionInfo>
      <ID>9</ID>
      <AnchorText>become</AnchorText>
      <Type>StateChange</Type>
      <Position>388</Position>
    </EventMentionInfo>
    <EventMentionInfo>
      <ID>10</ID>
      <AnchorText>carries</AnchorText>
      <Type>Occurrence</Type>
      <Position>464</Position>
    </EventMentionInfo>
    <EventMentionInfo>
      <ID>11</ID>
      <AnchorText>clashes</AnchorText>
      <Type>Occurrence</Type>
      <Position>492</Position>
    </EventMentionInfo>
    <EventMentionInfo>
      <ID>12</ID>
      <AnchorText>killed</AnchorText>
      <Type>Occurrence</Type>
      <Position>604</Position>
    </EventMentionInfo>
    <EventMentionInfo>
      <ID>13</ID>
      <AnchorText>wounded</AnchorText>
      <Type>Occurrence</Type>
      <Position>632</Position>
    </EventMentionInfo>
    <EventMentionInfo>
      <ID>14</ID>
      <AnchorText>clashes</AnchorText>
      <Type>Occurrence</Type>
      <Position>643</Position>
    </EventMentionInfo>
    <EventMentionInfo>
      <ID>15</ID>
      <AnchorText>said</AnchorText>
      <Type>Reporting</Type>
      <Position>789</Position>
    </EventMentionInfo>
    <EventMentionInfo>
      <ID>16</ID>
      <AnchorText>clashes</AnchorText>
      <Type>Occurrence</Type>
      <Position>812</Position>
    </EventMentionInfo>
    <EventMentionInfo>
      <ID>17</ID>
      <AnchorText>shook</AnchorText>
      <Type>I_Action</Type>
      <Position>830</Position>
    </EventMentionInfo>
    <EventMentionInfo>
      <ID>18</ID>
      <AnchorText>fighting</AnchorText>
      <Type>Occurrence</Type>
      <Position>872</Position>
    </EventMentionInfo>
    <EventMentionInfo>
      <ID>19</ID>
      <AnchorText>firing</AnchorText>
      <Type>Occurrence</Type>
      <Position>924</Position>
    </EventMentionInfo>
  </Events>
  <Relations>
    <HierarchyRelationInfo>
      <SuperEventID>6</SuperEventID>
      <SubEventID>8</SubEventID>
      <Type>SuperSub</Type>
      <Uncertain>false</Uncertain>
    </HierarchyRelationInfo>
    <HierarchyRelationInfo>
      <SuperEventID>6</SuperEventID>
      <SubEventID>9</SubEventID>
      <Type>SuperSub</Type>
      <Uncertain>false</Uncertain>
    </HierarchyRelationInfo>
    <HierarchyRelationInfo>
      <SuperEventID>11</SuperEventID>
      <SubEventID>10</SubEventID>
      <Type>SuperSub</Type>
      <Uncertain>false</Uncertain>
    </HierarchyRelationInfo>
    <HierarchyRelationInfo>
      <SuperEventID>14</SuperEventID>
      <SubEventID>11</SubEventID>
      <Type>Coref</Type>
      <Uncertain>false</Uncertain>
    </HierarchyRelationInfo>
    <HierarchyRelationInfo>
      <SuperEventID>14</SuperEventID>
      <SubEventID>13</SubEventID>
      <Type>SuperSub</Type>
      <Uncertain>false</Uncertain>
    </HierarchyRelationInfo>
    <HierarchyRelationInfo>
      <SuperEventID>14</SuperEventID>
      <SubEventID>12</SubEventID>
      <Type>SuperSub</Type>
      <Uncertain>false</Uncertain>
    </HierarchyRelationInfo>
    <HierarchyRelationInfo>
      <SuperEventID>16</SuperEventID>
      <SubEventID>14</SubEventID>
      <Type>Coref</Type>
      <Uncertain>false</Uncertain>
    </HierarchyRelationInfo>
    <HierarchyRelationInfo>
      <SuperEventID>3</SuperEventID>
      <SubEventID>18</SubEventID>
      <Type>Coref</Type>
      <Uncertain>false</Uncertain>
    </HierarchyRelationInfo>
    <HierarchyRelationInfo>
      <SuperEventID>19</SuperEventID>
      <SubEventID>4</SubEventID>
      <Type>Coref</Type>
      <Uncertain>false</Uncertain>
    </HierarchyRelationInfo>
    <HierarchyRelationInfo>
      <SuperEventID>1</SuperEventID>
      <SubEventID>4</SubEventID>
      <Type>SuperSub</Type>
      <Uncertain>false</Uncertain>
    </HierarchyRelationInfo>
    <HierarchyRelationInfo>
      <SuperEventID>1</SuperEventID>
      <SubEventID>11</SubEventID>
      <Type>Coref</Type>
      <Uncertain>false</Uncertain>
    </HierarchyRelationInfo>
  </Relations>
</ArticleInfo>