<ArticleInfo>
  <Text>Syrian security forces stormed student dorms at a northwestern university to break up anti-government protests there, killing at least four students and wounding several others with tear gas and live ammunition, activists and opposition groups said Thursday. Around 1,500 students had been protesting in student quarters next to Aleppo University's main campus late Wednesday when security forces and pro-regime gunmen swept into their residences, firing tear gas at first, then live ammunition to disperse them. Student activist Thaer al-Ahmed said panic and chaos ensued as students tried to flee. "Some students ran to their rooms to take cover but they were followed to their rooms, beaten up and arrested," he said. "Others suffered cuts and broken bones as they tried to flee." Raids and intermittent gunfire continued for about five hours through early Thursday, he said, adding that dozens of people were wounded, some critically, and around 50 students were arrested. Aleppo, Syria's largest city and economic hub, has a population that has remained largely loyal to President Bashar Assad and has been largely spared from the violence that has plagued other Syrian cities. But university students have been staging almost daily protests calling for the fall of Assad's regime. Al-Thaer, a law student, said the campus and dormitories have been raided before, but Thursday's raid was the most violent. The student quarters &#8212; known as the University City &#8212; comprise 20 dormitories next to the university campus. Students there often shouted out anti-Assad slogans from their rooms at night, al-Thaer said. An amateur video showed a large number of security forces apparently storming the dorms Wednesday night. Another showed a students protest earlier Wednesday, during which protesters shouted: "We don't want you, Bashar!" The authenticity of the videos could not be confirmed. The Local Coordination Committees activist group said five students were killed and some 200 arrested in the raids, while the British-based Syrian Observatory for Human Rights put the death toll at four. The Syrian government has prevented independent reporting in the country, making it impossible to independently verify casualty figures. "Regime forces demanded through loudspeakers that the dorms be evacuated, then began detaining the students," the LCC said in a statement. Syria's persistent bloodshed has tarnished efforts by a U.N. team of observers to salvage a truce brokered by U.N. special envoy Kofi Annan that started to unravel almost as soon as it was supposed to begin on April 12. The two sides have blamed each other for thwarting the truce, with Assad's forces trying to repress demonstrators calling for him to step down and an armed rebellion that has sprung up as peaceful protests have proved ineffective against his forces. The U.N. says 9,000 people have died since the uprising began in March 2011. Despite the violence, the international community still sees the peace plan as the last chance to prevent Syria from falling into civil war &#8212; in part because no country wants to intervene militarily. The head of the U.N. observers, Norwegian Maj. Gen. Robert Mood, visited the central cities of Homs and Hama, where anti-regime sentiment runs high, on Thursday. </Text>
  <Events>
    <EventMentionInfo>
      <ID>1</ID>
      <AnchorText>stormed</AnchorText>
      <Type>I_Action</Type>
      <Position>23</Position>
    </EventMentionInfo>
    <EventMentionInfo>
      <ID>2</ID>
      <AnchorText>break</AnchorText>
      <Type>I_Action</Type>
      <Position>77</Position>
    </EventMentionInfo>
    <EventMentionInfo>
      <ID>3</ID>
      <AnchorText>protests</AnchorText>
      <Type>Occurrence</Type>
      <Position>102</Position>
    </EventMentionInfo>
    <EventMentionInfo>
      <ID>4</ID>
      <AnchorText>killing</AnchorText>
      <Type>Occurrence</Type>
      <Position>118</Position>
    </EventMentionInfo>
    <EventMentionInfo>
      <ID>5</ID>
      <AnchorText>wounding</AnchorText>
      <Type>Occurrence</Type>
      <Position>153</Position>
    </EventMentionInfo>
    <EventMentionInfo>
      <ID>6</ID>
      <AnchorText>said</AnchorText>
      <Type>Reporting</Type>
      <Position>244</Position>
    </EventMentionInfo>
    <EventMentionInfo>
      <ID>7</ID>
      <AnchorText>protesting</AnchorText>
      <Type>Occurrence</Type>
      <Position>290</Position>
    </EventMentionInfo>
    <EventMentionInfo>
      <ID>8</ID>
      <AnchorText>swept</AnchorText>
      <Type>Occurrence</Type>
      <Position>419</Position>
    </EventMentionInfo>
    <EventMentionInfo>
      <ID>9</ID>
      <AnchorText>firing</AnchorText>
      <Type>I_Action</Type>
      <Position>448</Position>
    </EventMentionInfo>
    <EventMentionInfo>
      <ID>10</ID>
      <AnchorText>disperse</AnchorText>
      <Type>Occurrence</Type>
      <Position>498</Position>
    </EventMentionInfo>
    <EventMentionInfo>
      <ID>11</ID>
      <AnchorText>said</AnchorText>
      <Type>Reporting</Type>
      <Position>545</Position>
    </EventMentionInfo>
    <EventMentionInfo>
      <ID>12</ID>
      <AnchorText>chaos</AnchorText>
      <Type>Occurrence</Type>
      <Position>560</Position>
    </EventMentionInfo>
    <EventMentionInfo>
      <ID>13</ID>
      <AnchorText>ensued</AnchorText>
      <Type>Occurrence</Type>
      <Position>566</Position>
    </EventMentionInfo>
    <EventMentionInfo>
      <ID>14</ID>
      <AnchorText>tried</AnchorText>
      <Type>I_Action</Type>
      <Position>585</Position>
    </EventMentionInfo>
    <EventMentionInfo>
      <ID>15</ID>
      <AnchorText>ran</AnchorText>
      <Type>I_Action</Type>
      <Position>615</Position>
    </EventMentionInfo>
    <EventMentionInfo>
      <ID>16</ID>
      <AnchorText>followed</AnchorText>
      <Type>Occurrence</Type>
      <Position>662</Position>
    </EventMentionInfo>
    <EventMentionInfo>
      <ID>17</ID>
      <AnchorText>beaten</AnchorText>
      <Type>Occurrence</Type>
      <Position>687</Position>
    </EventMentionInfo>
    <EventMentionInfo>
      <ID>18</ID>
      <AnchorText>arrested</AnchorText>
      <Type>Occurrence</Type>
      <Position>701</Position>
    </EventMentionInfo>
    <EventMentionInfo>
      <ID>19</ID>
      <AnchorText>said</AnchorText>
      <Type>Reporting</Type>
      <Position>715</Position>
    </EventMentionInfo>
    <EventMentionInfo>
      <ID>20</ID>
      <AnchorText>suffered</AnchorText>
      <Type>I_Action</Type>
      <Position>729</Position>
    </EventMentionInfo>
    <EventMentionInfo>
      <ID>21</ID>
      <AnchorText>cuts</AnchorText>
      <Type>Occurrence</Type>
      <Position>738</Position>
    </EventMentionInfo>
    <EventMentionInfo>
      <ID>22</ID>
      <AnchorText>broken</AnchorText>
      <Type>Occurrence</Type>
      <Position>747</Position>
    </EventMentionInfo>
    <EventMentionInfo>
      <ID>23</ID>
      <AnchorText>tried</AnchorText>
      <Type>I_Action</Type>
      <Position>768</Position>
    </EventMentionInfo>
    <EventMentionInfo>
      <ID>24</ID>
      <AnchorText>Raids</AnchorText>
      <Type>HalfGeneric</Type>
      <Position>784</Position>
    </EventMentionInfo>
    <EventMentionInfo>
      <ID>25</ID>
      <AnchorText>gunfire</AnchorText>
      <Type>HalfGeneric</Type>
      <Position>807</Position>
    </EventMentionInfo>
    <EventMentionInfo>
      <ID>26</ID>
      <AnchorText>said</AnchorText>
      <Type>Reporting</Type>
      <Position>873</Position>
    </EventMentionInfo>
    <EventMentionInfo>
      <ID>27</ID>
      <AnchorText>adding</AnchorText>
      <Type>Reporting</Type>
      <Position>879</Position>
    </EventMentionInfo>
    <EventMentionInfo>
      <ID>28</ID>
      <AnchorText>wounded</AnchorText>
      <Type>Occurrence</Type>
      <Position>913</Position>
    </EventMentionInfo>
    <EventMentionInfo>
      <ID>29</ID>
      <AnchorText>arrested</AnchorText>
      <Type>Occurrence</Type>
      <Position>967</Position>
    </EventMentionInfo>
    <EventMentionInfo>
      <ID>30</ID>
      <AnchorText>staging</AnchorText>
      <Type>I_Action</Type>
      <Position>1217</Position>
    </EventMentionInfo>
    <EventMentionInfo>
      <ID>31</ID>
      <AnchorText>protests</AnchorText>
      <Type>I_Action</Type>
      <Position>1238</Position>
    </EventMentionInfo>
    <EventMentionInfo>
      <ID>32</ID>
      <AnchorText>calling</AnchorText>
      <Type>I_Action</Type>
      <Position>1247</Position>
    </EventMentionInfo>
    <EventMentionInfo>
      <ID>33</ID>
      <AnchorText>said</AnchorText>
      <Type>Reporting</Type>
      <Position>1312</Position>
    </EventMentionInfo>
    <EventMentionInfo>
      <ID>34</ID>
      <AnchorText>raided</AnchorText>
      <Type>HalfGeneric</Type>
      <Position>1354</Position>
    </EventMentionInfo>
    <EventMentionInfo>
      <ID>35</ID>
      <AnchorText>raid</AnchorText>
      <Type>Occurrence</Type>
      <Position>1384</Position>
    </EventMentionInfo>
    <EventMentionInfo>
      <ID>36</ID>
      <AnchorText>shouted</AnchorText>
      <Type>HalfGeneric</Type>
      <Position>1541</Position>
    </EventMentionInfo>
    <EventMentionInfo>
      <ID>37</ID>
      <AnchorText>said</AnchorText>
      <Type>Reporting</Type>
      <Position>1608</Position>
    </EventMentionInfo>
    <EventMentionInfo>
      <ID>38</ID>
      <AnchorText>showed</AnchorText>
      <Type>Occurrence</Type>
      <Position>1631</Position>
    </EventMentionInfo>
    <EventMentionInfo>
      <ID>39</ID>
      <AnchorText>storming</AnchorText>
      <Type>Occurrence</Type>
      <Position>1683</Position>
    </EventMentionInfo>
    <EventMentionInfo>
      <ID>40</ID>
      <AnchorText>showed</AnchorText>
      <Type>Occurrence</Type>
      <Position>1727</Position>
    </EventMentionInfo>
    <EventMentionInfo>
      <ID>41</ID>
      <AnchorText>protest</AnchorText>
      <Type>Occurrence</Type>
      <Position>1745</Position>
    </EventMentionInfo>
    <EventMentionInfo>
      <ID>42</ID>
      <AnchorText>shouted</AnchorText>
      <Type>Occurrence</Type>
      <Position>1796</Position>
    </EventMentionInfo>
    <EventMentionInfo>
      <ID>43</ID>
      <AnchorText>said</AnchorText>
      <Type>Reporting</Type>
      <Position>1938</Position>
    </EventMentionInfo>
    <EventMentionInfo>
      <ID>44</ID>
      <AnchorText>killed</AnchorText>
      <Type>Occurrence</Type>
      <Position>1962</Position>
    </EventMentionInfo>
    <EventMentionInfo>
      <ID>45</ID>
      <AnchorText>arrested</AnchorText>
      <Type>Occurrence</Type>
      <Position>1982</Position>
    </EventMentionInfo>
    <EventMentionInfo>
      <ID>46</ID>
      <AnchorText>raids</AnchorText>
      <Type>Occurrence</Type>
      <Position>1998</Position>
    </EventMentionInfo>
    <EventMentionInfo>
      <ID>47</ID>
      <AnchorText>put</AnchorText>
      <Type>Reporting</Type>
      <Position>2065</Position>
    </EventMentionInfo>
    <EventMentionInfo>
      <ID>48</ID>
      <AnchorText>prevented</AnchorText>
      <Type>I_Action</Type>
      <Position>2119</Position>
    </EventMentionInfo>
    <EventMentionInfo>
      <ID>49</ID>
      <AnchorText>making</AnchorText>
      <Type>I_Action</Type>
      <Position>2167</Position>
    </EventMentionInfo>
    <EventMentionInfo>
      <ID>50</ID>
      <AnchorText>demanded</AnchorText>
      <Type>I_Action</Type>
      <Position>2245</Position>
    </EventMentionInfo>
    <EventMentionInfo>
      <ID>51</ID>
      <AnchorText>detaining</AnchorText>
      <Type>Occurrence</Type>
      <Position>2315</Position>
    </EventMentionInfo>
    <EventMentionInfo>
      <ID>52</ID>
      <AnchorText>said</AnchorText>
      <Type>Reporting</Type>
      <Position>2348</Position>
    </EventMentionInfo>
    <EventMentionInfo>
      <ID>53</ID>
      <AnchorText>bloodshed</AnchorText>
      <Type>I_Action</Type>
      <Position>2388</Position>
    </EventMentionInfo>
    <EventMentionInfo>
      <ID>54</ID>
      <AnchorText>tarnished</AnchorText>
      <Type>I_Action</Type>
      <Position>2402</Position>
    </EventMentionInfo>
    <EventMentionInfo>
      <ID>55</ID>
      <AnchorText>efforts</AnchorText>
      <Type>I_Action</Type>
      <Position>2412</Position>
    </EventMentionInfo>
    <EventMentionInfo>
      <ID>56</ID>
      <AnchorText>truce</AnchorText>
      <Type>I_Action</Type>
      <Position>2461</Position>
    </EventMentionInfo>
    <EventMentionInfo>
      <ID>57</ID>
      <AnchorText>brokered</AnchorText>
      <Type>Occurrence</Type>
      <Position>2467</Position>
    </EventMentionInfo>
    <EventMentionInfo>
      <ID>58</ID>
      <AnchorText>started</AnchorText>
      <Type>I_Action</Type>
      <Position>2514</Position>
    </EventMentionInfo>
    <EventMentionInfo>
      <ID>59</ID>
      <AnchorText>unravel</AnchorText>
      <Type>Occurrence</Type>
      <Position>2525</Position>
    </EventMentionInfo>
    <EventMentionInfo>
      <ID>60</ID>
      <AnchorText>blamed</AnchorText>
      <Type>Occurrence</Type>
      <Position>2608</Position>
    </EventMentionInfo>
    <EventMentionInfo>
      <ID>61</ID>
      <AnchorText>thwarting</AnchorText>
      <Type>I_Action</Type>
      <Position>2630</Position>
    </EventMentionInfo>
    <EventMentionInfo>
      <ID>62</ID>
      <AnchorText>truce</AnchorText>
      <Type>Occurrence</Type>
      <Position>2644</Position>
    </EventMentionInfo>
    <EventMentionInfo>
      <ID>63</ID>
      <AnchorText>trying</AnchorText>
      <Type>I_Action</Type>
      <Position>2671</Position>
    </EventMentionInfo>
    <EventMentionInfo>
      <ID>64</ID>
      <AnchorText>calling</AnchorText>
      <Type>I_Action</Type>
      <Position>2703</Position>
    </EventMentionInfo>
    <EventMentionInfo>
      <ID>65</ID>
      <AnchorText>rebellion</AnchorText>
      <Type>Occurrence</Type>
      <Position>2745</Position>
    </EventMentionInfo>
    <EventMentionInfo>
      <ID>66</ID>
      <AnchorText>sprung</AnchorText>
      <Type>I_Action</Type>
      <Position>2764</Position>
    </EventMentionInfo>
    <EventMentionInfo>
      <ID>67</ID>
      <AnchorText>protests</AnchorText>
      <Type>HalfGeneric</Type>
      <Position>2786</Position>
    </EventMentionInfo>
    <EventMentionInfo>
      <ID>68</ID>
      <AnchorText>says</AnchorText>
      <Type>Reporting</Type>
      <Position>2848</Position>
    </EventMentionInfo>
    <EventMentionInfo>
      <ID>69</ID>
      <AnchorText>died</AnchorText>
      <Type>Occurrence</Type>
      <Position>2871</Position>
    </EventMentionInfo>
    <EventMentionInfo>
      <ID>70</ID>
      <AnchorText>uprising</AnchorText>
      <Type>Occurrence</Type>
      <Position>2886</Position>
    </EventMentionInfo>
    <EventMentionInfo>
      <ID>71</ID>
      <AnchorText>began</AnchorText>
      <Type>I_Action</Type>
      <Position>2895</Position>
    </EventMentionInfo>
    <EventMentionInfo>
      <ID>72</ID>
      <AnchorText>violence</AnchorText>
      <Type>Occurrence</Type>
      <Position>2928</Position>
    </EventMentionInfo>
    <EventMentionInfo>
      <ID>73</ID>
      <AnchorText>sees</AnchorText>
      <Type>Perception</Type>
      <Position>2972</Position>
    </EventMentionInfo>
    <EventMentionInfo>
      <ID>74</ID>
      <AnchorText>visited</AnchorText>
      <Type>Occurrence</Type>
      <Position>3181</Position>
    </EventMentionInfo>
  </Events>
  <Relations>
    <HierarchyRelationInfo>
      <SuperEventID>35</SuperEventID>
      <SubEventID>4</SubEventID>
      <Type>SuperSub</Type>
      <Uncertain>false</Uncertain>
      <Transitive>false</Transitive>
    </HierarchyRelationInfo>
    <HierarchyRelationInfo>
      <SuperEventID>35</SuperEventID>
      <SubEventID>5</SubEventID>
      <Type>SuperSub</Type>
      <Uncertain>false</Uncertain>
      <Transitive>false</Transitive>
    </HierarchyRelationInfo>
    <HierarchyRelationInfo>
      <SuperEventID>35</SuperEventID>
      <SubEventID>8</SubEventID>
      <Type>SuperSub</Type>
      <Uncertain>false</Uncertain>
      <Transitive>false</Transitive>
    </HierarchyRelationInfo>
    <HierarchyRelationInfo>
      <SuperEventID>7</SuperEventID>
      <SubEventID>3</SubEventID>
      <Type>Coref</Type>
      <Uncertain>false</Uncertain>
      <Transitive>false</Transitive>
    </HierarchyRelationInfo>
    <HierarchyRelationInfo>
      <SuperEventID>35</SuperEventID>
      <SubEventID>10</SubEventID>
      <Type>SuperSub</Type>
      <Uncertain>false</Uncertain>
      <Transitive>false</Transitive>
    </HierarchyRelationInfo>
    <HierarchyRelationInfo>
      <SuperEventID>35</SuperEventID>
      <SubEventID>12</SubEventID>
      <Type>SuperSub</Type>
      <Uncertain>false</Uncertain>
      <Transitive>false</Transitive>
    </HierarchyRelationInfo>
    <HierarchyRelationInfo>
      <SuperEventID>35</SuperEventID>
      <SubEventID>16</SubEventID>
      <Type>SuperSub</Type>
      <Uncertain>false</Uncertain>
      <Transitive>false</Transitive>
    </HierarchyRelationInfo>
    <HierarchyRelationInfo>
      <SuperEventID>35</SuperEventID>
      <SubEventID>17</SubEventID>
      <Type>SuperSub</Type>
      <Uncertain>false</Uncertain>
      <Transitive>false</Transitive>
    </HierarchyRelationInfo>
    <HierarchyRelationInfo>
      <SuperEventID>35</SuperEventID>
      <SubEventID>18</SubEventID>
      <Type>SuperSub</Type>
      <Uncertain>false</Uncertain>
      <Transitive>false</Transitive>
    </HierarchyRelationInfo>
    <HierarchyRelationInfo>
      <SuperEventID>35</SuperEventID>
      <SubEventID>21</SubEventID>
      <Type>SuperSub</Type>
      <Uncertain>false</Uncertain>
      <Transitive>false</Transitive>
    </HierarchyRelationInfo>
    <HierarchyRelationInfo>
      <SuperEventID>35</SuperEventID>
      <SubEventID>22</SubEventID>
      <Type>SuperSub</Type>
      <Uncertain>false</Uncertain>
      <Transitive>false</Transitive>
    </HierarchyRelationInfo>
    <HierarchyRelationInfo>
      <SuperEventID>35</SuperEventID>
      <SubEventID>24</SubEventID>
      <Type>SuperSub</Type>
      <Uncertain>false</Uncertain>
      <Transitive>false</Transitive>
    </HierarchyRelationInfo>
    <HierarchyRelationInfo>
      <SuperEventID>35</SuperEventID>
      <SubEventID>25</SubEventID>
      <Type>SuperSub</Type>
      <Uncertain>false</Uncertain>
      <Transitive>false</Transitive>
    </HierarchyRelationInfo>
    <HierarchyRelationInfo>
      <SuperEventID>35</SuperEventID>
      <SubEventID>28</SubEventID>
      <Type>SuperSub</Type>
      <Uncertain>false</Uncertain>
      <Transitive>false</Transitive>
    </HierarchyRelationInfo>
    <HierarchyRelationInfo>
      <SuperEventID>35</SuperEventID>
      <SubEventID>29</SubEventID>
      <Type>SuperSub</Type>
      <Uncertain>false</Uncertain>
      <Transitive>false</Transitive>
    </HierarchyRelationInfo>
    <HierarchyRelationInfo>
      <SuperEventID>39</SuperEventID>
      <SubEventID>8</SubEventID>
      <Type>Coref</Type>
      <Uncertain>false</Uncertain>
      <Transitive>false</Transitive>
    </HierarchyRelationInfo>
    <HierarchyRelationInfo>
      <SuperEventID>41</SuperEventID>
      <SubEventID>42</SubEventID>
      <Type>SuperSub</Type>
      <Uncertain>false</Uncertain>
      <Transitive>false</Transitive>
    </HierarchyRelationInfo>
    <HierarchyRelationInfo>
      <SuperEventID>44</SuperEventID>
      <SubEventID>4</SubEventID>
      <Type>Coref</Type>
      <Uncertain>false</Uncertain>
      <Transitive>false</Transitive>
    </HierarchyRelationInfo>
    <HierarchyRelationInfo>
      <SuperEventID>45</SuperEventID>
      <SubEventID>29</SubEventID>
      <Type>Coref</Type>
      <Uncertain>false</Uncertain>
      <Transitive>false</Transitive>
    </HierarchyRelationInfo>
    <HierarchyRelationInfo>
      <SuperEventID>46</SuperEventID>
      <SubEventID>35</SubEventID>
      <Type>Coref</Type>
      <Uncertain>false</Uncertain>
      <Transitive>false</Transitive>
    </HierarchyRelationInfo>
    <HierarchyRelationInfo>
      <SuperEventID>70</SuperEventID>
      <SubEventID>69</SubEventID>
      <Type>SuperSub</Type>
      <Uncertain>false</Uncertain>
      <Transitive>false</Transitive>
    </HierarchyRelationInfo>
    <HierarchyRelationInfo>
      <SuperEventID>70</SuperEventID>
      <SubEventID>72</SubEventID>
      <Type>SuperSub</Type>
      <Uncertain>false</Uncertain>
      <Transitive>false</Transitive>
    </HierarchyRelationInfo>
    <HierarchyRelationInfo>
      <SuperEventID>65</SuperEventID>
      <SubEventID>72</SubEventID>
      <Type>SuperSub</Type>
      <Uncertain>false</Uncertain>
      <Transitive>false</Transitive>
      <Comment>Maja, </Comment>
    </HierarchyRelationInfo>
    <HierarchyRelationInfo>
      <SuperEventID>29</SuperEventID>
      <SubEventID>18</SubEventID>
      <Type>Coref</Type>
      <Uncertain>false</Uncertain>
      <Transitive>false</Transitive>
      <Comment>Suncana, </Comment>
    </HierarchyRelationInfo>
    <HierarchyRelationInfo>
      <SuperEventID>12</SuperEventID>
      <SubEventID>16</SubEventID>
      <Type>SuperSub</Type>
      <Uncertain>false</Uncertain>
      <Transitive>false</Transitive>
      <Comment>Suncana, </Comment>
    </HierarchyRelationInfo>
    <HierarchyRelationInfo>
      <SuperEventID>12</SuperEventID>
      <SubEventID>18</SubEventID>
      <Type>SuperSub</Type>
      <Uncertain>false</Uncertain>
      <Transitive>false</Transitive>
      <Comment>Suncana, </Comment>
    </HierarchyRelationInfo>
    <HierarchyRelationInfo>
      <SuperEventID>12</SuperEventID>
      <SubEventID>28</SubEventID>
      <Type>SuperSub</Type>
      <Uncertain>false</Uncertain>
      <Transitive>false</Transitive>
      <Comment>Suncana, </Comment>
    </HierarchyRelationInfo>
    <HierarchyRelationInfo>
      <SuperEventID>51</SuperEventID>
      <SubEventID>45</SubEventID>
      <Type>Coref</Type>
      <Uncertain>false</Uncertain>
      <Transitive>false</Transitive>
      <Comment>Suncana, </Comment>
    </HierarchyRelationInfo>
    <HierarchyRelationInfo>
      <SuperEventID>67</SuperEventID>
      <SubEventID>3</SubEventID>
      <Type>SuperSub</Type>
      <Uncertain>false</Uncertain>
      <Transitive>false</Transitive>
      <Comment>Suncana, </Comment>
    </HierarchyRelationInfo>
    <HierarchyRelationInfo>
      <SuperEventID>70</SuperEventID>
      <SubEventID>67</SubEventID>
      <Type>SuperSub</Type>
      <Uncertain>false</Uncertain>
      <Transitive>false</Transitive>
      <Comment>Suncana, </Comment>
    </HierarchyRelationInfo>
    <HierarchyRelationInfo>
      <SuperEventID>70</SuperEventID>
      <SubEventID>62</SubEventID>
      <Type>SuperSub</Type>
      <Uncertain>false</Uncertain>
      <Transitive>false</Transitive>
      <Comment>Suncana, </Comment>
    </HierarchyRelationInfo>
    <HierarchyRelationInfo>
      <SuperEventID>70</SuperEventID>
      <SubEventID>65</SubEventID>
      <Type>SuperSub</Type>
      <Uncertain>false</Uncertain>
      <Transitive>false</Transitive>
      <Comment>Suncana, </Comment>
    </HierarchyRelationInfo>
    <HierarchyRelationInfo>
      <SuperEventID>70</SuperEventID>
      <SubEventID>57</SubEventID>
      <Type>SuperSub</Type>
      <Uncertain>false</Uncertain>
      <Transitive>false</Transitive>
      <Comment>Suncana, </Comment>
    </HierarchyRelationInfo>
    <HierarchyRelationInfo>
      <SuperEventID>70</SuperEventID>
      <SubEventID>74</SubEventID>
      <Type>SuperSub</Type>
      <Uncertain>false</Uncertain>
      <Transitive>false</Transitive>
      <Comment>Suncana, </Comment>
    </HierarchyRelationInfo>
  </Relations>
</ArticleInfo>