<ArticleInfo>
  <Text>Two Italian marines accused of killing two Indian fishermen will be tried according to Indian law, deputy foreign minister Preneet Kaur has said. She spoke after talks with her Italian counterpart Steffan de Mistura. The two marines were on board an Italian oil tanker off southern India. Italy says as the incident took place in international waters the men should be tried in Italy. Officials say the fishing boat was behaving aggressively and was mistaken for a pirate vessel. Italian officials have asked the High Court in the state of Kerala to throw out the murder charges against the two marines. The marines were detained on Sunday and remanded in custody for two weeks as the murder investigation against them continues. "As far as the law point is concerned," Ms Kaur said, "they have their interpretations and we have our interpretations. "As of today, the two people [Italian marines] are on Indian soil and tomorrow the Indian court is going to decide what steps are to be taken further," she said. "So far as we are concerned in India, we certainly will go by our law." Mr Mistura expressed his regret over the two Indian fishermen's deaths, but said there were legal points that needed to be clarified, including the exact position of the ship when the two men died. "We do acknowledge that two Indian citizens died... and we are terribly sad. The second one is that is that the incident took place in international waters and at the same time the investigations will assert the exact position," he said. "We all want the truth," he added. Italy's defence ministry has said the fishing boat was behaving aggressively and ignored warning shots fired from the Italian oil tanker. They said they opened fire after mistaking the fishermen for pirates. India said the fishermen were unarmed. The incident took place off the coast of Kerala last Wednesday. It sparked a major diplomatic row between the two countries. The Italian foreign ministry has said Foreign Minister Giulio Terzi will also visit Delhi next week to discuss the issue. A delegation of experts from Italy's foreign, defence and justice ministries has already visited Delhi to discuss the case with Indian officials, but the two sides have so far been unable to resolve their differences. The Italian foreign ministry also said that Indian police had taken "coercive" and "unilateral" action on Sunday when they escorted the two marines off the oil tanker where they were deployed as security guards and arrested them, news agency AFP reported. Italy insists that its personnel cannot be charged under Indian law. It says the marines have immunity as the tanker was flying an Italian flag and was in international waters when the incident happened. The marines have been identified as Massimiliano Latorre and Salvatore Girone. The Enrica Lexie was on its way from Singapore to Egypt, with a crew of 34, including 19 Indians. </Text>
  <Events>
    <EventMentionInfo>
      <ID>1</ID>
      <AnchorText>accused</AnchorText>
      <Type>I_Action</Type>
      <Position>20</Position>
    </EventMentionInfo>
    <EventMentionInfo>
      <ID>2</ID>
      <AnchorText>killing</AnchorText>
      <Type>Occurrence</Type>
      <Position>31</Position>
    </EventMentionInfo>
    <EventMentionInfo>
      <ID>3</ID>
      <AnchorText>said</AnchorText>
      <Type>Reporting</Type>
      <Position>140</Position>
    </EventMentionInfo>
    <EventMentionInfo>
      <ID>4</ID>
      <AnchorText>spoke</AnchorText>
      <Type>Reporting</Type>
      <Position>150</Position>
    </EventMentionInfo>
    <EventMentionInfo>
      <ID>5</ID>
      <AnchorText>talks</AnchorText>
      <Type>Occurrence</Type>
      <Position>162</Position>
    </EventMentionInfo>
    <EventMentionInfo>
      <ID>6</ID>
      <AnchorText>says</AnchorText>
      <Type>Reporting</Type>
      <Position>295</Position>
    </EventMentionInfo>
    <EventMentionInfo>
      <ID>7</ID>
      <AnchorText>incident</AnchorText>
      <Type>Occurrence</Type>
      <Position>307</Position>
    </EventMentionInfo>
    <EventMentionInfo>
      <ID>8</ID>
      <AnchorText>took</AnchorText>
      <Type>I_Action</Type>
      <Position>316</Position>
    </EventMentionInfo>
    <EventMentionInfo>
      <ID>9</ID>
      <AnchorText>say</AnchorText>
      <Type>Reporting</Type>
      <Position>395</Position>
    </EventMentionInfo>
    <EventMentionInfo>
      <ID>10</ID>
      <AnchorText>behaving</AnchorText>
      <Type>Occurrence</Type>
      <Position>420</Position>
    </EventMentionInfo>
    <EventMentionInfo>
      <ID>11</ID>
      <AnchorText>mistaken</AnchorText>
      <Type>Occurrence</Type>
      <Position>450</Position>
    </EventMentionInfo>
    <EventMentionInfo>
      <ID>12</ID>
      <AnchorText>asked</AnchorText>
      <Type>I_Action</Type>
      <Position>503</Position>
    </EventMentionInfo>
    <EventMentionInfo>
      <ID>13</ID>
      <AnchorText>detained</AnchorText>
      <Type>Occurrence</Type>
      <Position>621</Position>
    </EventMentionInfo>
    <EventMentionInfo>
      <ID>14</ID>
      <AnchorText>remanded</AnchorText>
      <Type>Occurrence</Type>
      <Position>644</Position>
    </EventMentionInfo>
    <EventMentionInfo>
      <ID>15</ID>
      <AnchorText>investigation</AnchorText>
      <Type>Occurrence</Type>
      <Position>692</Position>
    </EventMentionInfo>
    <EventMentionInfo>
      <ID>16</ID>
      <AnchorText>said</AnchorText>
      <Type>Reporting</Type>
      <Position>778</Position>
    </EventMentionInfo>
    <EventMentionInfo>
      <ID>17</ID>
      <AnchorText>said</AnchorText>
      <Type>Reporting</Type>
      <Position>1006</Position>
    </EventMentionInfo>
    <EventMentionInfo>
      <ID>18</ID>
      <AnchorText>expressed</AnchorText>
      <Type>Reporting</Type>
      <Position>1095</Position>
    </EventMentionInfo>
    <EventMentionInfo>
      <ID>19</ID>
      <AnchorText>deaths</AnchorText>
      <Type>Occurrence</Type>
      <Position>1148</Position>
    </EventMentionInfo>
    <EventMentionInfo>
      <ID>20</ID>
      <AnchorText>said</AnchorText>
      <Type>Reporting</Type>
      <Position>1160</Position>
    </EventMentionInfo>
    <EventMentionInfo>
      <ID>21</ID>
      <AnchorText>died</AnchorText>
      <Type>Occurrence</Type>
      <Position>1276</Position>
    </EventMentionInfo>
    <EventMentionInfo>
      <ID>22</ID>
      <AnchorText>acknowledge</AnchorText>
      <Type>Occurrence</Type>
      <Position>1289</Position>
    </EventMentionInfo>
    <EventMentionInfo>
      <ID>23</ID>
      <AnchorText>died</AnchorText>
      <Type>Occurrence</Type>
      <Position>1326</Position>
    </EventMentionInfo>
    <EventMentionInfo>
      <ID>24</ID>
      <AnchorText>incident</AnchorText>
      <Type>Occurrence</Type>
      <Position>1394</Position>
    </EventMentionInfo>
    <EventMentionInfo>
      <ID>25</ID>
      <AnchorText>took</AnchorText>
      <Type>I_Action</Type>
      <Position>1403</Position>
    </EventMentionInfo>
    <EventMentionInfo>
      <ID>26</ID>
      <AnchorText>investigations</AnchorText>
      <Type>Occurrence</Type>
      <Position>1463</Position>
    </EventMentionInfo>
    <EventMentionInfo>
      <ID>27</ID>
      <AnchorText>said</AnchorText>
      <Type>Reporting</Type>
      <Position>1514</Position>
    </EventMentionInfo>
    <EventMentionInfo>
      <ID>28</ID>
      <AnchorText>added</AnchorText>
      <Type>Reporting</Type>
      <Position>1548</Position>
    </EventMentionInfo>
    <EventMentionInfo>
      <ID>29</ID>
      <AnchorText>said</AnchorText>
      <Type>Reporting</Type>
      <Position>1584</Position>
    </EventMentionInfo>
    <EventMentionInfo>
      <ID>30</ID>
      <AnchorText>behaving</AnchorText>
      <Type>Occurrence</Type>
      <Position>1610</Position>
    </EventMentionInfo>
    <EventMentionInfo>
      <ID>31</ID>
      <AnchorText>ignored</AnchorText>
      <Type>I_Action</Type>
      <Position>1636</Position>
    </EventMentionInfo>
    <EventMentionInfo>
      <ID>32</ID>
      <AnchorText>fired</AnchorText>
      <Type>I_Action</Type>
      <Position>1658</Position>
    </EventMentionInfo>
    <EventMentionInfo>
      <ID>33</ID>
      <AnchorText>said</AnchorText>
      <Type>Reporting</Type>
      <Position>1698</Position>
    </EventMentionInfo>
    <EventMentionInfo>
      <ID>34</ID>
      <AnchorText>opened</AnchorText>
      <Type>I_Action</Type>
      <Position>1708</Position>
    </EventMentionInfo>
    <EventMentionInfo>
      <ID>35</ID>
      <AnchorText>fire</AnchorText>
      <Type>Occurrence</Type>
      <Position>1715</Position>
    </EventMentionInfo>
    <EventMentionInfo>
      <ID>36</ID>
      <AnchorText>mistaking</AnchorText>
      <Type>Occurrence</Type>
      <Position>1726</Position>
    </EventMentionInfo>
    <EventMentionInfo>
      <ID>37</ID>
      <AnchorText>said</AnchorText>
      <Type>Reporting</Type>
      <Position>1769</Position>
    </EventMentionInfo>
    <EventMentionInfo>
      <ID>38</ID>
      <AnchorText>incident</AnchorText>
      <Type>Occurrence</Type>
      <Position>1806</Position>
    </EventMentionInfo>
    <EventMentionInfo>
      <ID>39</ID>
      <AnchorText>took</AnchorText>
      <Type>Occurrence</Type>
      <Position>1815</Position>
    </EventMentionInfo>
    <EventMentionInfo>
      <ID>40</ID>
      <AnchorText>sparked</AnchorText>
      <Type>I_Action</Type>
      <Position>1869</Position>
    </EventMentionInfo>
    <EventMentionInfo>
      <ID>41</ID>
      <AnchorText>row</AnchorText>
      <Type>Occurrence</Type>
      <Position>1896</Position>
    </EventMentionInfo>
    <EventMentionInfo>
      <ID>42</ID>
      <AnchorText>said</AnchorText>
      <Type>Reporting</Type>
      <Position>1960</Position>
    </EventMentionInfo>
    <EventMentionInfo>
      <ID>43</ID>
      <AnchorText>visited</AnchorText>
      <Type>I_Action</Type>
      <Position>2138</Position>
    </EventMentionInfo>
    <EventMentionInfo>
      <ID>44</ID>
      <AnchorText>discuss</AnchorText>
      <Type>Occurrence</Type>
      <Position>2155</Position>
    </EventMentionInfo>
    <EventMentionInfo>
      <ID>45</ID>
      <AnchorText>said</AnchorText>
      <Type>Reporting</Type>
      <Position>2301</Position>
    </EventMentionInfo>
    <EventMentionInfo>
      <ID>46</ID>
      <AnchorText>taken</AnchorText>
      <Type>I_Action</Type>
      <Position>2329</Position>
    </EventMentionInfo>
    <EventMentionInfo>
      <ID>47</ID>
      <AnchorText>action</AnchorText>
      <Type>Occurrence</Type>
      <Position>2363</Position>
    </EventMentionInfo>
    <EventMentionInfo>
      <ID>48</ID>
      <AnchorText>escorted</AnchorText>
      <Type>Occurrence</Type>
      <Position>2390</Position>
    </EventMentionInfo>
    <EventMentionInfo>
      <ID>49</ID>
      <AnchorText>deployed</AnchorText>
      <Type>Occurrence</Type>
      <Position>2450</Position>
    </EventMentionInfo>
    <EventMentionInfo>
      <ID>50</ID>
      <AnchorText>arrested</AnchorText>
      <Type>Occurrence</Type>
      <Position>2482</Position>
    </EventMentionInfo>
    <EventMentionInfo>
      <ID>51</ID>
      <AnchorText>reported</AnchorText>
      <Type>Reporting</Type>
      <Position>2513</Position>
    </EventMentionInfo>
    <EventMentionInfo>
      <ID>52</ID>
      <AnchorText>insists</AnchorText>
      <Type>Reporting</Type>
      <Position>2529</Position>
    </EventMentionInfo>
    <EventMentionInfo>
      <ID>53</ID>
      <AnchorText>says</AnchorText>
      <Type>Reporting</Type>
      <Position>2595</Position>
    </EventMentionInfo>
    <EventMentionInfo>
      <ID>54</ID>
      <AnchorText>flying</AnchorText>
      <Type>Occurrence</Type>
      <Position>2644</Position>
    </EventMentionInfo>
    <EventMentionInfo>
      <ID>55</ID>
      <AnchorText>incident</AnchorText>
      <Type>Occurrence</Type>
      <Position>2708</Position>
    </EventMentionInfo>
    <EventMentionInfo>
      <ID>56</ID>
      <AnchorText>happened</AnchorText>
      <Type>I_Action</Type>
      <Position>2717</Position>
    </EventMentionInfo>
  </Events>
  <Relations>
    <HierarchyRelationInfo>
      <SuperEventID>7</SuperEventID>
      <SubEventID>10</SubEventID>
      <Type>SuperSub</Type>
      <Uncertain>false</Uncertain>
    </HierarchyRelationInfo>
    <HierarchyRelationInfo>
      <SuperEventID>10</SuperEventID>
      <SubEventID>11</SubEventID>
      <Type>SuperSub</Type>
      <Uncertain>false</Uncertain>
    </HierarchyRelationInfo>
    <HierarchyRelationInfo>
      <SuperEventID>15</SuperEventID>
      <SubEventID>14</SubEventID>
      <Type>SuperSub</Type>
      <Uncertain>false</Uncertain>
    </HierarchyRelationInfo>
    <HierarchyRelationInfo>
      <SuperEventID>19</SuperEventID>
      <SubEventID>2</SubEventID>
      <Type>Coref</Type>
      <Uncertain>false</Uncertain>
    </HierarchyRelationInfo>
    <HierarchyRelationInfo>
      <SuperEventID>21</SuperEventID>
      <SubEventID>19</SubEventID>
      <Type>Coref</Type>
      <Uncertain>false</Uncertain>
    </HierarchyRelationInfo>
    <HierarchyRelationInfo>
      <SuperEventID>23</SuperEventID>
      <SubEventID>21</SubEventID>
      <Type>Coref</Type>
      <Uncertain>false</Uncertain>
    </HierarchyRelationInfo>
    <HierarchyRelationInfo>
      <SuperEventID>24</SuperEventID>
      <SubEventID>7</SubEventID>
      <Type>Coref</Type>
      <Uncertain>false</Uncertain>
    </HierarchyRelationInfo>
    <HierarchyRelationInfo>
      <SuperEventID>26</SuperEventID>
      <SubEventID>15</SubEventID>
      <Type>Coref</Type>
      <Uncertain>false</Uncertain>
    </HierarchyRelationInfo>
    <HierarchyRelationInfo>
      <SuperEventID>30</SuperEventID>
      <SubEventID>10</SubEventID>
      <Type>Coref</Type>
      <Uncertain>false</Uncertain>
    </HierarchyRelationInfo>
    <HierarchyRelationInfo>
      <SuperEventID>36</SuperEventID>
      <SubEventID>11</SubEventID>
      <Type>Coref</Type>
      <Uncertain>false</Uncertain>
    </HierarchyRelationInfo>
    <HierarchyRelationInfo>
      <SuperEventID>36</SuperEventID>
      <SubEventID>35</SubEventID>
      <Type>SuperSub</Type>
      <Uncertain>false</Uncertain>
    </HierarchyRelationInfo>
    <HierarchyRelationInfo>
      <SuperEventID>35</SuperEventID>
      <SubEventID>23</SubEventID>
      <Type>SuperSub</Type>
      <Uncertain>false</Uncertain>
    </HierarchyRelationInfo>
    <HierarchyRelationInfo>
      <SuperEventID>38</SuperEventID>
      <SubEventID>24</SubEventID>
      <Type>Coref</Type>
      <Uncertain>false</Uncertain>
    </HierarchyRelationInfo>
    <HierarchyRelationInfo>
      <SuperEventID>41</SuperEventID>
      <SubEventID>22</SubEventID>
      <Type>SuperSub</Type>
      <Uncertain>false</Uncertain>
    </HierarchyRelationInfo>
    <HierarchyRelationInfo>
      <SuperEventID>41</SuperEventID>
      <SubEventID>44</SubEventID>
      <Type>SuperSub</Type>
      <Uncertain>false</Uncertain>
    </HierarchyRelationInfo>
    <HierarchyRelationInfo>
      <SuperEventID>41</SuperEventID>
      <SubEventID>26</SubEventID>
      <Type>SuperSub</Type>
      <Uncertain>false</Uncertain>
    </HierarchyRelationInfo>
    <HierarchyRelationInfo>
      <SuperEventID>47</SuperEventID>
      <SubEventID>48</SubEventID>
      <Type>SuperSub</Type>
      <Uncertain>false</Uncertain>
    </HierarchyRelationInfo>
    <HierarchyRelationInfo>
      <SuperEventID>48</SuperEventID>
      <SubEventID>50</SubEventID>
      <Type>SuperSub</Type>
      <Uncertain>false</Uncertain>
    </HierarchyRelationInfo>
    <HierarchyRelationInfo>
      <SuperEventID>50</SuperEventID>
      <SubEventID>13</SubEventID>
      <Type>Coref</Type>
      <Uncertain>false</Uncertain>
    </HierarchyRelationInfo>
    <HierarchyRelationInfo>
      <SuperEventID>15</SuperEventID>
      <SubEventID>47</SubEventID>
      <Type>SuperSub</Type>
      <Uncertain>false</Uncertain>
    </HierarchyRelationInfo>
    <HierarchyRelationInfo>
      <SuperEventID>55</SuperEventID>
      <SubEventID>38</SubEventID>
      <Type>Coref</Type>
      <Uncertain>false</Uncertain>
    </HierarchyRelationInfo>
    <HierarchyRelationInfo>
      <SuperEventID>41</SuperEventID>
      <SubEventID>5</SubEventID>
      <Type>SuperSub</Type>
      <Uncertain>false</Uncertain>
    </HierarchyRelationInfo>
  </Relations>
</ArticleInfo>