<ArticleInfo>
  <Text>Long-imprisoned Nobel laureate Aung San Suu Kyi's political party claimed victory Monday in parliamentary elections in Myanmar, a dramatic development in the southeast Asian country's efforts to end its international isolation. The party said Monday it had won at least 43 out of the 44 seats that it contested -- including Suu Kyi's. "This is not our triumph, this is a triumph of the people," Suu Kyi said as she arrived at the headquarters of the National League for Democracy in Yangon to meet with fellow candidates and other party members. U.S. Secretary of State Hillary Clinton was already cautiously hailing the results of the voting on Sunday. She told CNN she was "very hopeful for the the people" of Myanmar, also known as Burma. "If this election goes as well as it is reported to have from the early reports, that would be a significant step," she said. The official election results of Sunday's elections are expected sometime this week. The NLD prediction was based on the party's own estimates, according to party member Thae Da Win Aung. It was still unclear whether the NLD had won the 44th seat, she said. While control of parliament will not change even if the opposition wins all 44 seats, the vote itself marks an important step forward for many in the country who have lived under military rule for 50 years. Suu Kyi, 66, led her party to a landslide victory the last time Myanmar held multiparty elections, in 1990. But the junta ignored the results and placed her under house arrest. Released in November 2010, Suu Kyi was allowed to crisscross the country to rally support for the NLD for Sunday's race. The United States announced in January that it would exchange ambassadors with Myanmar after the regime released political prisoners. Clinton visited Myanmar in December -- a historic trip marking the first time a secretary of state had been to the country in more than 50 years -- and British Foreign Secretary William Hague visited the following month. On Sunday Clinton said she had been impressed with her visit. "I was very touched by the visit that I made and the commitments I received from members of the government who were quite sincere in their desire to move their country forward," she said, even as she underlined that the United States wanted to see "continuing progress." The NLD fielded a candidate for every one of the 45 seats up for grabs. But the election commission rejected one candidate apparently because his parents had foreign residency. The NLD has said it plans to challenge his exclusion. The government had promised the vote would be free and fair, and allowed international observers to monitor the polling. On Sunday, the NLD said it had received more than 50 reports of voting irregularities. Suu Kyi has said she has no regrets about taking part in the by-elections because the process has raised people's political awareness. In front of hundreds of supporters and journalists gathered at the NLD headquarters Monday, Suu Kyi said she planned to push for more emphasis on the role of the people in governing the country. She said she would happily work with anybody who wanted national reconciliation. Myanmar's legislature has 664 seats, more than 80% of which are still held by lawmakers aligned with the military-backed ruling party, Union Solidarity and Development Party (USDP). The 45 seats under contention in Sunday's elections were vacancies created by the promotion of parliamentarians to the Cabinet and other posts last year. Still, the election was an opportunity for voters to weigh in during a time of enormous change in Myanmar. Analysts said it was the first real test of the government's commitment to transition from military rule. Two years ago, Myanmar staged a general election that was widely derided as a sham. Several former military leaders formed the Union Solidarity and Development Party (USDP) at the time to contest the election. Suu Kyi's party boycotted it. After attracting international condemnation for manipulating the voting process in the 2010 race, Myanmar's leaders appear to have concluded that a fairer election will be proof to the world that the authorities can conduct a legitimate vote, experts said. In the past 12 months, the country pardoned hundreds of political prisoners, secured a ceasefire with Karen rebels and agreed to negotiate with other ethnic rebel groups. Freer press rules have encouraged the proliferation of journals and magazines. Myanmar's efforts to thaw its frosty relations with the rest of the world have been warmly welcomed and rewarded. In February, the European Union lifted a travel ban on Myanmar officials. There have been hints, too, that a successful vote on Sunday would lead to the relatively swift unraveling of sanctions that have long choked the country's economy. Thousands of Burmese living in exile around the world were watching the election for a clear sign that it is safe to return home. As a member of parliament, Suu Kyi would be expected to be free to travel outside Myanmar -- and more importantly to return -- something that wasn't possible during her long years of repression and confinement.</Text>
  <Events>
    <EventMentionInfo>
      <ID>1</ID>
      <AnchorText>claimed</AnchorText>
      <Type>I_Action</Type>
      <Position>66</Position>
    </EventMentionInfo>
    <EventMentionInfo>
      <ID>2</ID>
      <AnchorText>victory</AnchorText>
      <Type>Occurrence</Type>
      <Position>74</Position>
    </EventMentionInfo>
    <EventMentionInfo>
      <ID>3</ID>
      <AnchorText>elections</AnchorText>
      <Type>Occurrence</Type>
      <Position>106</Position>
    </EventMentionInfo>
    <EventMentionInfo>
      <ID>4</ID>
      <AnchorText>development</AnchorText>
      <Type>Occurrence</Type>
      <Position>139</Position>
    </EventMentionInfo>
    <EventMentionInfo>
      <ID>5</ID>
      <AnchorText>efforts</AnchorText>
      <Type>I_Action</Type>
      <Position>184</Position>
    </EventMentionInfo>
    <EventMentionInfo>
      <ID>6</ID>
      <AnchorText>said</AnchorText>
      <Type>Reporting</Type>
      <Position>238</Position>
    </EventMentionInfo>
    <EventMentionInfo>
      <ID>7</ID>
      <AnchorText>won</AnchorText>
      <Type>Occurrence</Type>
      <Position>257</Position>
    </EventMentionInfo>
    <EventMentionInfo>
      <ID>8</ID>
      <AnchorText>contested</AnchorText>
      <Type>Occurrence</Type>
      <Position>301</Position>
    </EventMentionInfo>
    <EventMentionInfo>
      <ID>9</ID>
      <AnchorText>triumph</AnchorText>
      <Type>Occurrence</Type>
      <Position>352</Position>
    </EventMentionInfo>
    <EventMentionInfo>
      <ID>10</ID>
      <AnchorText>triumph</AnchorText>
      <Type>Occurrence</Type>
      <Position>371</Position>
    </EventMentionInfo>
    <EventMentionInfo>
      <ID>11</ID>
      <AnchorText>said</AnchorText>
      <Type>Reporting</Type>
      <Position>403</Position>
    </EventMentionInfo>
    <EventMentionInfo>
      <ID>12</ID>
      <AnchorText>arrived</AnchorText>
      <Type>I_Action</Type>
      <Position>415</Position>
    </EventMentionInfo>
    <EventMentionInfo>
      <ID>13</ID>
      <AnchorText>hailing</AnchorText>
      <Type>Reporting</Type>
      <Position>609</Position>
    </EventMentionInfo>
    <EventMentionInfo>
      <ID>14</ID>
      <AnchorText>voting</AnchorText>
      <Type>Occurrence</Type>
      <Position>636</Position>
    </EventMentionInfo>
    <EventMentionInfo>
      <ID>15</ID>
      <AnchorText>told</AnchorText>
      <Type>Reporting</Type>
      <Position>658</Position>
    </EventMentionInfo>
    <EventMentionInfo>
      <ID>16</ID>
      <AnchorText>election</AnchorText>
      <Type>Occurrence</Type>
      <Position>751</Position>
    </EventMentionInfo>
    <EventMentionInfo>
      <ID>17</ID>
      <AnchorText>said</AnchorText>
      <Type>Reporting</Type>
      <Position>862</Position>
    </EventMentionInfo>
    <EventMentionInfo>
      <ID>18</ID>
      <AnchorText>elections</AnchorText>
      <Type>Occurrence</Type>
      <Position>910</Position>
    </EventMentionInfo>
    <EventMentionInfo>
      <ID>19</ID>
      <AnchorText>said</AnchorText>
      <Type>Reporting</Type>
      <Position>1120</Position>
    </EventMentionInfo>
    <EventMentionInfo>
      <ID>20</ID>
      <AnchorText>vote</AnchorText>
      <Type>Occurrence</Type>
      <Position>1216</Position>
    </EventMentionInfo>
    <EventMentionInfo>
      <ID>21</ID>
      <AnchorText>led</AnchorText>
      <Type>I_Action</Type>
      <Position>1346</Position>
    </EventMentionInfo>
    <EventMentionInfo>
      <ID>22</ID>
      <AnchorText>victory</AnchorText>
      <Type>Occurrence</Type>
      <Position>1375</Position>
    </EventMentionInfo>
    <EventMentionInfo>
      <ID>23</ID>
      <AnchorText>held</AnchorText>
      <Type>I_Action</Type>
      <Position>1405</Position>
    </EventMentionInfo>
    <EventMentionInfo>
      <ID>24</ID>
      <AnchorText>elections</AnchorText>
      <Type>Occurrence</Type>
      <Position>1421</Position>
    </EventMentionInfo>
    <EventMentionInfo>
      <ID>25</ID>
      <AnchorText>ignored</AnchorText>
      <Type>Occurrence</Type>
      <Position>1455</Position>
    </EventMentionInfo>
    <EventMentionInfo>
      <ID>26</ID>
      <AnchorText>placed</AnchorText>
      <Type>I_Action</Type>
      <Position>1479</Position>
    </EventMentionInfo>
    <EventMentionInfo>
      <ID>27</ID>
      <AnchorText>arrest</AnchorText>
      <Type>Occurrence</Type>
      <Position>1502</Position>
    </EventMentionInfo>
    <EventMentionInfo>
      <ID>28</ID>
      <AnchorText>Released</AnchorText>
      <Type>Occurrence</Type>
      <Position>1510</Position>
    </EventMentionInfo>
    <EventMentionInfo>
      <ID>29</ID>
      <AnchorText>allowed</AnchorText>
      <Type>I_Action</Type>
      <Position>1549</Position>
    </EventMentionInfo>
    <EventMentionInfo>
      <ID>30</ID>
      <AnchorText>crisscross</AnchorText>
      <Type>I_Action</Type>
      <Position>1560</Position>
    </EventMentionInfo>
    <EventMentionInfo>
      <ID>31</ID>
      <AnchorText>rally</AnchorText>
      <Type>Occurrence</Type>
      <Position>1586</Position>
    </EventMentionInfo>
    <EventMentionInfo>
      <ID>32</ID>
      <AnchorText>race</AnchorText>
      <Type>Occurrence</Type>
      <Position>1625</Position>
    </EventMentionInfo>
    <EventMentionInfo>
      <ID>33</ID>
      <AnchorText>announced</AnchorText>
      <Type>Reporting</Type>
      <Position>1649</Position>
    </EventMentionInfo>
    <EventMentionInfo>
      <ID>34</ID>
      <AnchorText>visited</AnchorText>
      <Type>Occurrence</Type>
      <Position>1773</Position>
    </EventMentionInfo>
    <EventMentionInfo>
      <ID>35</ID>
      <AnchorText>trip</AnchorText>
      <Type>Occurrence</Type>
      <Position>1815</Position>
    </EventMentionInfo>
    <EventMentionInfo>
      <ID>36</ID>
      <AnchorText>visited</AnchorText>
      <Type>Occurrence</Type>
      <Position>1957</Position>
    </EventMentionInfo>
    <EventMentionInfo>
      <ID>37</ID>
      <AnchorText>said</AnchorText>
      <Type>Reporting</Type>
      <Position>2004</Position>
    </EventMentionInfo>
    <EventMentionInfo>
      <ID>38</ID>
      <AnchorText>impressed</AnchorText>
      <Type>StateChange</Type>
      <Position>2022</Position>
    </EventMentionInfo>
    <EventMentionInfo>
      <ID>39</ID>
      <AnchorText>visit</AnchorText>
      <Type>Occurrence</Type>
      <Position>2041</Position>
    </EventMentionInfo>
    <EventMentionInfo>
      <ID>40</ID>
      <AnchorText>visit</AnchorText>
      <Type>Occurrence</Type>
      <Position>2075</Position>
    </EventMentionInfo>
    <EventMentionInfo>
      <ID>41</ID>
      <AnchorText>made</AnchorText>
      <Type>I_Action</Type>
      <Position>2088</Position>
    </EventMentionInfo>
    <EventMentionInfo>
      <ID>42</ID>
      <AnchorText>received</AnchorText>
      <Type>Occurrence</Type>
      <Position>2115</Position>
    </EventMentionInfo>
    <EventMentionInfo>
      <ID>43</ID>
      <AnchorText>said</AnchorText>
      <Type>Reporting</Type>
      <Position>2230</Position>
    </EventMentionInfo>
    <EventMentionInfo>
      <ID>44</ID>
      <AnchorText>underlined</AnchorText>
      <Type>Reporting</Type>
      <Position>2248</Position>
    </EventMentionInfo>
    <EventMentionInfo>
      <ID>45</ID>
      <AnchorText>fielded</AnchorText>
      <Type>Occurrence</Type>
      <Position>2327</Position>
    </EventMentionInfo>
    <EventMentionInfo>
      <ID>46</ID>
      <AnchorText>rejected</AnchorText>
      <Type>Occurrence</Type>
      <Position>2419</Position>
    </EventMentionInfo>
    <EventMentionInfo>
      <ID>47</ID>
      <AnchorText>said</AnchorText>
      <Type>Reporting</Type>
      <Position>2508</Position>
    </EventMentionInfo>
    <EventMentionInfo>
      <ID>48</ID>
      <AnchorText>exclusion</AnchorText>
      <Type>Occurrence</Type>
      <Position>2539</Position>
    </EventMentionInfo>
    <EventMentionInfo>
      <ID>49</ID>
      <AnchorText>promised</AnchorText>
      <Type>Occurrence</Type>
      <Position>2569</Position>
    </EventMentionInfo>
    <EventMentionInfo>
      <ID>50</ID>
      <AnchorText>vote</AnchorText>
      <Type>Occurrence</Type>
      <Position>2582</Position>
    </EventMentionInfo>
    <EventMentionInfo>
      <ID>51</ID>
      <AnchorText>allowed</AnchorText>
      <Type>I_Action</Type>
      <Position>2615</Position>
    </EventMentionInfo>
    <EventMentionInfo>
      <ID>52</ID>
      <AnchorText>monitor</AnchorText>
      <Type>Occurrence</Type>
      <Position>2650</Position>
    </EventMentionInfo>
    <EventMentionInfo>
      <ID>53</ID>
      <AnchorText>polling</AnchorText>
      <Type>Occurrence</Type>
      <Position>2662</Position>
    </EventMentionInfo>
    <EventMentionInfo>
      <ID>54</ID>
      <AnchorText>said</AnchorText>
      <Type>Reporting</Type>
      <Position>2690</Position>
    </EventMentionInfo>
    <EventMentionInfo>
      <ID>55</ID>
      <AnchorText>received</AnchorText>
      <Type>I_Action</Type>
      <Position>2702</Position>
    </EventMentionInfo>
    <EventMentionInfo>
      <ID>56</ID>
      <AnchorText>said</AnchorText>
      <Type>Reporting</Type>
      <Position>2770</Position>
    </EventMentionInfo>
    <EventMentionInfo>
      <ID>57</ID>
      <AnchorText>elections</AnchorText>
      <Type>Occurrence</Type>
      <Position>2822</Position>
    </EventMentionInfo>
    <EventMentionInfo>
      <ID>58</ID>
      <AnchorText>raised</AnchorText>
      <Type>StateChange</Type>
      <Position>2856</Position>
    </EventMentionInfo>
    <EventMentionInfo>
      <ID>59</ID>
      <AnchorText>gathered</AnchorText>
      <Type>Occurrence</Type>
      <Position>2944</Position>
    </EventMentionInfo>
    <EventMentionInfo>
      <ID>60</ID>
      <AnchorText>said</AnchorText>
      <Type>Reporting</Type>
      <Position>2993</Position>
    </EventMentionInfo>
    <EventMentionInfo>
      <ID>61</ID>
      <AnchorText>planned</AnchorText>
      <Type>I_Action</Type>
      <Position>3002</Position>
    </EventMentionInfo>
    <EventMentionInfo>
      <ID>62</ID>
      <AnchorText>said</AnchorText>
      <Type>Reporting</Type>
      <Position>3092</Position>
    </EventMentionInfo>
    <EventMentionInfo>
      <ID>63</ID>
      <AnchorText>elections</AnchorText>
      <Type>Occurrence</Type>
      <Position>3393</Position>
    </EventMentionInfo>
    <EventMentionInfo>
      <ID>64</ID>
      <AnchorText>created</AnchorText>
      <Type>Occurrence</Type>
      <Position>3418</Position>
    </EventMentionInfo>
    <EventMentionInfo>
      <ID>65</ID>
      <AnchorText>promotion</AnchorText>
      <Type>Occurrence</Type>
      <Position>3433</Position>
    </EventMentionInfo>
    <EventMentionInfo>
      <ID>66</ID>
      <AnchorText>election</AnchorText>
      <Type>Occurrence</Type>
      <Position>3516</Position>
    </EventMentionInfo>
    <EventMentionInfo>
      <ID>67</ID>
      <AnchorText>opportunity</AnchorText>
      <Type>I_Action</Type>
      <Position>3532</Position>
    </EventMentionInfo>
    <EventMentionInfo>
      <ID>68</ID>
      <AnchorText>said</AnchorText>
      <Type>Reporting</Type>
      <Position>3621</Position>
    </EventMentionInfo>
    <EventMentionInfo>
      <ID>69</ID>
      <AnchorText>test</AnchorText>
      <Type>Occurrence</Type>
      <Position>3648</Position>
    </EventMentionInfo>
    <EventMentionInfo>
      <ID>70</ID>
      <AnchorText>staged</AnchorText>
      <Type>I_Action</Type>
      <Position>3741</Position>
    </EventMentionInfo>
    <EventMentionInfo>
      <ID>71</ID>
      <AnchorText>election</AnchorText>
      <Type>Occurrence</Type>
      <Position>3758</Position>
    </EventMentionInfo>
    <EventMentionInfo>
      <ID>72</ID>
      <AnchorText>derided</AnchorText>
      <Type>Occurrence</Type>
      <Position>3783</Position>
    </EventMentionInfo>
    <EventMentionInfo>
      <ID>73</ID>
      <AnchorText>formed</AnchorText>
      <Type>I_Action</Type>
      <Position>3834</Position>
    </EventMentionInfo>
    <EventMentionInfo>
      <ID>74</ID>
      <AnchorText>contest</AnchorText>
      <Type>I_Action</Type>
      <Position>3906</Position>
    </EventMentionInfo>
    <EventMentionInfo>
      <ID>75</ID>
      <AnchorText>election</AnchorText>
      <Type>Occurrence</Type>
      <Position>3918</Position>
    </EventMentionInfo>
    <EventMentionInfo>
      <ID>76</ID>
      <AnchorText>boycotted</AnchorText>
      <Type>Occurrence</Type>
      <Position>3944</Position>
    </EventMentionInfo>
    <EventMentionInfo>
      <ID>77</ID>
      <AnchorText>attracting</AnchorText>
      <Type>I_Action</Type>
      <Position>3964</Position>
    </EventMentionInfo>
    <EventMentionInfo>
      <ID>78</ID>
      <AnchorText>condemnation</AnchorText>
      <Type>I_Action</Type>
      <Position>3989</Position>
    </EventMentionInfo>
    <EventMentionInfo>
      <ID>79</ID>
      <AnchorText>manipulating</AnchorText>
      <Type>I_Action</Type>
      <Position>4006</Position>
    </EventMentionInfo>
    <EventMentionInfo>
      <ID>80</ID>
      <AnchorText>process</AnchorText>
      <Type>Occurrence</Type>
      <Position>4030</Position>
    </EventMentionInfo>
    <EventMentionInfo>
      <ID>81</ID>
      <AnchorText>race</AnchorText>
      <Type>Occurrence</Type>
      <Position>4050</Position>
    </EventMentionInfo>
    <EventMentionInfo>
      <ID>82</ID>
      <AnchorText>said</AnchorText>
      <Type>Reporting</Type>
      <Position>4209</Position>
    </EventMentionInfo>
    <EventMentionInfo>
      <ID>83</ID>
      <AnchorText>pardoned</AnchorText>
      <Type>HalfGeneric</Type>
      <Position>4250</Position>
    </EventMentionInfo>
    <EventMentionInfo>
      <ID>84</ID>
      <AnchorText>secured</AnchorText>
      <Type>I_Action</Type>
      <Position>4292</Position>
    </EventMentionInfo>
    <EventMentionInfo>
      <ID>85</ID>
      <AnchorText>ceasefire</AnchorText>
      <Type>Occurrence</Type>
      <Position>4302</Position>
    </EventMentionInfo>
    <EventMentionInfo>
      <ID>86</ID>
      <AnchorText>agreed</AnchorText>
      <Type>I_Action</Type>
      <Position>4334</Position>
    </EventMentionInfo>
    <EventMentionInfo>
      <ID>87</ID>
      <AnchorText>encouraged</AnchorText>
      <Type>I_Action</Type>
      <Position>4409</Position>
    </EventMentionInfo>
    <EventMentionInfo>
      <ID>88</ID>
      <AnchorText>proliferation</AnchorText>
      <Type>HalfGeneric</Type>
      <Position>4424</Position>
    </EventMentionInfo>
    <EventMentionInfo>
      <ID>89</ID>
      <AnchorText>efforts</AnchorText>
      <Type>I_Action</Type>
      <Position>4475</Position>
    </EventMentionInfo>
    <EventMentionInfo>
      <ID>90</ID>
      <AnchorText>welcomed</AnchorText>
      <Type>Occurrence</Type>
      <Position>4556</Position>
    </EventMentionInfo>
    <EventMentionInfo>
      <ID>91</ID>
      <AnchorText>rewarded</AnchorText>
      <Type>Occurrence</Type>
      <Position>4569</Position>
    </EventMentionInfo>
    <EventMentionInfo>
      <ID>92</ID>
      <AnchorText>lifted</AnchorText>
      <Type>Occurrence</Type>
      <Position>4611</Position>
    </EventMentionInfo>
    <EventMentionInfo>
      <ID>93</ID>
      <AnchorText>sanctions</AnchorText>
      <Type>HalfGeneric</Type>
      <Position>4763</Position>
    </EventMentionInfo>
    <EventMentionInfo>
      <ID>94</ID>
      <AnchorText>watching</AnchorText>
      <Type>I_Action</Type>
      <Position>4877</Position>
    </EventMentionInfo>
    <EventMentionInfo>
      <ID>95</ID>
      <AnchorText>election</AnchorText>
      <Type>Occurrence</Type>
      <Position>4890</Position>
    </EventMentionInfo>
    <EventMentionInfo>
      <ID>96</ID>
      <AnchorText>repression</AnchorText>
      <Type>HalfGeneric</Type>
      <Position>5131</Position>
    </EventMentionInfo>
    <EventMentionInfo>
      <ID>97</ID>
      <AnchorText>confinement</AnchorText>
      <Type>HalfGeneric</Type>
      <Position>5146</Position>
    </EventMentionInfo>
  </Events>
  <Relations>
    <HierarchyRelationInfo>
      <SuperEventID>3</SuperEventID>
      <SubEventID>2</SubEventID>
      <Type>SuperSub</Type>
      <Uncertain>false</Uncertain>
    </HierarchyRelationInfo>
    <HierarchyRelationInfo>
      <SuperEventID>4</SuperEventID>
      <SubEventID>2</SubEventID>
      <Type>Coref</Type>
      <Uncertain>false</Uncertain>
    </HierarchyRelationInfo>
    <HierarchyRelationInfo>
      <SuperEventID>8</SuperEventID>
      <SubEventID>7</SubEventID>
      <Type>SuperSub</Type>
      <Uncertain>false</Uncertain>
    </HierarchyRelationInfo>
    <HierarchyRelationInfo>
      <SuperEventID>9</SuperEventID>
      <SubEventID>10</SubEventID>
      <Type>Coref</Type>
      <Uncertain>false</Uncertain>
    </HierarchyRelationInfo>
    <HierarchyRelationInfo>
      <SuperEventID>3</SuperEventID>
      <SubEventID>14</SubEventID>
      <Type>SuperSub</Type>
      <Uncertain>false</Uncertain>
    </HierarchyRelationInfo>
    <HierarchyRelationInfo>
      <SuperEventID>3</SuperEventID>
      <SubEventID>8</SubEventID>
      <Type>SuperSub</Type>
      <Uncertain>false</Uncertain>
    </HierarchyRelationInfo>
    <HierarchyRelationInfo>
      <SuperEventID>16</SuperEventID>
      <SubEventID>3</SubEventID>
      <Type>Coref</Type>
      <Uncertain>false</Uncertain>
    </HierarchyRelationInfo>
    <HierarchyRelationInfo>
      <SuperEventID>18</SuperEventID>
      <SubEventID>16</SubEventID>
      <Type>Coref</Type>
      <Uncertain>false</Uncertain>
    </HierarchyRelationInfo>
    <HierarchyRelationInfo>
      <SuperEventID>9</SuperEventID>
      <SubEventID>7</SubEventID>
      <Type>Coref</Type>
      <Uncertain>false</Uncertain>
    </HierarchyRelationInfo>
    <HierarchyRelationInfo>
      <SuperEventID>20</SuperEventID>
      <SubEventID>14</SubEventID>
      <Type>Coref</Type>
      <Uncertain>false</Uncertain>
    </HierarchyRelationInfo>
    <HierarchyRelationInfo>
      <SuperEventID>24</SuperEventID>
      <SubEventID>22</SubEventID>
      <Type>SuperSub</Type>
      <Uncertain>false</Uncertain>
    </HierarchyRelationInfo>
    <HierarchyRelationInfo>
      <SuperEventID>27</SuperEventID>
      <SubEventID>28</SubEventID>
      <Type>SuperSub</Type>
      <Uncertain>false</Uncertain>
    </HierarchyRelationInfo>
    <HierarchyRelationInfo>
      <SuperEventID>32</SuperEventID>
      <SubEventID>20</SubEventID>
      <Type>Coref</Type>
      <Uncertain>false</Uncertain>
    </HierarchyRelationInfo>
    <HierarchyRelationInfo>
      <SuperEventID>18</SuperEventID>
      <SubEventID>31</SubEventID>
      <Type>SuperSub</Type>
      <Uncertain>false</Uncertain>
    </HierarchyRelationInfo>
    <HierarchyRelationInfo>
      <SuperEventID>35</SuperEventID>
      <SubEventID>34</SubEventID>
      <Type>SuperSub</Type>
      <Uncertain>false</Uncertain>
    </HierarchyRelationInfo>
    <HierarchyRelationInfo>
      <SuperEventID>39</SuperEventID>
      <SubEventID>34</SubEventID>
      <Type>Coref</Type>
      <Uncertain>false</Uncertain>
    </HierarchyRelationInfo>
    <HierarchyRelationInfo>
      <SuperEventID>39</SuperEventID>
      <SubEventID>38</SubEventID>
      <Type>SuperSub</Type>
      <Uncertain>false</Uncertain>
    </HierarchyRelationInfo>
    <HierarchyRelationInfo>
      <SuperEventID>40</SuperEventID>
      <SubEventID>39</SubEventID>
      <Type>Coref</Type>
      <Uncertain>false</Uncertain>
    </HierarchyRelationInfo>
    <HierarchyRelationInfo>
      <SuperEventID>38</SuperEventID>
      <SubEventID>42</SubEventID>
      <Type>SuperSub</Type>
      <Uncertain>false</Uncertain>
    </HierarchyRelationInfo>
    <HierarchyRelationInfo>
      <SuperEventID>18</SuperEventID>
      <SubEventID>45</SubEventID>
      <Type>SuperSub</Type>
      <Uncertain>false</Uncertain>
    </HierarchyRelationInfo>
    <HierarchyRelationInfo>
      <SuperEventID>45</SuperEventID>
      <SubEventID>46</SubEventID>
      <Type>SuperSub</Type>
      <Uncertain>false</Uncertain>
    </HierarchyRelationInfo>
    <HierarchyRelationInfo>
      <SuperEventID>48</SuperEventID>
      <SubEventID>46</SubEventID>
      <Type>Coref</Type>
      <Uncertain>false</Uncertain>
    </HierarchyRelationInfo>
    <HierarchyRelationInfo>
      <SuperEventID>50</SuperEventID>
      <SubEventID>20</SubEventID>
      <Type>Coref</Type>
      <Uncertain>false</Uncertain>
    </HierarchyRelationInfo>
    <HierarchyRelationInfo>
      <SuperEventID>50</SuperEventID>
      <SubEventID>52</SubEventID>
      <Type>SuperSub</Type>
      <Uncertain>false</Uncertain>
    </HierarchyRelationInfo>
    <HierarchyRelationInfo>
      <SuperEventID>53</SuperEventID>
      <SubEventID>50</SubEventID>
      <Type>Coref</Type>
      <Uncertain>false</Uncertain>
    </HierarchyRelationInfo>
    <HierarchyRelationInfo>
      <SuperEventID>57</SuperEventID>
      <SubEventID>18</SubEventID>
      <Type>Coref</Type>
      <Uncertain>false</Uncertain>
    </HierarchyRelationInfo>
    <HierarchyRelationInfo>
      <SuperEventID>57</SuperEventID>
      <SubEventID>58</SubEventID>
      <Type>SuperSub</Type>
      <Uncertain>false</Uncertain>
    </HierarchyRelationInfo>
    <HierarchyRelationInfo>
      <SuperEventID>63</SuperEventID>
      <SubEventID>57</SubEventID>
      <Type>Coref</Type>
      <Uncertain>false</Uncertain>
    </HierarchyRelationInfo>
    <HierarchyRelationInfo>
      <SuperEventID>65</SuperEventID>
      <SubEventID>64</SubEventID>
      <Type>SuperSub</Type>
      <Uncertain>false</Uncertain>
    </HierarchyRelationInfo>
    <HierarchyRelationInfo>
      <SuperEventID>66</SuperEventID>
      <SubEventID>63</SubEventID>
      <Type>Coref</Type>
      <Uncertain>false</Uncertain>
    </HierarchyRelationInfo>
    <HierarchyRelationInfo>
      <SuperEventID>71</SuperEventID>
      <SubEventID>72</SubEventID>
      <Type>SuperSub</Type>
      <Uncertain>false</Uncertain>
    </HierarchyRelationInfo>
    <HierarchyRelationInfo>
      <SuperEventID>75</SuperEventID>
      <SubEventID>71</SubEventID>
      <Type>Coref</Type>
      <Uncertain>false</Uncertain>
    </HierarchyRelationInfo>
    <HierarchyRelationInfo>
      <SuperEventID>75</SuperEventID>
      <SubEventID>76</SubEventID>
      <Type>SuperSub</Type>
      <Uncertain>false</Uncertain>
    </HierarchyRelationInfo>
    <HierarchyRelationInfo>
      <SuperEventID>69</SuperEventID>
      <SubEventID>66</SubEventID>
      <Type>Coref</Type>
      <Uncertain>false</Uncertain>
    </HierarchyRelationInfo>
    <HierarchyRelationInfo>
      <SuperEventID>81</SuperEventID>
      <SubEventID>75</SubEventID>
      <Type>Coref</Type>
      <Uncertain>false</Uncertain>
    </HierarchyRelationInfo>
    <HierarchyRelationInfo>
      <SuperEventID>81</SuperEventID>
      <SubEventID>80</SubEventID>
      <Type>SuperSub</Type>
      <Uncertain>false</Uncertain>
    </HierarchyRelationInfo>
    <HierarchyRelationInfo>
      <SuperEventID>91</SuperEventID>
      <SubEventID>92</SubEventID>
      <Type>SuperSub</Type>
      <Uncertain>false</Uncertain>
    </HierarchyRelationInfo>
    <HierarchyRelationInfo>
      <SuperEventID>95</SuperEventID>
      <SubEventID>69</SubEventID>
      <Type>Coref</Type>
      <Uncertain>false</Uncertain>
    </HierarchyRelationInfo>
    <HierarchyRelationInfo>
      <SuperEventID>27</SuperEventID>
      <SubEventID>96</SubEventID>
      <Type>SuperSub</Type>
      <Uncertain>false</Uncertain>
    </HierarchyRelationInfo>
    <HierarchyRelationInfo>
      <SuperEventID>27</SuperEventID>
      <SubEventID>97</SubEventID>
      <Type>SuperSub</Type>
      <Uncertain>false</Uncertain>
    </HierarchyRelationInfo>
  </Relations>
</ArticleInfo>