<ArticleInfo>
  <Text>Mexican authorities have found 49 dismembered bodies on a highway near the northern industrial city of Monterrey. The gruesome find is the latest in a string of suspected drug related killings in the country. The body parts were found stuffed into bags in the early hours of Sunday. It follows a similar incident last Wednesday, when 18 victims were found decapitated and dismembered near Mexico's second-largest city, Guadalajara. Both cities are in the state of Nuevo Leon, which has seen escalating violence between rival drug cartels. More than 47,000 people are thought to have been killed in drug-related attacks since President Felipe Calderon launched a crackdown on organized crime in 2006. </Text>
  <Events>
    <EventMentionInfo>
      <ID>1</ID>
      <AnchorText>found</AnchorText>
      <Type>Occurrence</Type>
      <Position>25</Position>
    </EventMentionInfo>
    <EventMentionInfo>
      <ID>2</ID>
      <AnchorText>find</AnchorText>
      <Type>Occurrence</Type>
      <Position>127</Position>
    </EventMentionInfo>
    <EventMentionInfo>
      <ID>3</ID>
      <AnchorText>killings</AnchorText>
      <Type>HalfGeneric</Type>
      <Position>184</Position>
    </EventMentionInfo>
    <EventMentionInfo>
      <ID>4</ID>
      <AnchorText>found</AnchorText>
      <Type>Occurrence</Type>
      <Position>229</Position>
    </EventMentionInfo>
    <EventMentionInfo>
      <ID>5</ID>
      <AnchorText>stuffed</AnchorText>
      <Type>Occurrence</Type>
      <Position>235</Position>
    </EventMentionInfo>
    <EventMentionInfo>
      <ID>6</ID>
      <AnchorText>incident</AnchorText>
      <Type>Occurrence</Type>
      <Position>304</Position>
    </EventMentionInfo>
    <EventMentionInfo>
      <ID>7</ID>
      <AnchorText>found</AnchorText>
      <Type>Occurrence</Type>
      <Position>350</Position>
    </EventMentionInfo>
    <EventMentionInfo>
      <ID>8</ID>
      <AnchorText>decapitated</AnchorText>
      <Type>Occurrence</Type>
      <Position>356</Position>
    </EventMentionInfo>
    <EventMentionInfo>
      <ID>9</ID>
      <AnchorText>dismembered</AnchorText>
      <Type>Occurrence</Type>
      <Position>372</Position>
    </EventMentionInfo>
    <EventMentionInfo>
      <ID>10</ID>
      <AnchorText>escalating</AnchorText>
      <Type>StateChange</Type>
      <Position>491</Position>
    </EventMentionInfo>
    <EventMentionInfo>
      <ID>11</ID>
      <AnchorText>attacks</AnchorText>
      <Type>HalfGeneric</Type>
      <Position>611</Position>
    </EventMentionInfo>
    <EventMentionInfo>
      <ID>12</ID>
      <AnchorText>launched</AnchorText>
      <Type>I_Action</Type>
      <Position>651</Position>
    </EventMentionInfo>
    <EventMentionInfo>
      <ID>13</ID>
      <AnchorText>crackdown</AnchorText>
      <Type>Occurrence</Type>
      <Position>662</Position>
    </EventMentionInfo>
  </Events>
  <Relations>
    <HierarchyRelationInfo>
      <SuperEventID>1</SuperEventID>
      <SubEventID>2</SubEventID>
      <Type>Coref</Type>
      <Uncertain>false</Uncertain>
    </HierarchyRelationInfo>
    <HierarchyRelationInfo>
      <SuperEventID>4</SuperEventID>
      <SubEventID>2</SubEventID>
      <Type>Coref</Type>
      <Uncertain>false</Uncertain>
    </HierarchyRelationInfo>
    <HierarchyRelationInfo>
      <SuperEventID>6</SuperEventID>
      <SubEventID>8</SubEventID>
      <Type>SuperSub</Type>
      <Uncertain>false</Uncertain>
    </HierarchyRelationInfo>
    <HierarchyRelationInfo>
      <SuperEventID>6</SuperEventID>
      <SubEventID>9</SubEventID>
      <Type>SuperSub</Type>
      <Uncertain>false</Uncertain>
    </HierarchyRelationInfo>
    <HierarchyRelationInfo>
      <SuperEventID>6</SuperEventID>
      <SubEventID>7</SubEventID>
      <Type>SuperSub</Type>
      <Uncertain>false</Uncertain>
    </HierarchyRelationInfo>
    <HierarchyRelationInfo>
      <SuperEventID>10</SuperEventID>
      <SubEventID>3</SubEventID>
      <Type>SuperSub</Type>
      <Uncertain>false</Uncertain>
    </HierarchyRelationInfo>
    <HierarchyRelationInfo>
      <SuperEventID>10</SuperEventID>
      <SubEventID>6</SubEventID>
      <Type>SuperSub</Type>
      <Uncertain>false</Uncertain>
    </HierarchyRelationInfo>
    <HierarchyRelationInfo>
      <SuperEventID>11</SuperEventID>
      <SubEventID>10</SubEventID>
      <Type>SuperSub</Type>
      <Uncertain>false</Uncertain>
    </HierarchyRelationInfo>
    <HierarchyRelationInfo>
      <SuperEventID>13</SuperEventID>
      <SubEventID>11</SubEventID>
      <Type>SuperSub</Type>
      <Uncertain>false</Uncertain>
    </HierarchyRelationInfo>
  </Relations>
</ArticleInfo>