<ArticleInfo>
  <Text>A strong magnitude-6.7 earthquake shook central Chile late Monday, prompting authorities to order the evacuation of a stretch of coastline and causing hundreds of people in the capital to flee buildings in panic. There were no reports of major damage, but authorities in the port city of Valparaiso said a 72-year-old man died of a heart attack during the quake. The earthquake was felt for almost a minute in Valparaiso and the capital, Santiago. The US Geological Survey initially put the quake's magnitude at 6.5 but later raised it to 6.7. Its epicenter was 26 miles northeast of Valparaiso, and it had a depth of 23 miles. It struck just minutes before midnight local time Monday. The Chilean navy's hydrographic and oceanographic service discounted the possibility of a tsunami, but authorities maintained an order for people to move to higher ground along a roughly 500-mile stretch of coastline running from the city of Constitucion to Tongoy, north of the capital. Thousands of people were later allowed to return home, said Deputy Interior Secretary Rodrigo Ubilla. The quake knocked out power and telephone service in various parts of Santiago, but the National Emergency Office of the Interior Ministry said that it had received no reports of major damage or injuries so far. There were reports of rockslides on a highway outside of Santiago, and residents of Valparaiso said the facades of some old buildings had fallen. Public Works Minister Laurence Golbourne said that that Chile's airports and roadways appeared undamaged. Chile is highly earthquake-prone. A magnitude-7.1 earthquake struck central Chile on March 25, the strongest and longest that many people said they had felt since a huge quake devastated that region two years ago. In 2010, the 8.8-magnitude quake caused a tsunami that obliterated much of the coastal downtown of the central Chilean city</Text>
  <Events>
    <EventMentionInfo>
      <ID>1</ID>
      <AnchorText>earthquake</AnchorText>
      <Type>Occurrence</Type>
      <Position>23</Position>
    </EventMentionInfo>
    <EventMentionInfo>
      <ID>2</ID>
      <AnchorText>shook</AnchorText>
      <Type>Occurrence</Type>
      <Position>34</Position>
    </EventMentionInfo>
    <EventMentionInfo>
      <ID>3</ID>
      <AnchorText>prompting</AnchorText>
      <Type>I_Action</Type>
      <Position>67</Position>
    </EventMentionInfo>
    <EventMentionInfo>
      <ID>4</ID>
      <AnchorText>order</AnchorText>
      <Type>I_Action</Type>
      <Position>92</Position>
    </EventMentionInfo>
    <EventMentionInfo>
      <ID>5</ID>
      <AnchorText>evacuation</AnchorText>
      <Type>Occurrence</Type>
      <Position>102</Position>
    </EventMentionInfo>
    <EventMentionInfo>
      <ID>6</ID>
      <AnchorText>causing</AnchorText>
      <Type>I_Action</Type>
      <Position>143</Position>
    </EventMentionInfo>
    <EventMentionInfo>
      <ID>7</ID>
      <AnchorText>flee</AnchorText>
      <Type>Occurrence</Type>
      <Position>188</Position>
    </EventMentionInfo>
    <EventMentionInfo>
      <ID>8</ID>
      <AnchorText>said</AnchorText>
      <Type>Reporting</Type>
      <Position>299</Position>
    </EventMentionInfo>
    <EventMentionInfo>
      <ID>9</ID>
      <AnchorText>died</AnchorText>
      <Type>Occurrence</Type>
      <Position>322</Position>
    </EventMentionInfo>
    <EventMentionInfo>
      <ID>10</ID>
      <AnchorText>attack</AnchorText>
      <Type>Occurrence</Type>
      <Position>338</Position>
    </EventMentionInfo>
    <EventMentionInfo>
      <ID>11</ID>
      <AnchorText>quake</AnchorText>
      <Type>Occurrence</Type>
      <Position>356</Position>
    </EventMentionInfo>
    <EventMentionInfo>
      <ID>12</ID>
      <AnchorText>earthquake</AnchorText>
      <Type>Occurrence</Type>
      <Position>367</Position>
    </EventMentionInfo>
    <EventMentionInfo>
      <ID>13</ID>
      <AnchorText>felt</AnchorText>
      <Type>Perception</Type>
      <Position>382</Position>
    </EventMentionInfo>
    <EventMentionInfo>
      <ID>14</ID>
      <AnchorText>put</AnchorText>
      <Type>Occurrence</Type>
      <Position>483</Position>
    </EventMentionInfo>
    <EventMentionInfo>
      <ID>15</ID>
      <AnchorText>quake</AnchorText>
      <Type>Occurrence</Type>
      <Position>491</Position>
    </EventMentionInfo>
    <EventMentionInfo>
      <ID>16</ID>
      <AnchorText>raised</AnchorText>
      <Type>Occurrence</Type>
      <Position>526</Position>
    </EventMentionInfo>
    <EventMentionInfo>
      <ID>17</ID>
      <AnchorText>struck</AnchorText>
      <Type>Occurrence</Type>
      <Position>631</Position>
    </EventMentionInfo>
    <EventMentionInfo>
      <ID>18</ID>
      <AnchorText>discounted</AnchorText>
      <Type>Occurrence</Type>
      <Position>744</Position>
    </EventMentionInfo>
    <EventMentionInfo>
      <ID>19</ID>
      <AnchorText>maintained</AnchorText>
      <Type>I_Action</Type>
      <Position>801</Position>
    </EventMentionInfo>
    <EventMentionInfo>
      <ID>20</ID>
      <AnchorText>allowed</AnchorText>
      <Type>I_Action</Type>
      <Position>1005</Position>
    </EventMentionInfo>
    <EventMentionInfo>
      <ID>21</ID>
      <AnchorText>return</AnchorText>
      <Type>Occurrence</Type>
      <Position>1016</Position>
    </EventMentionInfo>
    <EventMentionInfo>
      <ID>22</ID>
      <AnchorText>said</AnchorText>
      <Type>Reporting</Type>
      <Position>1029</Position>
    </EventMentionInfo>
    <EventMentionInfo>
      <ID>23</ID>
      <AnchorText>quake</AnchorText>
      <Type>Occurrence</Type>
      <Position>1080</Position>
    </EventMentionInfo>
    <EventMentionInfo>
      <ID>24</ID>
      <AnchorText>knocked</AnchorText>
      <Type>Occurrence</Type>
      <Position>1086</Position>
    </EventMentionInfo>
    <EventMentionInfo>
      <ID>25</ID>
      <AnchorText>said</AnchorText>
      <Type>Reporting</Type>
      <Position>1215</Position>
    </EventMentionInfo>
    <EventMentionInfo>
      <ID>26</ID>
      <AnchorText>reports</AnchorText>
      <Type>I_Action</Type>
      <Position>1299</Position>
    </EventMentionInfo>
    <EventMentionInfo>
      <ID>27</ID>
      <AnchorText>rockslides</AnchorText>
      <Type>HalfGeneric</Type>
      <Position>1310</Position>
    </EventMentionInfo>
    <EventMentionInfo>
      <ID>28</ID>
      <AnchorText>said</AnchorText>
      <Type>Reporting</Type>
      <Position>1383</Position>
    </EventMentionInfo>
    <EventMentionInfo>
      <ID>29</ID>
      <AnchorText>fallen</AnchorText>
      <Type>Occurrence</Type>
      <Position>1426</Position>
    </EventMentionInfo>
    <EventMentionInfo>
      <ID>30</ID>
      <AnchorText>said</AnchorText>
      <Type>Reporting</Type>
      <Position>1475</Position>
    </EventMentionInfo>
    <EventMentionInfo>
      <ID>31</ID>
      <AnchorText>appeared</AnchorText>
      <Type>Perception</Type>
      <Position>1520</Position>
    </EventMentionInfo>
    <EventMentionInfo>
      <ID>32</ID>
      <AnchorText>earthquake</AnchorText>
      <Type>Occurrence</Type>
      <Position>1590</Position>
    </EventMentionInfo>
    <EventMentionInfo>
      <ID>33</ID>
      <AnchorText>struck</AnchorText>
      <Type>Occurrence</Type>
      <Position>1601</Position>
    </EventMentionInfo>
    <EventMentionInfo>
      <ID>34</ID>
      <AnchorText>said</AnchorText>
      <Type>Reporting</Type>
      <Position>1678</Position>
    </EventMentionInfo>
    <EventMentionInfo>
      <ID>35</ID>
      <AnchorText>felt</AnchorText>
      <Type>Perception</Type>
      <Position>1692</Position>
    </EventMentionInfo>
    <EventMentionInfo>
      <ID>36</ID>
      <AnchorText>quake</AnchorText>
      <Type>I_Action</Type>
      <Position>1710</Position>
    </EventMentionInfo>
    <EventMentionInfo>
      <ID>37</ID>
      <AnchorText>devastated</AnchorText>
      <Type>Occurrence</Type>
      <Position>1716</Position>
    </EventMentionInfo>
    <EventMentionInfo>
      <ID>38</ID>
      <AnchorText>quake</AnchorText>
      <Type>Occurrence</Type>
      <Position>1781</Position>
    </EventMentionInfo>
    <EventMentionInfo>
      <ID>39</ID>
      <AnchorText>caused</AnchorText>
      <Type>I_Action</Type>
      <Position>1787</Position>
    </EventMentionInfo>
    <EventMentionInfo>
      <ID>40</ID>
      <AnchorText>tsunami</AnchorText>
      <Type>I_Action</Type>
      <Position>1796</Position>
    </EventMentionInfo>
    <EventMentionInfo>
      <ID>41</ID>
      <AnchorText>obliterated</AnchorText>
      <Type>Occurrence</Type>
      <Position>1809</Position>
    </EventMentionInfo>
  </Events>
  <Relations>
    <HierarchyRelationInfo>
      <SuperEventID>1</SuperEventID>
      <SubEventID>2</SubEventID>
      <Type>Coref</Type>
      <Uncertain>false</Uncertain>
      <Transitive>false</Transitive>
    </HierarchyRelationInfo>
    <HierarchyRelationInfo>
      <SuperEventID>11</SuperEventID>
      <SubEventID>10</SubEventID>
      <Type>SuperSub</Type>
      <Uncertain>false</Uncertain>
      <Transitive>false</Transitive>
    </HierarchyRelationInfo>
    <HierarchyRelationInfo>
      <SuperEventID>11</SuperEventID>
      <SubEventID>1</SubEventID>
      <Type>Coref</Type>
      <Uncertain>false</Uncertain>
      <Transitive>false</Transitive>
    </HierarchyRelationInfo>
    <HierarchyRelationInfo>
      <SuperEventID>12</SuperEventID>
      <SubEventID>11</SubEventID>
      <Type>Coref</Type>
      <Uncertain>false</Uncertain>
      <Transitive>false</Transitive>
    </HierarchyRelationInfo>
    <HierarchyRelationInfo>
      <SuperEventID>12</SuperEventID>
      <SubEventID>13</SubEventID>
      <Type>SuperSub</Type>
      <Uncertain>false</Uncertain>
      <Transitive>false</Transitive>
    </HierarchyRelationInfo>
    <HierarchyRelationInfo>
      <SuperEventID>17</SuperEventID>
      <SubEventID>15</SubEventID>
      <Type>Coref</Type>
      <Uncertain>false</Uncertain>
      <Transitive>false</Transitive>
    </HierarchyRelationInfo>
    <HierarchyRelationInfo>
      <SuperEventID>23</SuperEventID>
      <SubEventID>24</SubEventID>
      <Type>SuperSub</Type>
      <Uncertain>false</Uncertain>
      <Transitive>false</Transitive>
    </HierarchyRelationInfo>
    <HierarchyRelationInfo>
      <SuperEventID>23</SuperEventID>
      <SubEventID>15</SubEventID>
      <Type>Coref</Type>
      <Uncertain>false</Uncertain>
      <Transitive>false</Transitive>
    </HierarchyRelationInfo>
    <HierarchyRelationInfo>
      <SuperEventID>23</SuperEventID>
      <SubEventID>27</SubEventID>
      <Type>SuperSub</Type>
      <Uncertain>false</Uncertain>
      <Transitive>false</Transitive>
    </HierarchyRelationInfo>
    <HierarchyRelationInfo>
      <SuperEventID>23</SuperEventID>
      <SubEventID>29</SubEventID>
      <Type>SuperSub</Type>
      <Uncertain>false</Uncertain>
      <Transitive>false</Transitive>
    </HierarchyRelationInfo>
    <HierarchyRelationInfo>
      <SuperEventID>32</SuperEventID>
      <SubEventID>33</SubEventID>
      <Type>Coref</Type>
      <Uncertain>false</Uncertain>
      <Transitive>false</Transitive>
    </HierarchyRelationInfo>
    <HierarchyRelationInfo>
      <SuperEventID>11</SuperEventID>
      <SubEventID>9</SubEventID>
      <Type>SuperSub</Type>
      <Uncertain>false</Uncertain>
      <Transitive>false</Transitive>
    </HierarchyRelationInfo>
    <HierarchyRelationInfo>
      <SuperEventID>17</SuperEventID>
      <SubEventID>23</SubEventID>
      <Type>Coref</Type>
      <Uncertain>false</Uncertain>
      <Transitive>false</Transitive>
    </HierarchyRelationInfo>
    <HierarchyRelationInfo>
      <SuperEventID>2</SuperEventID>
      <SubEventID>11</SubEventID>
      <Type>Coref</Type>
      <Uncertain>false</Uncertain>
      <Transitive>false</Transitive>
    </HierarchyRelationInfo>
    <HierarchyRelationInfo>
      <SuperEventID>37</SuperEventID>
      <SubEventID>41</SubEventID>
      <Type>SuperSub</Type>
      <Uncertain>false</Uncertain>
      <Transitive>false</Transitive>
      <Comment>Suncana, </Comment>
    </HierarchyRelationInfo>
  </Relations>
</ArticleInfo>