<ArticleInfo>
  <Text>A Premier League superstar was mobbed by fans after he had a 6 inch haircut at an ordinary barbers in a terraced row of shops. Newcastle United hitman Papiss Cisse has scored 10 goals in nine games since he signed from the German Bundesliga, and has fired the Geordies to the verge of European competition next season. But the 7.5m man, believed to earn at least 40,000 a week, has not got too big for his boots since arriving in the North East. Rather than use a sparkling salon, he visited The Barber Shop in Felling, Gateshead, which is run by Iyad Attallah, and parked his white Audi sports car, which has his named monogrammed on the wings, outside. Rather than have the blinds closed and have a quiet cut in peace, the 26-year-old Senegal striker was happy for the shop to remain open. By the time the trim was complete, about 50 young fans had got word of the star striker's presence and when he left they mobbed him for pictures and autographs, shouting "We love you Cisse." The commotion was caught on mobile phones and fans posted the pictures on YouTube. When manager Alan Pardew was asked about the reaction the player caused, he said: "That sounds like the North East. I have never had it myself - only one or two turn up when I get my hair cut. Papiss has grown into a bit of a cult figure here in terms of what he has done and the way he has conducted himself. </Text>
  <Events>
    <EventMentionInfo>
      <ID>1</ID>
      <AnchorText>mobbed</AnchorText>
      <Type>Occurrence</Type>
      <Position>31</Position>
    </EventMentionInfo>
    <EventMentionInfo>
      <ID>2</ID>
      <AnchorText>had</AnchorText>
      <Type>Occurrence</Type>
      <Position>55</Position>
    </EventMentionInfo>
    <EventMentionInfo>
      <ID>3</ID>
      <AnchorText>haircut</AnchorText>
      <Type>Occurrence</Type>
      <Position>68</Position>
    </EventMentionInfo>
    <EventMentionInfo>
      <ID>4</ID>
      <AnchorText>scored</AnchorText>
      <Type>I_Action</Type>
      <Position>168</Position>
    </EventMentionInfo>
    <EventMentionInfo>
      <ID>5</ID>
      <AnchorText>goals</AnchorText>
      <Type>HalfGeneric</Type>
      <Position>178</Position>
    </EventMentionInfo>
    <EventMentionInfo>
      <ID>6</ID>
      <AnchorText>games</AnchorText>
      <Type>Occurrence</Type>
      <Position>192</Position>
    </EventMentionInfo>
    <EventMentionInfo>
      <ID>7</ID>
      <AnchorText>signed</AnchorText>
      <Type>Occurrence</Type>
      <Position>207</Position>
    </EventMentionInfo>
    <EventMentionInfo>
      <ID>8</ID>
      <AnchorText>fired</AnchorText>
      <Type>Occurrence</Type>
      <Position>250</Position>
    </EventMentionInfo>
    <EventMentionInfo>
      <ID>9</ID>
      <AnchorText>arriving</AnchorText>
      <Type>Occurrence</Type>
      <Position>418</Position>
    </EventMentionInfo>
    <EventMentionInfo>
      <ID>10</ID>
      <AnchorText>visited</AnchorText>
      <Type>Occurrence</Type>
      <Position>484</Position>
    </EventMentionInfo>
    <EventMentionInfo>
      <ID>11</ID>
      <AnchorText>parked</AnchorText>
      <Type>Occurrence</Type>
      <Position>566</Position>
    </EventMentionInfo>
    <EventMentionInfo>
      <ID>12</ID>
      <AnchorText>trim</AnchorText>
      <Type>Occurrence</Type>
      <Position>808</Position>
    </EventMentionInfo>
    <EventMentionInfo>
      <ID>13</ID>
      <AnchorText>complete</AnchorText>
      <Type>Occurrence</Type>
      <Position>817</Position>
    </EventMentionInfo>
    <EventMentionInfo>
      <ID>14</ID>
      <AnchorText>got</AnchorText>
      <Type>Occurrence</Type>
      <Position>851</Position>
    </EventMentionInfo>
    <EventMentionInfo>
      <ID>15</ID>
      <AnchorText>left</AnchorText>
      <Type>Occurrence</Type>
      <Position>903</Position>
    </EventMentionInfo>
    <EventMentionInfo>
      <ID>16</ID>
      <AnchorText>mobbed</AnchorText>
      <Type>Occurrence</Type>
      <Position>913</Position>
    </EventMentionInfo>
    <EventMentionInfo>
      <ID>17</ID>
      <AnchorText>shouting</AnchorText>
      <Type>Occurrence</Type>
      <Position>953</Position>
    </EventMentionInfo>
    <EventMentionInfo>
      <ID>18</ID>
      <AnchorText>commotion</AnchorText>
      <Type>Occurrence</Type>
      <Position>987</Position>
    </EventMentionInfo>
    <EventMentionInfo>
      <ID>19</ID>
      <AnchorText>caught</AnchorText>
      <Type>I_Action</Type>
      <Position>1001</Position>
    </EventMentionInfo>
    <EventMentionInfo>
      <ID>20</ID>
      <AnchorText>posted</AnchorText>
      <Type>Reporting</Type>
      <Position>1034</Position>
    </EventMentionInfo>
    <EventMentionInfo>
      <ID>21</ID>
      <AnchorText>asked</AnchorText>
      <Type>I_Action</Type>
      <Position>1095</Position>
    </EventMentionInfo>
    <EventMentionInfo>
      <ID>22</ID>
      <AnchorText>reaction</AnchorText>
      <Type>Occurrence</Type>
      <Position>1111</Position>
    </EventMentionInfo>
    <EventMentionInfo>
      <ID>23</ID>
      <AnchorText>caused</AnchorText>
      <Type>I_Action</Type>
      <Position>1131</Position>
    </EventMentionInfo>
    <EventMentionInfo>
      <ID>24</ID>
      <AnchorText>said</AnchorText>
      <Type>Reporting</Type>
      <Position>1142</Position>
    </EventMentionInfo>
    <EventMentionInfo>
      <ID>25</ID>
      <AnchorText>grown</AnchorText>
      <Type>StateChange</Type>
      <Position>1270</Position>
    </EventMentionInfo>
    <EventMentionInfo>
      <ID>26</ID>
      <AnchorText>done</AnchorText>
      <Type>HalfGeneric</Type>
      <Position>1333</Position>
    </EventMentionInfo>
  </Events>
  <Relations>
    <HierarchyRelationInfo>
      <SuperEventID>6</SuperEventID>
      <SubEventID>5</SubEventID>
      <Type>SuperSub</Type>
      <Uncertain>false</Uncertain>
      <Transitive>false</Transitive>
    </HierarchyRelationInfo>
    <HierarchyRelationInfo>
      <SuperEventID>6</SuperEventID>
      <SubEventID>8</SubEventID>
      <Type>SuperSub</Type>
      <Uncertain>false</Uncertain>
      <Transitive>false</Transitive>
    </HierarchyRelationInfo>
    <HierarchyRelationInfo>
      <SuperEventID>3</SuperEventID>
      <SubEventID>12</SubEventID>
      <Type>Coref</Type>
      <Uncertain>false</Uncertain>
      <Transitive>false</Transitive>
    </HierarchyRelationInfo>
    <HierarchyRelationInfo>
      <SuperEventID>12</SuperEventID>
      <SubEventID>13</SubEventID>
      <Type>SuperSub</Type>
      <Uncertain>false</Uncertain>
      <Transitive>false</Transitive>
    </HierarchyRelationInfo>
    <HierarchyRelationInfo>
      <SuperEventID>16</SuperEventID>
      <SubEventID>1</SubEventID>
      <Type>Coref</Type>
      <Uncertain>false</Uncertain>
      <Transitive>false</Transitive>
    </HierarchyRelationInfo>
    <HierarchyRelationInfo>
      <SuperEventID>16</SuperEventID>
      <SubEventID>17</SubEventID>
      <Type>SuperSub</Type>
      <Uncertain>false</Uncertain>
      <Transitive>false</Transitive>
    </HierarchyRelationInfo>
    <HierarchyRelationInfo>
      <SuperEventID>18</SuperEventID>
      <SubEventID>16</SubEventID>
      <Type>Coref</Type>
      <Uncertain>false</Uncertain>
      <Transitive>false</Transitive>
    </HierarchyRelationInfo>
    <HierarchyRelationInfo>
      <SuperEventID>10</SuperEventID>
      <SubEventID>11</SubEventID>
      <Type>SuperSub</Type>
      <Uncertain>false</Uncertain>
      <Transitive>false</Transitive>
      <Comment>Suncana, </Comment>
    </HierarchyRelationInfo>
  </Relations>
</ArticleInfo>