<ArticleInfo>
  <Text>The coincident index was up 0.2 percent last month, after an unrevised gain of 0.2 percent in February, suggesting that current conditions continue to improve. The lagging index increased 0.3 percent, after a revised 0.1 percent advance first reported as 0.2 percent. Earlier Thursday, the U.S. Labor Department reported more Americans than expected filed for unemployment benefit in the week ended April 14, which also happens to coincide with the April payroll employment survey week, echoing the International Monetary Fund's view that job creation this year and next will be modest at best. Applications for unemployment insurance payments decreased by 2,000 from the previous week's upwardly revised figure of 388,000, to 386,000, according to data from the Labor Department issued Thursday in Washington. However, the level of claims was above market expectations for a 370,000 reading. The four-week moving average, which normally provides a better indication of the underlying trend in labor markets, was 374,750, an increase of 5,500 from the previous week's upwardly revised average of 369,250 for first-time benefit applicants. The number of people filing for benefits after an initial week of aid increased by 26,000, to 3.30 million in the week ended April 7. The continuing claims figure doesn't include the number of Americans receiving extended benefits under federal programs. The four-week moving average for the week ended April 7 fell 21,500 to 3.32 million from the preceding week's revised average of 3.34 million. </Text>
  <Events>
    <EventMentionInfo>
      <ID>1</ID>
      <AnchorText>gain</AnchorText>
      <Type>StateChange</Type>
      <Position>71</Position>
    </EventMentionInfo>
    <EventMentionInfo>
      <ID>2</ID>
      <AnchorText>improve</AnchorText>
      <Type>StateChange</Type>
      <Position>151</Position>
    </EventMentionInfo>
    <EventMentionInfo>
      <ID>3</ID>
      <AnchorText>increased</AnchorText>
      <Type>StateChange</Type>
      <Position>178</Position>
    </EventMentionInfo>
    <EventMentionInfo>
      <ID>4</ID>
      <AnchorText>advance</AnchorText>
      <Type>Occurrence</Type>
      <Position>229</Position>
    </EventMentionInfo>
    <EventMentionInfo>
      <ID>5</ID>
      <AnchorText>reported</AnchorText>
      <Type>Reporting</Type>
      <Position>243</Position>
    </EventMentionInfo>
    <EventMentionInfo>
      <ID>6</ID>
      <AnchorText>reported</AnchorText>
      <Type>Reporting</Type>
      <Position>312</Position>
    </EventMentionInfo>
    <EventMentionInfo>
      <ID>7</ID>
      <AnchorText>filed</AnchorText>
      <Type>Occurrence</Type>
      <Position>350</Position>
    </EventMentionInfo>
    <EventMentionInfo>
      <ID>8</ID>
      <AnchorText>echoing</AnchorText>
      <Type>Occurrence</Type>
      <Position>487</Position>
    </EventMentionInfo>
    <EventMentionInfo>
      <ID>9</ID>
      <AnchorText>decreased</AnchorText>
      <Type>StateChange</Type>
      <Position>644</Position>
    </EventMentionInfo>
    <EventMentionInfo>
      <ID>10</ID>
      <AnchorText>issued</AnchorText>
      <Type>Reporting</Type>
      <Position>780</Position>
    </EventMentionInfo>
    <EventMentionInfo>
      <ID>11</ID>
      <AnchorText>claims</AnchorText>
      <Type>HalfGeneric</Type>
      <Position>833</Position>
    </EventMentionInfo>
    <EventMentionInfo>
      <ID>12</ID>
      <AnchorText>increase</AnchorText>
      <Type>StateChange</Type>
      <Position>1025</Position>
    </EventMentionInfo>
    <EventMentionInfo>
      <ID>13</ID>
      <AnchorText>filing</AnchorText>
      <Type>Occurrence</Type>
      <Position>1160</Position>
    </EventMentionInfo>
    <EventMentionInfo>
      <ID>14</ID>
      <AnchorText>increased</AnchorText>
      <Type>StateChange</Type>
      <Position>1209</Position>
    </EventMentionInfo>
    <EventMentionInfo>
      <ID>15</ID>
      <AnchorText>fell</AnchorText>
      <Type>StateChange</Type>
      <Position>1450</Position>
    </EventMentionInfo>
  </Events>
  <Relations>
    <HierarchyRelationInfo>
      <SuperEventID>2</SuperEventID>
      <SubEventID>1</SubEventID>
      <Type>SuperSub</Type>
      <Uncertain>false</Uncertain>
      <Transitive>false</Transitive>
    </HierarchyRelationInfo>
    <HierarchyRelationInfo>
      <SuperEventID>13</SuperEventID>
      <SubEventID>14</SubEventID>
      <Type>SuperSub</Type>
      <Uncertain>false</Uncertain>
      <Transitive>false</Transitive>
    </HierarchyRelationInfo>
    <HierarchyRelationInfo>
      <SuperEventID>11</SuperEventID>
      <SubEventID>9</SubEventID>
      <Type>SuperSub</Type>
      <Uncertain>false</Uncertain>
      <Transitive>false</Transitive>
    </HierarchyRelationInfo>
    <HierarchyRelationInfo>
      <SuperEventID>13</SuperEventID>
      <SubEventID>15</SubEventID>
      <Type>SuperSub</Type>
      <Uncertain>false</Uncertain>
      <Transitive>false</Transitive>
      <Comment>Suncana, </Comment>
    </HierarchyRelationInfo>
    <HierarchyRelationInfo>
      <SuperEventID>2</SuperEventID>
      <SubEventID>3</SubEventID>
      <Type>SuperSub</Type>
      <Uncertain>false</Uncertain>
      <Transitive>false</Transitive>
      <Comment>Suncana, </Comment>
    </HierarchyRelationInfo>
    <HierarchyRelationInfo>
      <SuperEventID>2</SuperEventID>
      <SubEventID>4</SubEventID>
      <Type>SuperSub</Type>
      <Uncertain>false</Uncertain>
      <Transitive>false</Transitive>
      <Comment>Suncana, </Comment>
    </HierarchyRelationInfo>
    <HierarchyRelationInfo>
      <SuperEventID>11</SuperEventID>
      <SubEventID>13</SubEventID>
      <Type>Coref</Type>
      <Uncertain>false</Uncertain>
      <Transitive>false</Transitive>
      <Comment>Suncana, </Comment>
    </HierarchyRelationInfo>
  </Relations>
</ArticleInfo>