<ArticleInfo>
  <Text>Syria's president has denied he ordered the deadly crackdown on a nearly 9-month-old uprising, claiming he is not in charge of the troops behind the assault. Speaking to ABC's Barbara Walters in a rare interview that aired Wednesday, President Bashar Assad maintained he did not give a command "to kill or be brutal." "They're not my forces," Assad responded when asked if Syrian troops had cracked down too hard on protesters. "They are military forces (who) belong to the government. I don't own them. I'm president. I don't own the country." In fact, in his role as president, Assad is the commander of Syria's armed forces. The U.N. estimates more than 4,000 people have been killed in Syria since the uprising began in March. "Who said the United Nations is a credible institution?" Assad said, when Walters asked him about allegations of widespread violence and torture. State Department spokesman Mark Toner said Assad was trying to shirk responsibility. "I find it ludicrous that he is attempting to hide behind some sort of shell game but also some sort of claim that he doesn't exercise authority in his own country," Toner said. Assad has responded with once-unthinkable promises of reform in one of the most authoritarian states in the Middle East. But he simultaneously unleashed the military to crush the protests with tanks and snipers. Still, he insisted he still had the support of Syrians. "If you don't have the support of the people you cannot be in this position," he said. "Syria is not easy... it is a very difficult country to govern if you don't have the public support." </Text>
  <Events>
    <EventMentionInfo>
      <ID>1</ID>
      <AnchorText>denied</AnchorText>
      <Type>I_Action</Type>
      <Position>22</Position>
    </EventMentionInfo>
    <EventMentionInfo>
      <ID>2</ID>
      <AnchorText>crackdown</AnchorText>
      <Type>I_Action</Type>
      <Position>51</Position>
    </EventMentionInfo>
    <EventMentionInfo>
      <ID>3</ID>
      <AnchorText>uprising</AnchorText>
      <Type>Occurrence</Type>
      <Position>85</Position>
    </EventMentionInfo>
    <EventMentionInfo>
      <ID>4</ID>
      <AnchorText>claiming</AnchorText>
      <Type>Reporting</Type>
      <Position>95</Position>
    </EventMentionInfo>
    <EventMentionInfo>
      <ID>5</ID>
      <AnchorText>assault</AnchorText>
      <Type>Occurrence</Type>
      <Position>149</Position>
    </EventMentionInfo>
    <EventMentionInfo>
      <ID>6</ID>
      <AnchorText>Speaking</AnchorText>
      <Type>Occurrence</Type>
      <Position>158</Position>
    </EventMentionInfo>
    <EventMentionInfo>
      <ID>7</ID>
      <AnchorText>interview</AnchorText>
      <Type>Occurrence</Type>
      <Position>202</Position>
    </EventMentionInfo>
    <EventMentionInfo>
      <ID>8</ID>
      <AnchorText>aired</AnchorText>
      <Type>Occurrence</Type>
      <Position>217</Position>
    </EventMentionInfo>
    <EventMentionInfo>
      <ID>9</ID>
      <AnchorText>maintained</AnchorText>
      <Type>Reporting</Type>
      <Position>257</Position>
    </EventMentionInfo>
    <EventMentionInfo>
      <ID>10</ID>
      <AnchorText>responded</AnchorText>
      <Type>Reporting</Type>
      <Position>349</Position>
    </EventMentionInfo>
    <EventMentionInfo>
      <ID>11</ID>
      <AnchorText>asked</AnchorText>
      <Type>Occurrence</Type>
      <Position>364</Position>
    </EventMentionInfo>
    <EventMentionInfo>
      <ID>12</ID>
      <AnchorText>cracked</AnchorText>
      <Type>Occurrence</Type>
      <Position>391</Position>
    </EventMentionInfo>
    <EventMentionInfo>
      <ID>13</ID>
      <AnchorText>estimates</AnchorText>
      <Type>Reporting</Type>
      <Position>637</Position>
    </EventMentionInfo>
    <EventMentionInfo>
      <ID>14</ID>
      <AnchorText>killed</AnchorText>
      <Type>Occurrence</Type>
      <Position>680</Position>
    </EventMentionInfo>
    <EventMentionInfo>
      <ID>15</ID>
      <AnchorText>uprising</AnchorText>
      <Type>Occurrence</Type>
      <Position>706</Position>
    </EventMentionInfo>
    <EventMentionInfo>
      <ID>16</ID>
      <AnchorText>began</AnchorText>
      <Type>I_Action</Type>
      <Position>715</Position>
    </EventMentionInfo>
    <EventMentionInfo>
      <ID>17</ID>
      <AnchorText>said</AnchorText>
      <Type>Reporting</Type>
      <Position>794</Position>
    </EventMentionInfo>
    <EventMentionInfo>
      <ID>18</ID>
      <AnchorText>asked</AnchorText>
      <Type>Reporting</Type>
      <Position>813</Position>
    </EventMentionInfo>
    <EventMentionInfo>
      <ID>19</ID>
      <AnchorText>allegations</AnchorText>
      <Type>HalfGeneric</Type>
      <Position>829</Position>
    </EventMentionInfo>
    <EventMentionInfo>
      <ID>20</ID>
      <AnchorText>said</AnchorText>
      <Type>Reporting</Type>
      <Position>915</Position>
    </EventMentionInfo>
    <EventMentionInfo>
      <ID>21</ID>
      <AnchorText>trying</AnchorText>
      <Type>I_Action</Type>
      <Position>930</Position>
    </EventMentionInfo>
    <EventMentionInfo>
      <ID>22</ID>
      <AnchorText>said</AnchorText>
      <Type>Reporting</Type>
      <Position>1134</Position>
    </EventMentionInfo>
    <EventMentionInfo>
      <ID>23</ID>
      <AnchorText>responded</AnchorText>
      <Type>Reporting</Type>
      <Position>1150</Position>
    </EventMentionInfo>
    <EventMentionInfo>
      <ID>24</ID>
      <AnchorText>unleashed</AnchorText>
      <Type>I_Action</Type>
      <Position>1283</Position>
    </EventMentionInfo>
    <EventMentionInfo>
      <ID>25</ID>
      <AnchorText>protests</AnchorText>
      <Type>Occurrence</Type>
      <Position>1319</Position>
    </EventMentionInfo>
    <EventMentionInfo>
      <ID>26</ID>
      <AnchorText>insisted</AnchorText>
      <Type>Reporting</Type>
      <Position>1362</Position>
    </EventMentionInfo>
    <EventMentionInfo>
      <ID>27</ID>
      <AnchorText>said</AnchorText>
      <Type>Reporting</Type>
      <Position>1489</Position>
    </EventMentionInfo>
  </Events>
  <Relations>
    <HierarchyRelationInfo>
      <SuperEventID>7</SuperEventID>
      <SubEventID>6</SubEventID>
      <Type>SuperSub</Type>
      <Uncertain>false</Uncertain>
    </HierarchyRelationInfo>
    <HierarchyRelationInfo>
      <SuperEventID>7</SuperEventID>
      <SubEventID>11</SubEventID>
      <Type>SuperSub</Type>
      <Uncertain>false</Uncertain>
    </HierarchyRelationInfo>
    <HierarchyRelationInfo>
      <SuperEventID>12</SuperEventID>
      <SubEventID>5</SubEventID>
      <Type>Coref</Type>
      <Uncertain>false</Uncertain>
    </HierarchyRelationInfo>
    <HierarchyRelationInfo>
      <SuperEventID>15</SuperEventID>
      <SubEventID>3</SubEventID>
      <Type>Coref</Type>
      <Uncertain>false</Uncertain>
    </HierarchyRelationInfo>
    <HierarchyRelationInfo>
      <SuperEventID>15</SuperEventID>
      <SubEventID>14</SubEventID>
      <Type>SuperSub</Type>
      <Uncertain>false</Uncertain>
    </HierarchyRelationInfo>
    <HierarchyRelationInfo>
      <SuperEventID>15</SuperEventID>
      <SubEventID>25</SubEventID>
      <Type>SuperSub</Type>
      <Uncertain>false</Uncertain>
    </HierarchyRelationInfo>
    <HierarchyRelationInfo>
      <SuperEventID>25</SuperEventID>
      <SubEventID>12</SubEventID>
      <Type>SuperSub</Type>
      <Uncertain>false</Uncertain>
    </HierarchyRelationInfo>
  </Relations>
</ArticleInfo>