<ArticleInfo>
  <Text>Hundreds of people took to the streets in Pakistan's capital city of Islamabad Thursday, to protest the NATO airstrike that killed 24 Pakistani soldiers on Nov 26, NBC News reported. Lawyers, union members, and others -- carrying Pakistani flag and signs reading "Go America Go" and "We Condemn Nato Attack" -- marched to the heavily-fortified diplomatic enclave. Police in riot gear stood behind barbed wire along parts of the route. A dummy marked "Nato" was burned outside the Parliament building. A police official told Agence France Presse that 500 policemen were deployed around the diplomatic enclave to prevent any violence. The protest came after assailants earlier torched more than 20 tankers in Pakistan carrying fuel for U.S. and NATO troops in neighboring Afghanistan on Thursday, in the first reported attack since Islamabad closed the border to protest coalition airstrikes. Several hundred trucks have been stranded at poorly guarded terminals around the country as they wait for Pakistan to reopen its two border crossings into Afghanistan. Around 40 percent of the non-lethal supplies for U.S.-led troops in landlocked Afghanistan travel across Pakistani soil. Islamabad closed both frontier crossings into Afghanistan on Nov. 26, hours after airstrikes by the U.S.-led coalition killed 24 Pakistani troops on the Pakistan-Afghanistan border. U.S. and NATO officials have said the incident was a mistake, and have pledged to investigate. Police officer Hamid Shakil says unknown men fired rockets at a terminal for the tankers close to the southwestern city of Quetta. He said at least 23 tankers were set ablaze. There were no immediate reports of casualties. Last year, Islamabad temporarily closed one of its Afghan crossings to NATO supplies after U.S. helicopters accidentally killed two Pakistani soldiers. Suspected militants or criminals took advantage of the impasse to launch many attacks against stranded or rerouted trucks carrying NATO supplies. The deadly airstrikes at the border sent already tense relations between Pakistan and the United States to new lows, threatening Islamabad's cooperation in helping negotiate an end to the Afghan war. It came amid political tensions in Islamabad following the resignation of Pakistan's ambassador to the United States following an outcry from the country's powerful military establishment, which is in charge of Afghan and U.S. policy. Envoy Husain Haqqani stepped down because of allegations he wrote a memo to Washington asking for its help to stop a supposed military coup. President Asif Ali Zardari has been under pressure because of the scandal, and on Tuesday flew to Dubai for medical treatment related to a heart condition. His trip led to rumors that the 56-year-old was losing his grip on power. Earlier Thursday, Secretary of State Hillary Rodham Clinton said the U.S. expected Zardari, an American ally, "will be able to return in full health in his duties" after receiving treatment. A statement for the presidency said Zardari's health was improving. </Text>
  <Events>
    <EventMentionInfo>
      <ID>1</ID>
      <AnchorText>took</AnchorText>
      <Type>I_Action</Type>
      <Position>19</Position>
    </EventMentionInfo>
    <EventMentionInfo>
      <ID>2</ID>
      <AnchorText>protest</AnchorText>
      <Type>I_Action</Type>
      <Position>92</Position>
    </EventMentionInfo>
    <EventMentionInfo>
      <ID>3</ID>
      <AnchorText>airstrike</AnchorText>
      <Type>Occurrence</Type>
      <Position>109</Position>
    </EventMentionInfo>
    <EventMentionInfo>
      <ID>4</ID>
      <AnchorText>killed</AnchorText>
      <Type>Occurrence</Type>
      <Position>124</Position>
    </EventMentionInfo>
    <EventMentionInfo>
      <ID>5</ID>
      <AnchorText>reported</AnchorText>
      <Type>Reporting</Type>
      <Position>173</Position>
    </EventMentionInfo>
    <EventMentionInfo>
      <ID>6</ID>
      <AnchorText>carrying</AnchorText>
      <Type>Occurrence</Type>
      <Position>221</Position>
    </EventMentionInfo>
    <EventMentionInfo>
      <ID>7</ID>
      <AnchorText>Attack</AnchorText>
      <Type>Occurrence</Type>
      <Position>300</Position>
    </EventMentionInfo>
    <EventMentionInfo>
      <ID>8</ID>
      <AnchorText>marched</AnchorText>
      <Type>Occurrence</Type>
      <Position>311</Position>
    </EventMentionInfo>
    <EventMentionInfo>
      <ID>9</ID>
      <AnchorText>burned</AnchorText>
      <Type>Occurrence</Type>
      <Position>461</Position>
    </EventMentionInfo>
    <EventMentionInfo>
      <ID>10</ID>
      <AnchorText>told</AnchorText>
      <Type>Reporting</Type>
      <Position>519</Position>
    </EventMentionInfo>
    <EventMentionInfo>
      <ID>11</ID>
      <AnchorText>deployed</AnchorText>
      <Type>I_Action</Type>
      <Position>569</Position>
    </EventMentionInfo>
    <EventMentionInfo>
      <ID>12</ID>
      <AnchorText>protest</AnchorText>
      <Type>Occurrence</Type>
      <Position>637</Position>
    </EventMentionInfo>
    <EventMentionInfo>
      <ID>13</ID>
      <AnchorText>came</AnchorText>
      <Type>Occurrence</Type>
      <Position>645</Position>
    </EventMentionInfo>
    <EventMentionInfo>
      <ID>14</ID>
      <AnchorText>torched</AnchorText>
      <Type>Occurrence</Type>
      <Position>675</Position>
    </EventMentionInfo>
    <EventMentionInfo>
      <ID>15</ID>
      <AnchorText>attack</AnchorText>
      <Type>Occurrence</Type>
      <Position>817</Position>
    </EventMentionInfo>
    <EventMentionInfo>
      <ID>16</ID>
      <AnchorText>closed</AnchorText>
      <Type>I_Action</Type>
      <Position>840</Position>
    </EventMentionInfo>
    <EventMentionInfo>
      <ID>17</ID>
      <AnchorText>protest</AnchorText>
      <Type>I_Action</Type>
      <Position>861</Position>
    </EventMentionInfo>
    <EventMentionInfo>
      <ID>18</ID>
      <AnchorText>airstrikes</AnchorText>
      <Type>HalfGeneric</Type>
      <Position>879</Position>
    </EventMentionInfo>
    <EventMentionInfo>
      <ID>19</ID>
      <AnchorText>stranded</AnchorText>
      <Type>Occurrence</Type>
      <Position>924</Position>
    </EventMentionInfo>
    <EventMentionInfo>
      <ID>20</ID>
      <AnchorText>wait</AnchorText>
      <Type>I_Action</Type>
      <Position>988</Position>
    </EventMentionInfo>
    <EventMentionInfo>
      <ID>21</ID>
      <AnchorText>closed</AnchorText>
      <Type>Occurrence</Type>
      <Position>1190</Position>
    </EventMentionInfo>
    <EventMentionInfo>
      <ID>22</ID>
      <AnchorText>airstrikes</AnchorText>
      <Type>Occurrence</Type>
      <Position>1262</Position>
    </EventMentionInfo>
    <EventMentionInfo>
      <ID>23</ID>
      <AnchorText>killed</AnchorText>
      <Type>Occurrence</Type>
      <Position>1299</Position>
    </EventMentionInfo>
    <EventMentionInfo>
      <ID>24</ID>
      <AnchorText>said</AnchorText>
      <Type>Reporting</Type>
      <Position>1391</Position>
    </EventMentionInfo>
    <EventMentionInfo>
      <ID>25</ID>
      <AnchorText>incident</AnchorText>
      <Type>Occurrence</Type>
      <Position>1400</Position>
    </EventMentionInfo>
    <EventMentionInfo>
      <ID>26</ID>
      <AnchorText>pledged</AnchorText>
      <Type>I_Action</Type>
      <Position>1433</Position>
    </EventMentionInfo>
    <EventMentionInfo>
      <ID>27</ID>
      <AnchorText>says</AnchorText>
      <Type>Reporting</Type>
      <Position>1485</Position>
    </EventMentionInfo>
    <EventMentionInfo>
      <ID>28</ID>
      <AnchorText>fired</AnchorText>
      <Type>Occurrence</Type>
      <Position>1502</Position>
    </EventMentionInfo>
    <EventMentionInfo>
      <ID>29</ID>
      <AnchorText>said</AnchorText>
      <Type>Reporting</Type>
      <Position>1591</Position>
    </EventMentionInfo>
    <EventMentionInfo>
      <ID>30</ID>
      <AnchorText>set</AnchorText>
      <Type>I_Action</Type>
      <Position>1621</Position>
    </EventMentionInfo>
    <EventMentionInfo>
      <ID>31</ID>
      <AnchorText>ablaze</AnchorText>
      <Type>Occurrence</Type>
      <Position>1625</Position>
    </EventMentionInfo>
    <EventMentionInfo>
      <ID>32</ID>
      <AnchorText>closed</AnchorText>
      <Type>Occurrence</Type>
      <Position>1713</Position>
    </EventMentionInfo>
    <EventMentionInfo>
      <ID>33</ID>
      <AnchorText>killed</AnchorText>
      <Type>Occurrence</Type>
      <Position>1801</Position>
    </EventMentionInfo>
    <EventMentionInfo>
      <ID>34</ID>
      <AnchorText>took</AnchorText>
      <Type>I_Action</Type>
      <Position>1865</Position>
    </EventMentionInfo>
    <EventMentionInfo>
      <ID>35</ID>
      <AnchorText>impasse</AnchorText>
      <Type>Occurrence</Type>
      <Position>1887</Position>
    </EventMentionInfo>
    <EventMentionInfo>
      <ID>36</ID>
      <AnchorText>launch</AnchorText>
      <Type>I_Action</Type>
      <Position>1898</Position>
    </EventMentionInfo>
    <EventMentionInfo>
      <ID>37</ID>
      <AnchorText>attacks</AnchorText>
      <Type>HalfGeneric</Type>
      <Position>1910</Position>
    </EventMentionInfo>
    <EventMentionInfo>
      <ID>38</ID>
      <AnchorText>airstrikes</AnchorText>
      <Type>Occurrence</Type>
      <Position>1989</Position>
    </EventMentionInfo>
    <EventMentionInfo>
      <ID>39</ID>
      <AnchorText>sent</AnchorText>
      <Type>Occurrence</Type>
      <Position>2014</Position>
    </EventMentionInfo>
    <EventMentionInfo>
      <ID>40</ID>
      <AnchorText>threatening</AnchorText>
      <Type>Occurrence</Type>
      <Position>2095</Position>
    </EventMentionInfo>
    <EventMentionInfo>
      <ID>41</ID>
      <AnchorText>war</AnchorText>
      <Type>Occurrence</Type>
      <Position>2173</Position>
    </EventMentionInfo>
    <EventMentionInfo>
      <ID>42</ID>
      <AnchorText>resignation</AnchorText>
      <Type>Occurrence</Type>
      <Position>2237</Position>
    </EventMentionInfo>
    <EventMentionInfo>
      <ID>43</ID>
      <AnchorText>outcry</AnchorText>
      <Type>Occurrence</Type>
      <Position>2308</Position>
    </EventMentionInfo>
    <EventMentionInfo>
      <ID>44</ID>
      <AnchorText>stepped</AnchorText>
      <Type>Occurrence</Type>
      <Position>2434</Position>
    </EventMentionInfo>
    <EventMentionInfo>
      <ID>45</ID>
      <AnchorText>scandal</AnchorText>
      <Type>Occurrence</Type>
      <Position>2620</Position>
    </EventMentionInfo>
    <EventMentionInfo>
      <ID>46</ID>
      <AnchorText>flew</AnchorText>
      <Type>Occurrence</Type>
      <Position>2644</Position>
    </EventMentionInfo>
    <EventMentionInfo>
      <ID>47</ID>
      <AnchorText>trip</AnchorText>
      <Type>Occurrence</Type>
      <Position>2714</Position>
    </EventMentionInfo>
    <EventMentionInfo>
      <ID>48</ID>
      <AnchorText>led</AnchorText>
      <Type>Occurrence</Type>
      <Position>2719</Position>
    </EventMentionInfo>
    <EventMentionInfo>
      <ID>49</ID>
      <AnchorText>said</AnchorText>
      <Type>Reporting</Type>
      <Position>2844</Position>
    </EventMentionInfo>
    <EventMentionInfo>
      <ID>50</ID>
      <AnchorText>statement</AnchorText>
      <Type>Occurrence</Type>
      <Position>2977</Position>
    </EventMentionInfo>
    <EventMentionInfo>
      <ID>51</ID>
      <AnchorText>said</AnchorText>
      <Type>Reporting</Type>
      <Position>3006</Position>
    </EventMentionInfo>
  </Events>
  <Relations>
    <HierarchyRelationInfo>
      <SuperEventID>3</SuperEventID>
      <SubEventID>4</SubEventID>
      <Type>SuperSub</Type>
      <Uncertain>false</Uncertain>
    </HierarchyRelationInfo>
    <HierarchyRelationInfo>
      <SuperEventID>7</SuperEventID>
      <SubEventID>3</SubEventID>
      <Type>Coref</Type>
      <Uncertain>false</Uncertain>
    </HierarchyRelationInfo>
    <HierarchyRelationInfo>
      <SuperEventID>12</SuperEventID>
      <SubEventID>8</SubEventID>
      <Type>SuperSub</Type>
      <Uncertain>false</Uncertain>
    </HierarchyRelationInfo>
    <HierarchyRelationInfo>
      <SuperEventID>12</SuperEventID>
      <SubEventID>6</SubEventID>
      <Type>SuperSub</Type>
      <Uncertain>false</Uncertain>
    </HierarchyRelationInfo>
    <HierarchyRelationInfo>
      <SuperEventID>12</SuperEventID>
      <SubEventID>9</SubEventID>
      <Type>SuperSub</Type>
      <Uncertain>false</Uncertain>
    </HierarchyRelationInfo>
    <HierarchyRelationInfo>
      <SuperEventID>22</SuperEventID>
      <SubEventID>18</SubEventID>
      <Type>Coref</Type>
      <Uncertain>false</Uncertain>
    </HierarchyRelationInfo>
    <HierarchyRelationInfo>
      <SuperEventID>3</SuperEventID>
      <SubEventID>18</SubEventID>
      <Type>Coref</Type>
      <Uncertain>false</Uncertain>
    </HierarchyRelationInfo>
    <HierarchyRelationInfo>
      <SuperEventID>22</SuperEventID>
      <SubEventID>23</SubEventID>
      <Type>SuperSub</Type>
      <Uncertain>false</Uncertain>
    </HierarchyRelationInfo>
    <HierarchyRelationInfo>
      <SuperEventID>22</SuperEventID>
      <SubEventID>25</SubEventID>
      <Type>SuperSub</Type>
      <Uncertain>false</Uncertain>
    </HierarchyRelationInfo>
    <HierarchyRelationInfo>
      <SuperEventID>15</SuperEventID>
      <SubEventID>28</SubEventID>
      <Type>SuperSub</Type>
      <Uncertain>false</Uncertain>
    </HierarchyRelationInfo>
    <HierarchyRelationInfo>
      <SuperEventID>28</SuperEventID>
      <SubEventID>14</SubEventID>
      <Type>SuperSub</Type>
      <Uncertain>false</Uncertain>
    </HierarchyRelationInfo>
    <HierarchyRelationInfo>
      <SuperEventID>14</SuperEventID>
      <SubEventID>31</SubEventID>
      <Type>Coref</Type>
      <Uncertain>false</Uncertain>
    </HierarchyRelationInfo>
    <HierarchyRelationInfo>
      <SuperEventID>35</SuperEventID>
      <SubEventID>32</SubEventID>
      <Type>SuperSub</Type>
      <Uncertain>false</Uncertain>
    </HierarchyRelationInfo>
    <HierarchyRelationInfo>
      <SuperEventID>35</SuperEventID>
      <SubEventID>37</SubEventID>
      <Type>SuperSub</Type>
      <Uncertain>false</Uncertain>
    </HierarchyRelationInfo>
    <HierarchyRelationInfo>
      <SuperEventID>25</SuperEventID>
      <SubEventID>38</SubEventID>
      <Type>Coref</Type>
      <Uncertain>false</Uncertain>
    </HierarchyRelationInfo>
    <HierarchyRelationInfo>
      <SuperEventID>42</SuperEventID>
      <SubEventID>44</SubEventID>
      <Type>Coref</Type>
      <Uncertain>false</Uncertain>
    </HierarchyRelationInfo>
    <HierarchyRelationInfo>
      <SuperEventID>45</SuperEventID>
      <SubEventID>44</SubEventID>
      <Type>SuperSub</Type>
      <Uncertain>false</Uncertain>
    </HierarchyRelationInfo>
    <HierarchyRelationInfo>
      <SuperEventID>46</SuperEventID>
      <SubEventID>47</SubEventID>
      <Type>Coref</Type>
      <Uncertain>false</Uncertain>
    </HierarchyRelationInfo>
  </Relations>
</ArticleInfo>