<ArticleInfo>
  <Text>A 6-foot-long inactive training missile accidentally fell from a military helicopter into field near a Texas military post, causing the brief evacuation of nearby homes but not harming anyone, officials said. About 100 homes in a neighborhood near Fort Hood were evacuated Tuesday night after a witness reported seeing something fall from the sky around 8 p.m., Killeen police spokeswoman Carroll Smith said. Residents were allowed back into their homes within an hour of the incident. Ordnance technicians from the Army post examined the missile and determined it didn't have a warhead or propulsion system, Fort Hood officials said. The training missile, which had implanted itself into the ground, was removed before midnight and left a hole in the ground several feet deep. "Safety is always our No. 1 concern, and we regret the inconvenience to the families affected in the area," Col. Howard Arey, a Fort Hood aviation officer, said in a statement Wednesday. "We want to reassure the public that our military aircraft never fly off the installation with live munitions." Arey said the post is investigating and reviewing its safety procedures, but "we believe at this time that it is not a systemic issue." Copyright 2012 The Associated Press. All rights reserved. This material may not be published, broadcast, rewritten or redistributed.</Text>
  <Events>
    <EventMentionInfo>
      <ID>1</ID>
      <AnchorText>fell</AnchorText>
      <Type>Occurrence</Type>
      <Position>53</Position>
    </EventMentionInfo>
    <EventMentionInfo>
      <ID>2</ID>
      <AnchorText>causing</AnchorText>
      <Type>I_Action</Type>
      <Position>124</Position>
    </EventMentionInfo>
    <EventMentionInfo>
      <ID>3</ID>
      <AnchorText>evacuation</AnchorText>
      <Type>Occurrence</Type>
      <Position>142</Position>
    </EventMentionInfo>
    <EventMentionInfo>
      <ID>4</ID>
      <AnchorText>said</AnchorText>
      <Type>Reporting</Type>
      <Position>203</Position>
    </EventMentionInfo>
    <EventMentionInfo>
      <ID>5</ID>
      <AnchorText>evacuated</AnchorText>
      <Type>Occurrence</Type>
      <Position>263</Position>
    </EventMentionInfo>
    <EventMentionInfo>
      <ID>6</ID>
      <AnchorText>reported</AnchorText>
      <Type>I_Action</Type>
      <Position>303</Position>
    </EventMentionInfo>
    <EventMentionInfo>
      <ID>7</ID>
      <AnchorText>seeing</AnchorText>
      <Type>Perception</Type>
      <Position>312</Position>
    </EventMentionInfo>
    <EventMentionInfo>
      <ID>8</ID>
      <AnchorText>fall</AnchorText>
      <Type>Occurrence</Type>
      <Position>329</Position>
    </EventMentionInfo>
    <EventMentionInfo>
      <ID>9</ID>
      <AnchorText>said</AnchorText>
      <Type>Reporting</Type>
      <Position>403</Position>
    </EventMentionInfo>
    <EventMentionInfo>
      <ID>10</ID>
      <AnchorText>allowed</AnchorText>
      <Type>Occurrence</Type>
      <Position>424</Position>
    </EventMentionInfo>
    <EventMentionInfo>
      <ID>11</ID>
      <AnchorText>incident</AnchorText>
      <Type>Occurrence</Type>
      <Position>476</Position>
    </EventMentionInfo>
    <EventMentionInfo>
      <ID>12</ID>
      <AnchorText>examined</AnchorText>
      <Type>Occurrence</Type>
      <Position>526</Position>
    </EventMentionInfo>
    <EventMentionInfo>
      <ID>13</ID>
      <AnchorText>determined</AnchorText>
      <Type>Occurrence</Type>
      <Position>551</Position>
    </EventMentionInfo>
    <EventMentionInfo>
      <ID>14</ID>
      <AnchorText>said</AnchorText>
      <Type>Reporting</Type>
      <Position>629</Position>
    </EventMentionInfo>
    <EventMentionInfo>
      <ID>15</ID>
      <AnchorText>implanted</AnchorText>
      <Type>Occurrence</Type>
      <Position>667</Position>
    </EventMentionInfo>
    <EventMentionInfo>
      <ID>16</ID>
      <AnchorText>removed</AnchorText>
      <Type>Occurrence</Type>
      <Position>705</Position>
    </EventMentionInfo>
    <EventMentionInfo>
      <ID>17</ID>
      <AnchorText>left</AnchorText>
      <Type>Occurrence</Type>
      <Position>733</Position>
    </EventMentionInfo>
    <EventMentionInfo>
      <ID>18</ID>
      <AnchorText>said</AnchorText>
      <Type>Reporting</Type>
      <Position>934</Position>
    </EventMentionInfo>
    <EventMentionInfo>
      <ID>19</ID>
      <AnchorText>said</AnchorText>
      <Type>Reporting</Type>
      <Position>1082</Position>
    </EventMentionInfo>
    <EventMentionInfo>
      <ID>20</ID>
      <AnchorText>investigating</AnchorText>
      <Type>Occurrence</Type>
      <Position>1099</Position>
    </EventMentionInfo>
    <EventMentionInfo>
      <ID>21</ID>
      <AnchorText>reviewing</AnchorText>
      <Type>Occurrence</Type>
      <Position>1117</Position>
    </EventMentionInfo>
  </Events>
  <Relations>
    <HierarchyRelationInfo>
      <SuperEventID>5</SuperEventID>
      <SubEventID>3</SubEventID>
      <Type>Coref</Type>
      <Uncertain>false</Uncertain>
    </HierarchyRelationInfo>
    <HierarchyRelationInfo>
      <SuperEventID>8</SuperEventID>
      <SubEventID>1</SubEventID>
      <Type>Coref</Type>
      <Uncertain>false</Uncertain>
    </HierarchyRelationInfo>
    <HierarchyRelationInfo>
      <SuperEventID>11</SuperEventID>
      <SubEventID>1</SubEventID>
      <Type>SuperSub</Type>
      <Uncertain>false</Uncertain>
    </HierarchyRelationInfo>
    <HierarchyRelationInfo>
      <SuperEventID>1</SuperEventID>
      <SubEventID>5</SubEventID>
      <Type>SuperSub</Type>
      <Uncertain>false</Uncertain>
    </HierarchyRelationInfo>
    <HierarchyRelationInfo>
      <SuperEventID>11</SuperEventID>
      <SubEventID>7</SubEventID>
      <Type>SuperSub</Type>
      <Uncertain>false</Uncertain>
    </HierarchyRelationInfo>
    <HierarchyRelationInfo>
      <SuperEventID>8</SuperEventID>
      <SubEventID>15</SubEventID>
      <Type>SuperSub</Type>
      <Uncertain>false</Uncertain>
    </HierarchyRelationInfo>
    <HierarchyRelationInfo>
      <SuperEventID>12</SuperEventID>
      <SubEventID>13</SubEventID>
      <Type>SuperSub</Type>
      <Uncertain>false</Uncertain>
    </HierarchyRelationInfo>
    <HierarchyRelationInfo>
      <SuperEventID>16</SuperEventID>
      <SubEventID>17</SubEventID>
      <Type>SuperSub</Type>
      <Uncertain>false</Uncertain>
    </HierarchyRelationInfo>
  </Relations>
</ArticleInfo>