<ArticleInfo>
  <Text>Russian Prime Minister Vladimir Putin has said most Russians do not want a repeat of political unrest that occurred in neighbouring Kyrgyzstan and Ukraine. Mr Putin also sought to address allegations of outside influence in the political process as the country is hit by a wave of protests after a disputed election on Sunday. His comments come after US secretary of state Hillary Clinton spoke about support of democratic opponents. Mr Putin said that by describing Russia's election as rigged, Mrs Clinton "gave a signal" to opposition parties: "They heard this signal and with the support of the US State Department began their active work," he said. Mr Putin alleged that hundreds of millions of dollars in foreign funds were funnelled and used to sway the vote. His ruling United Russia party lost a significant number of parliamentary seats in the election. Former Soviet leader Mikhail Gorbachev said the results must be annulled and a new poll held amid fraud claims. Days of protests have hit the capital Moscow and elsewhere as residents vent their anger at the ruling elite. More than 250 people were arrested during rallies in Moscow and St Petersburg on Tuesday night as they demanded Mr Putin step down. Thousands of troops have been deployed in the Russian capital as a result. Liberal opposition party leader Boris Nemtsov was among the hundreds of people who were arrested. He was later released without charge. </Text>
  <Events>
    <EventMentionInfo>
      <ID>1</ID>
      <AnchorText>said</AnchorText>
      <Type>Reporting</Type>
      <Position>42</Position>
    </EventMentionInfo>
    <EventMentionInfo>
      <ID>2</ID>
      <AnchorText>unrest</AnchorText>
      <Type>Occurrence</Type>
      <Position>95</Position>
    </EventMentionInfo>
    <EventMentionInfo>
      <ID>3</ID>
      <AnchorText>occurred</AnchorText>
      <Type>I_Action</Type>
      <Position>107</Position>
    </EventMentionInfo>
    <EventMentionInfo>
      <ID>4</ID>
      <AnchorText>sought</AnchorText>
      <Type>I_Action</Type>
      <Position>170</Position>
    </EventMentionInfo>
    <EventMentionInfo>
      <ID>5</ID>
      <AnchorText>hit</AnchorText>
      <Type>Occurrence</Type>
      <Position>264</Position>
    </EventMentionInfo>
    <EventMentionInfo>
      <ID>6</ID>
      <AnchorText>wave</AnchorText>
      <Type>I_Action</Type>
      <Position>273</Position>
    </EventMentionInfo>
    <EventMentionInfo>
      <ID>7</ID>
      <AnchorText>protests</AnchorText>
      <Type>HalfGeneric</Type>
      <Position>281</Position>
    </EventMentionInfo>
    <EventMentionInfo>
      <ID>8</ID>
      <AnchorText>election</AnchorText>
      <Type>Occurrence</Type>
      <Position>307</Position>
    </EventMentionInfo>
    <EventMentionInfo>
      <ID>9</ID>
      <AnchorText>come</AnchorText>
      <Type>I_Action</Type>
      <Position>340</Position>
    </EventMentionInfo>
    <EventMentionInfo>
      <ID>10</ID>
      <AnchorText>spoke</AnchorText>
      <Type>Reporting</Type>
      <Position>389</Position>
    </EventMentionInfo>
    <EventMentionInfo>
      <ID>11</ID>
      <AnchorText>said</AnchorText>
      <Type>Reporting</Type>
      <Position>443</Position>
    </EventMentionInfo>
    <EventMentionInfo>
      <ID>12</ID>
      <AnchorText>describing</AnchorText>
      <Type>Reporting</Type>
      <Position>456</Position>
    </EventMentionInfo>
    <EventMentionInfo>
      <ID>13</ID>
      <AnchorText>election</AnchorText>
      <Type>Occurrence</Type>
      <Position>476</Position>
    </EventMentionInfo>
    <EventMentionInfo>
      <ID>14</ID>
      <AnchorText>gave</AnchorText>
      <Type>Occurrence</Type>
      <Position>509</Position>
    </EventMentionInfo>
    <EventMentionInfo>
      <ID>15</ID>
      <AnchorText>heard</AnchorText>
      <Type>Perception</Type>
      <Position>553</Position>
    </EventMentionInfo>
    <EventMentionInfo>
      <ID>16</ID>
      <AnchorText>began</AnchorText>
      <Type>I_Action</Type>
      <Position>619</Position>
    </EventMentionInfo>
    <EventMentionInfo>
      <ID>17</ID>
      <AnchorText>work</AnchorText>
      <Type>HalfGeneric</Type>
      <Position>638</Position>
    </EventMentionInfo>
    <EventMentionInfo>
      <ID>18</ID>
      <AnchorText>said</AnchorText>
      <Type>Reporting</Type>
      <Position>648</Position>
    </EventMentionInfo>
    <EventMentionInfo>
      <ID>19</ID>
      <AnchorText>alleged</AnchorText>
      <Type>Reporting</Type>
      <Position>663</Position>
    </EventMentionInfo>
    <EventMentionInfo>
      <ID>20</ID>
      <AnchorText>funnelled</AnchorText>
      <Type>Occurrence</Type>
      <Position>730</Position>
    </EventMentionInfo>
    <EventMentionInfo>
      <ID>21</ID>
      <AnchorText>used</AnchorText>
      <Type>I_Action</Type>
      <Position>744</Position>
    </EventMentionInfo>
    <EventMentionInfo>
      <ID>22</ID>
      <AnchorText>sway</AnchorText>
      <Type>I_Action</Type>
      <Position>752</Position>
    </EventMentionInfo>
    <EventMentionInfo>
      <ID>23</ID>
      <AnchorText>vote</AnchorText>
      <Type>Occurrence</Type>
      <Position>761</Position>
    </EventMentionInfo>
    <EventMentionInfo>
      <ID>24</ID>
      <AnchorText>lost</AnchorText>
      <Type>StateChange</Type>
      <Position>798</Position>
    </EventMentionInfo>
    <EventMentionInfo>
      <ID>25</ID>
      <AnchorText>election</AnchorText>
      <Type>Occurrence</Type>
      <Position>854</Position>
    </EventMentionInfo>
    <EventMentionInfo>
      <ID>26</ID>
      <AnchorText>said</AnchorText>
      <Type>Reporting</Type>
      <Position>903</Position>
    </EventMentionInfo>
    <EventMentionInfo>
      <ID>27</ID>
      <AnchorText>protests</AnchorText>
      <Type>Occurrence</Type>
      <Position>984</Position>
    </EventMentionInfo>
    <EventMentionInfo>
      <ID>28</ID>
      <AnchorText>hit</AnchorText>
      <Type>HalfGeneric</Type>
      <Position>998</Position>
    </EventMentionInfo>
    <EventMentionInfo>
      <ID>29</ID>
      <AnchorText>vent</AnchorText>
      <Type>Occurrence</Type>
      <Position>1048</Position>
    </EventMentionInfo>
    <EventMentionInfo>
      <ID>30</ID>
      <AnchorText>arrested</AnchorText>
      <Type>Occurrence</Type>
      <Position>1112</Position>
    </EventMentionInfo>
    <EventMentionInfo>
      <ID>31</ID>
      <AnchorText>rallies</AnchorText>
      <Type>HalfGeneric</Type>
      <Position>1128</Position>
    </EventMentionInfo>
    <EventMentionInfo>
      <ID>32</ID>
      <AnchorText>demanded</AnchorText>
      <Type>I_Action</Type>
      <Position>1189</Position>
    </EventMentionInfo>
    <EventMentionInfo>
      <ID>33</ID>
      <AnchorText>deployed</AnchorText>
      <Type>Occurrence</Type>
      <Position>1248</Position>
    </EventMentionInfo>
    <EventMentionInfo>
      <ID>34</ID>
      <AnchorText>arrested</AnchorText>
      <Type>Occurrence</Type>
      <Position>1381</Position>
    </EventMentionInfo>
    <EventMentionInfo>
      <ID>35</ID>
      <AnchorText>released</AnchorText>
      <Type>Occurrence</Type>
      <Position>1404</Position>
    </EventMentionInfo>
  </Events>
  <Relations>
    <HierarchyRelationInfo>
      <SuperEventID>13</SuperEventID>
      <SubEventID>8</SubEventID>
      <Type>Coref</Type>
      <Uncertain>false</Uncertain>
    </HierarchyRelationInfo>
    <HierarchyRelationInfo>
      <SuperEventID>14</SuperEventID>
      <SubEventID>15</SubEventID>
      <Type>SuperSub</Type>
      <Uncertain>false</Uncertain>
    </HierarchyRelationInfo>
    <HierarchyRelationInfo>
      <SuperEventID>13</SuperEventID>
      <SubEventID>23</SubEventID>
      <Type>SuperSub</Type>
      <Uncertain>false</Uncertain>
    </HierarchyRelationInfo>
    <HierarchyRelationInfo>
      <SuperEventID>25</SuperEventID>
      <SubEventID>13</SubEventID>
      <Type>Coref</Type>
      <Uncertain>false</Uncertain>
    </HierarchyRelationInfo>
    <HierarchyRelationInfo>
      <SuperEventID>25</SuperEventID>
      <SubEventID>24</SubEventID>
      <Type>SuperSub</Type>
      <Uncertain>false</Uncertain>
    </HierarchyRelationInfo>
    <HierarchyRelationInfo>
      <SuperEventID>27</SuperEventID>
      <SubEventID>7</SubEventID>
      <Type>Coref</Type>
      <Uncertain>false</Uncertain>
    </HierarchyRelationInfo>
    <HierarchyRelationInfo>
      <SuperEventID>27</SuperEventID>
      <SubEventID>29</SubEventID>
      <Type>SuperSub</Type>
      <Uncertain>false</Uncertain>
    </HierarchyRelationInfo>
    <HierarchyRelationInfo>
      <SuperEventID>7</SuperEventID>
      <SubEventID>5</SubEventID>
      <Type>SuperSub</Type>
      <Uncertain>false</Uncertain>
    </HierarchyRelationInfo>
    <HierarchyRelationInfo>
      <SuperEventID>13</SuperEventID>
      <SubEventID>20</SubEventID>
      <Type>SuperSub</Type>
      <Uncertain>false</Uncertain>
    </HierarchyRelationInfo>
    <HierarchyRelationInfo>
      <SuperEventID>28</SuperEventID>
      <SubEventID>5</SubEventID>
      <Type>Coref</Type>
      <Uncertain>false</Uncertain>
    </HierarchyRelationInfo>
    <HierarchyRelationInfo>
      <SuperEventID>27</SuperEventID>
      <SubEventID>31</SubEventID>
      <Type>SuperSub</Type>
      <Uncertain>false</Uncertain>
    </HierarchyRelationInfo>
    <HierarchyRelationInfo>
      <SuperEventID>31</SuperEventID>
      <SubEventID>30</SubEventID>
      <Type>SuperSub</Type>
      <Uncertain>false</Uncertain>
    </HierarchyRelationInfo>
    <HierarchyRelationInfo>
      <SuperEventID>34</SuperEventID>
      <SubEventID>30</SubEventID>
      <Type>Coref</Type>
      <Uncertain>false</Uncertain>
    </HierarchyRelationInfo>
    <HierarchyRelationInfo>
      <SuperEventID>27</SuperEventID>
      <SubEventID>33</SubEventID>
      <Type>SuperSub</Type>
      <Uncertain>false</Uncertain>
    </HierarchyRelationInfo>
  </Relations>
</ArticleInfo>