<ArticleInfo>
  <Text>Andre Iguodala hopped on the scorer's table and played to the crowd as the catchy 76ers' anthem blared in the arena. His teammates joined Iguodala and danced along as confetti fluttered around them. "Number one, Philadelphia. Here they come, team of the year." Team of the first round, for sure. Eight years of going home empty in April is over. The Sixers at last had a reason to go wild. Iguodala made the go-ahead free throws with 2.2 seconds left and Philadelphia rallied for a 79-78 victory over the top-seeded Chicago Bulls in Game 6 on Thursday night, advancing to the second round of the Eastern Conference playoffs for the first time since 2003. The 76ers will face Boston, which beat Atlanta in six games, in the conference semifinals. "I don't know how we won this game," coach Doug Collins said. Collins and the Sixers hardly cared the series win comes with an asterisk. The Bulls lost reigning MVP Derrick Rose to a torn anterior cruciate ligament in his left knee late in their Game 1 win. Center Joakim Noah missed the last three games with a sprained left ankle. "I thought we had more than enough to win with," Bulls coach Tom Thibodeau said. "I'm disappointed in the loss but I'm not disappointed in our team." Without their stars, the Bulls found it tough to gut one out against the Sixers. Omer Asik missed two free throws for the Bulls with 7 seconds left that would have given them a three-point lead. Iguodala grabbed the second miss, sprinted the length of the court, and was fouled by Asik on the driving layup. The Sixers put their season in the hands of one of the worst fourth-quarter free-throw shooters in the NBA. Collins was hunched over and his hands clasped with Iguodala at the line. He made both &#8212; and 20,362 fans went absolutely wild. Iguodala made nine of 10 free throws in the fourth quarter in this series after shooting 45 percent (23 of 51) from the line in the period this season. Iguodala changed his approach at the line this series. He started thinking what it would be like to teach his son how to shoot free throws. Dads don't miss. "I was like, 'Son, this is how you shoot free throws,'" Iguodala said. The Sixers are the fifth No. 8 seed to win a first-round series against a No. 1 seed. Memphis eliminated San Antonio last season, while Golden State (2007), New York (1999) and Denver (1994) also pulled off the rare feat. In his second season, Collins had already led the Sixers to their first winning season in seven years. Now, it's on to the second round for the first time since Allen Iverson was an All-Star. The Sixers were smiling and mobbed each other as they dashed to the locker room to keep the party going. The Sixers were 2.2 seconds from playing Game 7 in Chicago. Now, they will pack their bags for the second round. They went 2-1 against the Celtics this season. Collins had a catch in his voice at the postgame podium and was joined by his 4-year-old grandson, Cooper. Collins rubbed his head and held back tears talking about faith, family and his guys in the locker room. "I'm a Sixer for life," he said. Iguodala scored 20 points, and Jrue Holiday and Lou Williams each scored 14 for the Sixers who were outrebounded 56-33. Iguodala snagged the one that mattered. "We win on a rebound. Something we don't get all night," a smiling Collins said. The Sixers started 20-9 and led the Atlantic Division for the first half of the season until a late fade sent them tumbling toward eighth place. None of that matters now. Not even the fact the Bulls were down two stars. The 50-win Bulls are heading home early a year after they reached the conference finals. "We were on the ropes and we battled," forward Carlos Boozer said. "In the end, it came down to the very last second. So, it's tough. We were right there, given everything, right there. It will be a long summer." Luol Deng had 19 points and 17 rebounds for the Bulls. Richard Hamilton scored 19 points and Boozer grabbed 13 rebounds. The Bulls had the lock-down defensive effort to nearly pull off the win. The signature series came in the fourth quarter when the Sixers wasted a forced turnover on the other end with a brutal offensive possession. Spencer Hawes missed a shot, Thaddeus Young missed two straight in the paint, and Hawes missed again against hands-up defense that sent the bench into a frenzy. Noah was the first one up pumping his fist and screaming encouragement for the fantastic defensive effort. Hawes fired an airball next time down and there was a collective groan from the crowd. Iguodala made up for a string of Sixers misses with a tying 3 that made it 70-all. The Sixers tried to get a laugh by showing the Bulls bench on "Kiss Cam." Noah popped his warmup jacket toward the camera and the crowd booed the oversized "Chicago" on the big screen. Noah was one of the top offensive rebounders in the league and the Bulls figured on missing his presence in the middle. Led by Deng and Boozer, the Bulls instead went out and controlled the boards, holding a 49-29 edge early in the fourth. "We have to use this as motivation to move forward," Thibodeau said. Notes: The Sixers scored a measly 26 first-half points in their Game 5 loss. They led Game 6 48-40 at halftime. The Sixers started 12 of 20 from the field and finished the half at 50 percent. They shot a season-low 32 percent in Game 5 and failed to shoot better than 40 percent in three other games. </Text>
  <Events>
    <EventMentionInfo>
      <ID>1</ID>
      <AnchorText>hopped</AnchorText>
      <Type>Occurrence</Type>
      <Position>15</Position>
    </EventMentionInfo>
    <EventMentionInfo>
      <ID>2</ID>
      <AnchorText>played</AnchorText>
      <Type>Occurrence</Type>
      <Position>48</Position>
    </EventMentionInfo>
    <EventMentionInfo>
      <ID>3</ID>
      <AnchorText>blared</AnchorText>
      <Type>Occurrence</Type>
      <Position>96</Position>
    </EventMentionInfo>
    <EventMentionInfo>
      <ID>4</ID>
      <AnchorText>joined</AnchorText>
      <Type>Occurrence</Type>
      <Position>131</Position>
    </EventMentionInfo>
    <EventMentionInfo>
      <ID>5</ID>
      <AnchorText>danced</AnchorText>
      <Type>Occurrence</Type>
      <Position>151</Position>
    </EventMentionInfo>
    <EventMentionInfo>
      <ID>6</ID>
      <AnchorText>fluttered</AnchorText>
      <Type>Occurrence</Type>
      <Position>176</Position>
    </EventMentionInfo>
    <EventMentionInfo>
      <ID>7</ID>
      <AnchorText>made</AnchorText>
      <Type>I_Action</Type>
      <Position>399</Position>
    </EventMentionInfo>
    <EventMentionInfo>
      <ID>8</ID>
      <AnchorText>throws</AnchorText>
      <Type>Occurrence</Type>
      <Position>422</Position>
    </EventMentionInfo>
    <EventMentionInfo>
      <ID>9</ID>
      <AnchorText>rallied</AnchorText>
      <Type>I_Action</Type>
      <Position>468</Position>
    </EventMentionInfo>
    <EventMentionInfo>
      <ID>10</ID>
      <AnchorText>victory</AnchorText>
      <Type>Occurrence</Type>
      <Position>488</Position>
    </EventMentionInfo>
    <EventMentionInfo>
      <ID>11</ID>
      <AnchorText>Game</AnchorText>
      <Type>Occurrence</Type>
      <Position>533</Position>
    </EventMentionInfo>
    <EventMentionInfo>
      <ID>12</ID>
      <AnchorText>advancing</AnchorText>
      <Type>I_Action</Type>
      <Position>559</Position>
    </EventMentionInfo>
    <EventMentionInfo>
      <ID>13</ID>
      <AnchorText>playoffs</AnchorText>
      <Type>Occurrence</Type>
      <Position>615</Position>
    </EventMentionInfo>
    <EventMentionInfo>
      <ID>14</ID>
      <AnchorText>beat</AnchorText>
      <Type>Occurrence</Type>
      <Position>689</Position>
    </EventMentionInfo>
    <EventMentionInfo>
      <ID>15</ID>
      <AnchorText>games</AnchorText>
      <Type>HalfGeneric</Type>
      <Position>709</Position>
    </EventMentionInfo>
    <EventMentionInfo>
      <ID>16</ID>
      <AnchorText>won</AnchorText>
      <Type>Occurrence</Type>
      <Position>767</Position>
    </EventMentionInfo>
    <EventMentionInfo>
      <ID>17</ID>
      <AnchorText>said</AnchorText>
      <Type>Reporting</Type>
      <Position>802</Position>
    </EventMentionInfo>
    <EventMentionInfo>
      <ID>18</ID>
      <AnchorText>win</AnchorText>
      <Type>Occurrence</Type>
      <Position>855</Position>
    </EventMentionInfo>
    <EventMentionInfo>
      <ID>19</ID>
      <AnchorText>lost</AnchorText>
      <Type>Occurrence</Type>
      <Position>893</Position>
    </EventMentionInfo>
    <EventMentionInfo>
      <ID>20</ID>
      <AnchorText>Game</AnchorText>
      <Type>Occurrence</Type>
      <Position>992</Position>
    </EventMentionInfo>
    <EventMentionInfo>
      <ID>21</ID>
      <AnchorText>win</AnchorText>
      <Type>Occurrence</Type>
      <Position>999</Position>
    </EventMentionInfo>
    <EventMentionInfo>
      <ID>22</ID>
      <AnchorText>missed</AnchorText>
      <Type>I_Action</Type>
      <Position>1023</Position>
    </EventMentionInfo>
    <EventMentionInfo>
      <ID>23</ID>
      <AnchorText>games</AnchorText>
      <Type>HalfGeneric</Type>
      <Position>1045</Position>
    </EventMentionInfo>
    <EventMentionInfo>
      <ID>24</ID>
      <AnchorText>said</AnchorText>
      <Type>Reporting</Type>
      <Position>1154</Position>
    </EventMentionInfo>
    <EventMentionInfo>
      <ID>25</ID>
      <AnchorText>loss</AnchorText>
      <Type>Occurrence</Type>
      <Position>1185</Position>
    </EventMentionInfo>
    <EventMentionInfo>
      <ID>26</ID>
      <AnchorText>missed</AnchorText>
      <Type>I_Action</Type>
      <Position>1320</Position>
    </EventMentionInfo>
    <EventMentionInfo>
      <ID>27</ID>
      <AnchorText>throws</AnchorText>
      <Type>Occurrence</Type>
      <Position>1336</Position>
    </EventMentionInfo>
    <EventMentionInfo>
      <ID>28</ID>
      <AnchorText>grabbed</AnchorText>
      <Type>I_Action</Type>
      <Position>1433</Position>
    </EventMentionInfo>
    <EventMentionInfo>
      <ID>29</ID>
      <AnchorText>miss</AnchorText>
      <Type>Occurrence</Type>
      <Position>1452</Position>
    </EventMentionInfo>
    <EventMentionInfo>
      <ID>30</ID>
      <AnchorText>sprinted</AnchorText>
      <Type>Occurrence</Type>
      <Position>1458</Position>
    </EventMentionInfo>
    <EventMentionInfo>
      <ID>31</ID>
      <AnchorText>fouled</AnchorText>
      <Type>Occurrence</Type>
      <Position>1500</Position>
    </EventMentionInfo>
    <EventMentionInfo>
      <ID>32</ID>
      <AnchorText>layup</AnchorText>
      <Type>Occurrence</Type>
      <Position>1530</Position>
    </EventMentionInfo>
    <EventMentionInfo>
      <ID>33</ID>
      <AnchorText>put</AnchorText>
      <Type>Occurrence</Type>
      <Position>1548</Position>
    </EventMentionInfo>
    <EventMentionInfo>
      <ID>34</ID>
      <AnchorText>hunched</AnchorText>
      <Type>Occurrence</Type>
      <Position>1657</Position>
    </EventMentionInfo>
    <EventMentionInfo>
      <ID>35</ID>
      <AnchorText>clasped</AnchorText>
      <Type>Occurrence</Type>
      <Position>1684</Position>
    </EventMentionInfo>
    <EventMentionInfo>
      <ID>36</ID>
      <AnchorText>made</AnchorText>
      <Type>Occurrence</Type>
      <Position>1722</Position>
    </EventMentionInfo>
    <EventMentionInfo>
      <ID>37</ID>
      <AnchorText>went</AnchorText>
      <Type>StateChange</Type>
      <Position>1750</Position>
    </EventMentionInfo>
    <EventMentionInfo>
      <ID>38</ID>
      <AnchorText>made</AnchorText>
      <Type>I_Action</Type>
      <Position>1781</Position>
    </EventMentionInfo>
    <EventMentionInfo>
      <ID>39</ID>
      <AnchorText>throws</AnchorText>
      <Type>HalfGeneric</Type>
      <Position>1802</Position>
    </EventMentionInfo>
    <EventMentionInfo>
      <ID>40</ID>
      <AnchorText>shooting</AnchorText>
      <Type>HalfGeneric</Type>
      <Position>1852</Position>
    </EventMentionInfo>
    <EventMentionInfo>
      <ID>41</ID>
      <AnchorText>changed</AnchorText>
      <Type>StateChange</Type>
      <Position>1933</Position>
    </EventMentionInfo>
    <EventMentionInfo>
      <ID>42</ID>
      <AnchorText>said</AnchorText>
      <Type>Reporting</Type>
      <Position>2146</Position>
    </EventMentionInfo>
    <EventMentionInfo>
      <ID>43</ID>
      <AnchorText>win</AnchorText>
      <Type>Occurrence</Type>
      <Position>2191</Position>
    </EventMentionInfo>
    <EventMentionInfo>
      <ID>44</ID>
      <AnchorText>eliminated</AnchorText>
      <Type>Occurrence</Type>
      <Position>2246</Position>
    </EventMentionInfo>
    <EventMentionInfo>
      <ID>45</ID>
      <AnchorText>pulled</AnchorText>
      <Type>I_Action</Type>
      <Position>2348</Position>
    </EventMentionInfo>
    <EventMentionInfo>
      <ID>46</ID>
      <AnchorText>mobbed</AnchorText>
      <Type>Occurrence</Type>
      <Position>2594</Position>
    </EventMentionInfo>
    <EventMentionInfo>
      <ID>47</ID>
      <AnchorText>dashed</AnchorText>
      <Type>I_Action</Type>
      <Position>2620</Position>
    </EventMentionInfo>
    <EventMentionInfo>
      <ID>48</ID>
      <AnchorText>party</AnchorText>
      <Type>Occurrence</Type>
      <Position>2658</Position>
    </EventMentionInfo>
    <EventMentionInfo>
      <ID>49</ID>
      <AnchorText>went</AnchorText>
      <Type>Occurrence</Type>
      <Position>2789</Position>
    </EventMentionInfo>
    <EventMentionInfo>
      <ID>50</ID>
      <AnchorText>catch</AnchorText>
      <Type>Occurrence</Type>
      <Position>2845</Position>
    </EventMentionInfo>
    <EventMentionInfo>
      <ID>51</ID>
      <AnchorText>joined</AnchorText>
      <Type>Occurrence</Type>
      <Position>2895</Position>
    </EventMentionInfo>
    <EventMentionInfo>
      <ID>52</ID>
      <AnchorText>rubbed</AnchorText>
      <Type>Occurrence</Type>
      <Position>2946</Position>
    </EventMentionInfo>
    <EventMentionInfo>
      <ID>53</ID>
      <AnchorText>talking</AnchorText>
      <Type>Reporting</Type>
      <Position>2982</Position>
    </EventMentionInfo>
    <EventMentionInfo>
      <ID>54</ID>
      <AnchorText>said</AnchorText>
      <Type>Reporting</Type>
      <Position>3070</Position>
    </EventMentionInfo>
    <EventMentionInfo>
      <ID>55</ID>
      <AnchorText>scored</AnchorText>
      <Type>Occurrence</Type>
      <Position>3085</Position>
    </EventMentionInfo>
    <EventMentionInfo>
      <ID>56</ID>
      <AnchorText>scored</AnchorText>
      <Type>Occurrence</Type>
      <Position>3142</Position>
    </EventMentionInfo>
    <EventMentionInfo>
      <ID>57</ID>
      <AnchorText>outrebounded</AnchorText>
      <Type>Occurrence</Type>
      <Position>3176</Position>
    </EventMentionInfo>
    <EventMentionInfo>
      <ID>58</ID>
      <AnchorText>snagged</AnchorText>
      <Type>Occurrence</Type>
      <Position>3205</Position>
    </EventMentionInfo>
    <EventMentionInfo>
      <ID>59</ID>
      <AnchorText>win</AnchorText>
      <Type>Occurrence</Type>
      <Position>3240</Position>
    </EventMentionInfo>
    <EventMentionInfo>
      <ID>60</ID>
      <AnchorText>said</AnchorText>
      <Type>Reporting</Type>
      <Position>3311</Position>
    </EventMentionInfo>
    <EventMentionInfo>
      <ID>61</ID>
      <AnchorText>started</AnchorText>
      <Type>Occurrence</Type>
      <Position>3328</Position>
    </EventMentionInfo>
    <EventMentionInfo>
      <ID>62</ID>
      <AnchorText>reached</AnchorText>
      <Type>I_Action</Type>
      <Position>3595</Position>
    </EventMentionInfo>
    <EventMentionInfo>
      <ID>63</ID>
      <AnchorText>battled</AnchorText>
      <Type>Occurrence</Type>
      <Position>3655</Position>
    </EventMentionInfo>
    <EventMentionInfo>
      <ID>64</ID>
      <AnchorText>said</AnchorText>
      <Type>Reporting</Type>
      <Position>3687</Position>
    </EventMentionInfo>
    <EventMentionInfo>
      <ID>65</ID>
      <AnchorText>given</AnchorText>
      <Type>Occurrence</Type>
      <Position>3781</Position>
    </EventMentionInfo>
    <EventMentionInfo>
      <ID>66</ID>
      <AnchorText>rebounds</AnchorText>
      <Type>HalfGeneric</Type>
      <Position>3870</Position>
    </EventMentionInfo>
    <EventMentionInfo>
      <ID>67</ID>
      <AnchorText>scored</AnchorText>
      <Type>Occurrence</Type>
      <Position>3911</Position>
    </EventMentionInfo>
    <EventMentionInfo>
      <ID>68</ID>
      <AnchorText>grabbed</AnchorText>
      <Type>I_Action</Type>
      <Position>3939</Position>
    </EventMentionInfo>
    <EventMentionInfo>
      <ID>69</ID>
      <AnchorText>rebounds</AnchorText>
      <Type>HalfGeneric</Type>
      <Position>3950</Position>
    </EventMentionInfo>
    <EventMentionInfo>
      <ID>70</ID>
      <AnchorText>effort</AnchorText>
      <Type>I_Action</Type>
      <Position>3998</Position>
    </EventMentionInfo>
    <EventMentionInfo>
      <ID>71</ID>
      <AnchorText>series</AnchorText>
      <Type>Occurrence</Type>
      <Position>4047</Position>
    </EventMentionInfo>
    <EventMentionInfo>
      <ID>72</ID>
      <AnchorText>came</AnchorText>
      <Type>Occurrence</Type>
      <Position>4054</Position>
    </EventMentionInfo>
    <EventMentionInfo>
      <ID>73</ID>
      <AnchorText>wasted</AnchorText>
      <Type>I_Action</Type>
      <Position>4097</Position>
    </EventMentionInfo>
    <EventMentionInfo>
      <ID>74</ID>
      <AnchorText>turnover</AnchorText>
      <Type>Occurrence</Type>
      <Position>4113</Position>
    </EventMentionInfo>
    <EventMentionInfo>
      <ID>75</ID>
      <AnchorText>missed</AnchorText>
      <Type>I_Action</Type>
      <Position>4189</Position>
    </EventMentionInfo>
    <EventMentionInfo>
      <ID>76</ID>
      <AnchorText>missed</AnchorText>
      <Type>Occurrence</Type>
      <Position>4219</Position>
    </EventMentionInfo>
    <EventMentionInfo>
      <ID>77</ID>
      <AnchorText>missed</AnchorText>
      <Type>Occurrence</Type>
      <Position>4263</Position>
    </EventMentionInfo>
    <EventMentionInfo>
      <ID>78</ID>
      <AnchorText>sent</AnchorText>
      <Type>StateChange</Type>
      <Position>4306</Position>
    </EventMentionInfo>
    <EventMentionInfo>
      <ID>79</ID>
      <AnchorText>pumping</AnchorText>
      <Type>Occurrence</Type>
      <Position>4362</Position>
    </EventMentionInfo>
    <EventMentionInfo>
      <ID>80</ID>
      <AnchorText>screaming</AnchorText>
      <Type>Occurrence</Type>
      <Position>4383</Position>
    </EventMentionInfo>
    <EventMentionInfo>
      <ID>81</ID>
      <AnchorText>effort</AnchorText>
      <Type>Occurrence</Type>
      <Position>4435</Position>
    </EventMentionInfo>
    <EventMentionInfo>
      <ID>82</ID>
      <AnchorText>fired</AnchorText>
      <Type>Occurrence</Type>
      <Position>4449</Position>
    </EventMentionInfo>
    <EventMentionInfo>
      <ID>83</ID>
      <AnchorText>groan</AnchorText>
      <Type>Occurrence</Type>
      <Position>4508</Position>
    </EventMentionInfo>
    <EventMentionInfo>
      <ID>84</ID>
      <AnchorText>made</AnchorText>
      <Type>I_Action</Type>
      <Position>4539</Position>
    </EventMentionInfo>
    <EventMentionInfo>
      <ID>85</ID>
      <AnchorText>string</AnchorText>
      <Type>I_Action</Type>
      <Position>4553</Position>
    </EventMentionInfo>
    <EventMentionInfo>
      <ID>86</ID>
      <AnchorText>misses</AnchorText>
      <Type>HalfGeneric</Type>
      <Position>4570</Position>
    </EventMentionInfo>
    <EventMentionInfo>
      <ID>87</ID>
      <AnchorText>made</AnchorText>
      <Type>Occurrence</Type>
      <Position>4597</Position>
    </EventMentionInfo>
    <EventMentionInfo>
      <ID>88</ID>
      <AnchorText>tried</AnchorText>
      <Type>I_Action</Type>
      <Position>4624</Position>
    </EventMentionInfo>
    <EventMentionInfo>
      <ID>89</ID>
      <AnchorText>popped</AnchorText>
      <Type>Occurrence</Type>
      <Position>4692</Position>
    </EventMentionInfo>
    <EventMentionInfo>
      <ID>90</ID>
      <AnchorText>booed</AnchorText>
      <Type>Occurrence</Type>
      <Position>4749</Position>
    </EventMentionInfo>
    <EventMentionInfo>
      <ID>91</ID>
      <AnchorText>figured</AnchorText>
      <Type>I_Action</Type>
      <Position>4871</Position>
    </EventMentionInfo>
    <EventMentionInfo>
      <ID>92</ID>
      <AnchorText>said</AnchorText>
      <Type>Reporting</Type>
      <Position>5101</Position>
    </EventMentionInfo>
    <EventMentionInfo>
      <ID>93</ID>
      <AnchorText>scored</AnchorText>
      <Type>Occurrence</Type>
      <Position>5125</Position>
    </EventMentionInfo>
    <EventMentionInfo>
      <ID>94</ID>
      <AnchorText>loss</AnchorText>
      <Type>Occurrence</Type>
      <Position>5178</Position>
    </EventMentionInfo>
    <EventMentionInfo>
      <ID>95</ID>
      <AnchorText>led</AnchorText>
      <Type>I_Action</Type>
      <Position>5189</Position>
    </EventMentionInfo>
    <EventMentionInfo>
      <ID>96</ID>
      <AnchorText>Game</AnchorText>
      <Type>Occurrence</Type>
      <Position>5193</Position>
    </EventMentionInfo>
    <EventMentionInfo>
      <ID>97</ID>
      <AnchorText>started</AnchorText>
      <Type>Occurrence</Type>
      <Position>5230</Position>
    </EventMentionInfo>
    <EventMentionInfo>
      <ID>98</ID>
      <AnchorText>finished</AnchorText>
      <Type>Occurrence</Type>
      <Position>5266</Position>
    </EventMentionInfo>
    <EventMentionInfo>
      <ID>99</ID>
      <AnchorText>shot</AnchorText>
      <Type>Occurrence</Type>
      <Position>5304</Position>
    </EventMentionInfo>
    <EventMentionInfo>
      <ID>100</ID>
      <AnchorText>Game</AnchorText>
      <Type>Occurrence</Type>
      <Position>5336</Position>
    </EventMentionInfo>
    <EventMentionInfo>
      <ID>101</ID>
      <AnchorText>failed</AnchorText>
      <Type>I_Action</Type>
      <Position>5347</Position>
    </EventMentionInfo>
    <EventMentionInfo>
      <ID>102</ID>
      <AnchorText>games</AnchorText>
      <Type>HalfGeneric</Type>
      <Position>5401</Position>
    </EventMentionInfo>
  </Events>
  <Relations>
    <HierarchyRelationInfo>
      <SuperEventID>15</SuperEventID>
      <SubEventID>14</SubEventID>
      <Type>SuperSub</Type>
      <Uncertain>false</Uncertain>
    </HierarchyRelationInfo>
    <HierarchyRelationInfo>
      <SuperEventID>16</SuperEventID>
      <SubEventID>10</SubEventID>
      <Type>Coref</Type>
      <Uncertain>false</Uncertain>
    </HierarchyRelationInfo>
    <HierarchyRelationInfo>
      <SuperEventID>11</SuperEventID>
      <SubEventID>8</SubEventID>
      <Type>SuperSub</Type>
      <Uncertain>false</Uncertain>
    </HierarchyRelationInfo>
    <HierarchyRelationInfo>
      <SuperEventID>8</SuperEventID>
      <SubEventID>10</SubEventID>
      <Type>SuperSub</Type>
      <Uncertain>false</Uncertain>
    </HierarchyRelationInfo>
    <HierarchyRelationInfo>
      <SuperEventID>18</SuperEventID>
      <SubEventID>16</SubEventID>
      <Type>Coref</Type>
      <Uncertain>false</Uncertain>
    </HierarchyRelationInfo>
    <HierarchyRelationInfo>
      <SuperEventID>11</SuperEventID>
      <SubEventID>3</SubEventID>
      <Type>SuperSub</Type>
      <Uncertain>false</Uncertain>
    </HierarchyRelationInfo>
    <HierarchyRelationInfo>
      <SuperEventID>2</SuperEventID>
      <SubEventID>4</SubEventID>
      <Type>SuperSub</Type>
      <Uncertain>false</Uncertain>
    </HierarchyRelationInfo>
    <HierarchyRelationInfo>
      <SuperEventID>11</SuperEventID>
      <SubEventID>6</SubEventID>
      <Type>SuperSub</Type>
      <Uncertain>false</Uncertain>
    </HierarchyRelationInfo>
    <HierarchyRelationInfo>
      <SuperEventID>20</SuperEventID>
      <SubEventID>19</SubEventID>
      <Type>SuperSub</Type>
      <Uncertain>false</Uncertain>
    </HierarchyRelationInfo>
    <HierarchyRelationInfo>
      <SuperEventID>20</SuperEventID>
      <SubEventID>21</SubEventID>
      <Type>SuperSub</Type>
      <Uncertain>false</Uncertain>
    </HierarchyRelationInfo>
    <HierarchyRelationInfo>
      <SuperEventID>11</SuperEventID>
      <SubEventID>25</SubEventID>
      <Type>SuperSub</Type>
      <Uncertain>false</Uncertain>
    </HierarchyRelationInfo>
    <HierarchyRelationInfo>
      <SuperEventID>27</SuperEventID>
      <SubEventID>29</SubEventID>
      <Type>SuperSub</Type>
      <Uncertain>false</Uncertain>
    </HierarchyRelationInfo>
    <HierarchyRelationInfo>
      <SuperEventID>32</SuperEventID>
      <SubEventID>31</SubEventID>
      <Type>SuperSub</Type>
      <Uncertain>false</Uncertain>
    </HierarchyRelationInfo>
    <HierarchyRelationInfo>
      <SuperEventID>11</SuperEventID>
      <SubEventID>27</SubEventID>
      <Type>SuperSub</Type>
      <Uncertain>false</Uncertain>
    </HierarchyRelationInfo>
    <HierarchyRelationInfo>
      <SuperEventID>11</SuperEventID>
      <SubEventID>30</SubEventID>
      <Type>SuperSub</Type>
      <Uncertain>false</Uncertain>
    </HierarchyRelationInfo>
    <HierarchyRelationInfo>
      <SuperEventID>11</SuperEventID>
      <SubEventID>32</SubEventID>
      <Type>SuperSub</Type>
      <Uncertain>false</Uncertain>
    </HierarchyRelationInfo>
    <HierarchyRelationInfo>
      <SuperEventID>11</SuperEventID>
      <SubEventID>33</SubEventID>
      <Type>SuperSub</Type>
      <Uncertain>false</Uncertain>
    </HierarchyRelationInfo>
    <HierarchyRelationInfo>
      <SuperEventID>11</SuperEventID>
      <SubEventID>34</SubEventID>
      <Type>SuperSub</Type>
      <Uncertain>false</Uncertain>
    </HierarchyRelationInfo>
    <HierarchyRelationInfo>
      <SuperEventID>11</SuperEventID>
      <SubEventID>35</SubEventID>
      <Type>SuperSub</Type>
      <Uncertain>false</Uncertain>
    </HierarchyRelationInfo>
    <HierarchyRelationInfo>
      <SuperEventID>43</SuperEventID>
      <SubEventID>18</SubEventID>
      <Type>Coref</Type>
      <Uncertain>false</Uncertain>
    </HierarchyRelationInfo>
    <HierarchyRelationInfo>
      <SuperEventID>11</SuperEventID>
      <SubEventID>37</SubEventID>
      <Type>SuperSub</Type>
      <Uncertain>false</Uncertain>
    </HierarchyRelationInfo>
    <HierarchyRelationInfo>
      <SuperEventID>8</SuperEventID>
      <SubEventID>36</SubEventID>
      <Type>SuperSub</Type>
      <Uncertain>false</Uncertain>
    </HierarchyRelationInfo>
    <HierarchyRelationInfo>
      <SuperEventID>48</SuperEventID>
      <SubEventID>46</SubEventID>
      <Type>SuperSub</Type>
      <Uncertain>false</Uncertain>
    </HierarchyRelationInfo>
    <HierarchyRelationInfo>
      <SuperEventID>11</SuperEventID>
      <SubEventID>48</SubEventID>
      <Type>SuperSub</Type>
      <Uncertain>false</Uncertain>
    </HierarchyRelationInfo>
    <HierarchyRelationInfo>
      <SuperEventID>48</SuperEventID>
      <SubEventID>1</SubEventID>
      <Type>SuperSub</Type>
      <Uncertain>false</Uncertain>
    </HierarchyRelationInfo>
    <HierarchyRelationInfo>
      <SuperEventID>48</SuperEventID>
      <SubEventID>2</SubEventID>
      <Type>SuperSub</Type>
      <Uncertain>false</Uncertain>
    </HierarchyRelationInfo>
    <HierarchyRelationInfo>
      <SuperEventID>48</SuperEventID>
      <SubEventID>5</SubEventID>
      <Type>SuperSub</Type>
      <Uncertain>false</Uncertain>
    </HierarchyRelationInfo>
    <HierarchyRelationInfo>
      <SuperEventID>59</SuperEventID>
      <SubEventID>43</SubEventID>
      <Type>Coref</Type>
      <Uncertain>false</Uncertain>
    </HierarchyRelationInfo>
    <HierarchyRelationInfo>
      <SuperEventID>27</SuperEventID>
      <SubEventID>58</SubEventID>
      <Type>SuperSub</Type>
      <Uncertain>false</Uncertain>
    </HierarchyRelationInfo>
    <HierarchyRelationInfo>
      <SuperEventID>11</SuperEventID>
      <SubEventID>57</SubEventID>
      <Type>SuperSub</Type>
      <Uncertain>false</Uncertain>
    </HierarchyRelationInfo>
    <HierarchyRelationInfo>
      <SuperEventID>11</SuperEventID>
      <SubEventID>55</SubEventID>
      <Type>SuperSub</Type>
      <Uncertain>false</Uncertain>
    </HierarchyRelationInfo>
    <HierarchyRelationInfo>
      <SuperEventID>11</SuperEventID>
      <SubEventID>56</SubEventID>
      <Type>SuperSub</Type>
      <Uncertain>false</Uncertain>
    </HierarchyRelationInfo>
    <HierarchyRelationInfo>
      <SuperEventID>48</SuperEventID>
      <SubEventID>50</SubEventID>
      <Type>SuperSub</Type>
      <Uncertain>false</Uncertain>
    </HierarchyRelationInfo>
    <HierarchyRelationInfo>
      <SuperEventID>48</SuperEventID>
      <SubEventID>51</SubEventID>
      <Type>SuperSub</Type>
      <Uncertain>false</Uncertain>
    </HierarchyRelationInfo>
    <HierarchyRelationInfo>
      <SuperEventID>48</SuperEventID>
      <SubEventID>52</SubEventID>
      <Type>SuperSub</Type>
      <Uncertain>false</Uncertain>
    </HierarchyRelationInfo>
    <HierarchyRelationInfo>
      <SuperEventID>63</SuperEventID>
      <SubEventID>65</SubEventID>
      <Type>SuperSub</Type>
      <Uncertain>false</Uncertain>
    </HierarchyRelationInfo>
    <HierarchyRelationInfo>
      <SuperEventID>11</SuperEventID>
      <SubEventID>63</SubEventID>
      <Type>SuperSub</Type>
      <Uncertain>false</Uncertain>
    </HierarchyRelationInfo>
    <HierarchyRelationInfo>
      <SuperEventID>11</SuperEventID>
      <SubEventID>66</SubEventID>
      <Type>SuperSub</Type>
      <Uncertain>false</Uncertain>
    </HierarchyRelationInfo>
    <HierarchyRelationInfo>
      <SuperEventID>11</SuperEventID>
      <SubEventID>67</SubEventID>
      <Type>SuperSub</Type>
      <Uncertain>false</Uncertain>
    </HierarchyRelationInfo>
    <HierarchyRelationInfo>
      <SuperEventID>11</SuperEventID>
      <SubEventID>69</SubEventID>
      <Type>SuperSub</Type>
      <Uncertain>false</Uncertain>
    </HierarchyRelationInfo>
    <HierarchyRelationInfo>
      <SuperEventID>11</SuperEventID>
      <SubEventID>71</SubEventID>
      <Type>SuperSub</Type>
      <Uncertain>false</Uncertain>
    </HierarchyRelationInfo>
    <HierarchyRelationInfo>
      <SuperEventID>11</SuperEventID>
      <SubEventID>74</SubEventID>
      <Type>SuperSub</Type>
      <Uncertain>false</Uncertain>
    </HierarchyRelationInfo>
    <HierarchyRelationInfo>
      <SuperEventID>77</SuperEventID>
      <SubEventID>78</SubEventID>
      <Type>SuperSub</Type>
      <Uncertain>false</Uncertain>
    </HierarchyRelationInfo>
    <HierarchyRelationInfo>
      <SuperEventID>71</SuperEventID>
      <SubEventID>79</SubEventID>
      <Type>SuperSub</Type>
      <Uncertain>false</Uncertain>
    </HierarchyRelationInfo>
    <HierarchyRelationInfo>
      <SuperEventID>71</SuperEventID>
      <SubEventID>80</SubEventID>
      <Type>SuperSub</Type>
      <Uncertain>false</Uncertain>
    </HierarchyRelationInfo>
    <HierarchyRelationInfo>
      <SuperEventID>81</SuperEventID>
      <SubEventID>71</SubEventID>
      <Type>Coref</Type>
      <Uncertain>false</Uncertain>
    </HierarchyRelationInfo>
    <HierarchyRelationInfo>
      <SuperEventID>82</SuperEventID>
      <SubEventID>83</SubEventID>
      <Type>SuperSub</Type>
      <Uncertain>false</Uncertain>
    </HierarchyRelationInfo>
    <HierarchyRelationInfo>
      <SuperEventID>86</SuperEventID>
      <SubEventID>76</SubEventID>
      <Type>SuperSub</Type>
      <Uncertain>false</Uncertain>
    </HierarchyRelationInfo>
    <HierarchyRelationInfo>
      <SuperEventID>86</SuperEventID>
      <SubEventID>77</SubEventID>
      <Type>SuperSub</Type>
      <Uncertain>false</Uncertain>
    </HierarchyRelationInfo>
    <HierarchyRelationInfo>
      <SuperEventID>86</SuperEventID>
      <SubEventID>82</SubEventID>
      <Type>SuperSub</Type>
      <Uncertain>false</Uncertain>
    </HierarchyRelationInfo>
    <HierarchyRelationInfo>
      <SuperEventID>71</SuperEventID>
      <SubEventID>86</SubEventID>
      <Type>SuperSub</Type>
      <Uncertain>false</Uncertain>
    </HierarchyRelationInfo>
    <HierarchyRelationInfo>
      <SuperEventID>11</SuperEventID>
      <SubEventID>89</SubEventID>
      <Type>SuperSub</Type>
      <Uncertain>false</Uncertain>
    </HierarchyRelationInfo>
    <HierarchyRelationInfo>
      <SuperEventID>11</SuperEventID>
      <SubEventID>90</SubEventID>
      <Type>SuperSub</Type>
      <Uncertain>false</Uncertain>
    </HierarchyRelationInfo>
    <HierarchyRelationInfo>
      <SuperEventID>11</SuperEventID>
      <SubEventID>87</SubEventID>
      <Type>SuperSub</Type>
      <Uncertain>false</Uncertain>
    </HierarchyRelationInfo>
    <HierarchyRelationInfo>
      <SuperEventID>96</SuperEventID>
      <SubEventID>11</SubEventID>
      <Type>Coref</Type>
      <Uncertain>false</Uncertain>
    </HierarchyRelationInfo>
    <HierarchyRelationInfo>
      <SuperEventID>100</SuperEventID>
      <SubEventID>93</SubEventID>
      <Type>SuperSub</Type>
      <Uncertain>false</Uncertain>
    </HierarchyRelationInfo>
    <HierarchyRelationInfo>
      <SuperEventID>100</SuperEventID>
      <SubEventID>94</SubEventID>
      <Type>SuperSub</Type>
      <Uncertain>false</Uncertain>
    </HierarchyRelationInfo>
    <HierarchyRelationInfo>
      <SuperEventID>100</SuperEventID>
      <SubEventID>99</SubEventID>
      <Type>SuperSub</Type>
      <Uncertain>false</Uncertain>
    </HierarchyRelationInfo>
    <HierarchyRelationInfo>
      <SuperEventID>96</SuperEventID>
      <SubEventID>97</SubEventID>
      <Type>SuperSub</Type>
      <Uncertain>false</Uncertain>
    </HierarchyRelationInfo>
    <HierarchyRelationInfo>
      <SuperEventID>96</SuperEventID>
      <SubEventID>98</SubEventID>
      <Type>SuperSub</Type>
      <Uncertain>false</Uncertain>
    </HierarchyRelationInfo>
  </Relations>
</ArticleInfo>