<ArticleInfo>
  <Text>Independent monitors called for tighter oversight of Egypt's parliamentary election on Tuesday as Egyptians voted in staggered run-offs hotly contested by rival Islamist groups seeking to extend their early gains. Hardline Salafis were the surprise runners-up behind the well-established Muslim Brotherhood's party in last week's opening stage, the biggest test of the public mood since street protests ended Hosni Mubarak's three-decade rule in February. The three-phase vote ending in January could give Islamists a popular mandate to challenge the ruling army council, which has already been pushed by protesters to hand power to civilians in mid-2012, sooner than it had envisaged. But Islamists are not united and may not line up to form a majority bloc in parliament, giving liberals scope to take part in a post-election government and shape the future constitution. The Salafi al-Nour Party and the Brotherhood's Freedom and Justice Party (FJP) are contesting about half of the 52 seats up for grabs in Monday and Tuesday's run-off votes for seats where no candidate won more than 50 percent in the first round. There have been none of the long queues of voters that accompanied the first round vote. But, as before, party supporters have rallied voters outside polling stations and campaigned on the streets in violation of election rules. ";Until now we haven't seen a positive move to limit this phenomenon. It was widespread in the first stage and should have vanished in the run-offs, but it remains visible in front of the polling stations," said Tarek Zaghloul, executive manager at the Egyptian Organisation for Human Rights, involved in monitoring. He also noted that parties were using religious slogans, also banned, in their campaigning and bussing voters in. The election committee has noted violations and vowed to act but said irregularities did not undermine the election's legitimacy, echoing an assessment made by independent monitors. But the committee raised eyebrows by revising its original first-round turnout figure of 62 percent down to 52 percent. A court also ruled results for one of four constituencies in Cairo were void after ballot boxes were damaged or went missing. Islamist rivalry Monitors Without Borders, another independent group watching the poll, urged the committee to ";swiftly address administrative and organisational mistakes in the election process for the second day of the run-offs and take urgent steps to provide the appropriate climate for the counting process". The committee has said it wants votes to be counted at polling stations not at a central location to avoid mishandling. Results could be announced as early as late on Tuesday. Some of the fiercest run-offs are in the Mediterranean port city of Alexandria, an Islamist stronghold. ";There were attempts to unite, but Salafis are very difficult," said Mohamed Hussein, 20, as he distributed leaflets for the Brotherhood's Freedom and Justice Party (FJP) in front of a polling station on Monday in Alexandria. ";We may agree on certain things but we are different in vision and strategy," he said. ";It is easier for me to talk with a liberal or a socialist than a Salafi." After the first round, the FJP's party list won 36.6 percent of valid votes, with al-Nour's list winning 24.4 percent and a liberal Egyptian Bloc on 13.4 percent, based on figures published by the election committee before it revised turnout. Work on the constitution could be a major battleground among the new parliamentarians and between the assembly and the army, which angered politicians when its cabinet made proposals before the vote to shield the army from civilian oversight. Though Islamists dominate, they range from hardline Salafis - who want to stop visitors wearing bikinis on beaches and ban alcohol - to centrists. Liberals will also have a significant voice. Alongside the Egyptian Bloc and other groups that fielded separate lists, one fifth of the FJP's list is made up of a variety of smaller parties that include the liberal al-Ghad (Tomorrow) party and the left-leaning Karama (Dignity). Under a complex system, two-thirds of the 498 elected lower house seats go proportionately to party lists, with the rest going to individual candidates.</Text>
  <Events>
    <EventMentionInfo>
      <ID>1</ID>
      <AnchorText>called</AnchorText>
      <Type>I_Action</Type>
      <Position>21</Position>
    </EventMentionInfo>
    <EventMentionInfo>
      <ID>2</ID>
      <AnchorText>election</AnchorText>
      <Type>Occurrence</Type>
      <Position>75</Position>
    </EventMentionInfo>
    <EventMentionInfo>
      <ID>3</ID>
      <AnchorText>voted</AnchorText>
      <Type>Occurrence</Type>
      <Position>108</Position>
    </EventMentionInfo>
    <EventMentionInfo>
      <ID>4</ID>
      <AnchorText>contested</AnchorText>
      <Type>Occurrence</Type>
      <Position>142</Position>
    </EventMentionInfo>
    <EventMentionInfo>
      <ID>5</ID>
      <AnchorText>seeking</AnchorText>
      <Type>I_Action</Type>
      <Position>177</Position>
    </EventMentionInfo>
    <EventMentionInfo>
      <ID>6</ID>
      <AnchorText>protests</AnchorText>
      <Type>HalfGeneric</Type>
      <Position>394</Position>
    </EventMentionInfo>
    <EventMentionInfo>
      <ID>7</ID>
      <AnchorText>ended</AnchorText>
      <Type>I_Action</Type>
      <Position>403</Position>
    </EventMentionInfo>
    <EventMentionInfo>
      <ID>8</ID>
      <AnchorText>vote</AnchorText>
      <Type>Occurrence</Type>
      <Position>472</Position>
    </EventMentionInfo>
    <EventMentionInfo>
      <ID>9</ID>
      <AnchorText>pushed</AnchorText>
      <Type>I_Action</Type>
      <Position>595</Position>
    </EventMentionInfo>
    <EventMentionInfo>
      <ID>10</ID>
      <AnchorText>contesting</AnchorText>
      <Type>Occurrence</Type>
      <Position>957</Position>
    </EventMentionInfo>
    <EventMentionInfo>
      <ID>11</ID>
      <AnchorText>votes</AnchorText>
      <Type>Occurrence</Type>
      <Position>1040</Position>
    </EventMentionInfo>
    <EventMentionInfo>
      <ID>12</ID>
      <AnchorText>round</AnchorText>
      <Type>Occurrence</Type>
      <Position>1113</Position>
    </EventMentionInfo>
    <EventMentionInfo>
      <ID>13</ID>
      <AnchorText>vote</AnchorText>
      <Type>Occurrence</Type>
      <Position>1203</Position>
    </EventMentionInfo>
    <EventMentionInfo>
      <ID>14</ID>
      <AnchorText>rallied</AnchorText>
      <Type>Occurrence</Type>
      <Position>1247</Position>
    </EventMentionInfo>
    <EventMentionInfo>
      <ID>15</ID>
      <AnchorText>campaigned</AnchorText>
      <Type>Occurrence</Type>
      <Position>1291</Position>
    </EventMentionInfo>
    <EventMentionInfo>
      <ID>16</ID>
      <AnchorText>stage</AnchorText>
      <Type>Occurrence</Type>
      <Position>1450</Position>
    </EventMentionInfo>
    <EventMentionInfo>
      <ID>17</ID>
      <AnchorText>run</AnchorText>
      <Type>Occurrence</Type>
      <Position>1488</Position>
    </EventMentionInfo>
    <EventMentionInfo>
      <ID>18</ID>
      <AnchorText>said</AnchorText>
      <Type>Reporting</Type>
      <Position>1556</Position>
    </EventMentionInfo>
    <EventMentionInfo>
      <ID>19</ID>
      <AnchorText>noted</AnchorText>
      <Type>Reporting</Type>
      <Position>1674</Position>
    </EventMentionInfo>
    <EventMentionInfo>
      <ID>20</ID>
      <AnchorText>using</AnchorText>
      <Type>Occurrence</Type>
      <Position>1698</Position>
    </EventMentionInfo>
    <EventMentionInfo>
      <ID>21</ID>
      <AnchorText>banned</AnchorText>
      <Type>Occurrence</Type>
      <Position>1728</Position>
    </EventMentionInfo>
    <EventMentionInfo>
      <ID>22</ID>
      <AnchorText>campaigning</AnchorText>
      <Type>HalfGeneric</Type>
      <Position>1745</Position>
    </EventMentionInfo>
    <EventMentionInfo>
      <ID>23</ID>
      <AnchorText>bussing</AnchorText>
      <Type>HalfGeneric</Type>
      <Position>1761</Position>
    </EventMentionInfo>
    <EventMentionInfo>
      <ID>24</ID>
      <AnchorText>noted</AnchorText>
      <Type>Reporting</Type>
      <Position>1807</Position>
    </EventMentionInfo>
    <EventMentionInfo>
      <ID>25</ID>
      <AnchorText>violations</AnchorText>
      <Type>HalfGeneric</Type>
      <Position>1813</Position>
    </EventMentionInfo>
    <EventMentionInfo>
      <ID>26</ID>
      <AnchorText>vowed</AnchorText>
      <Type>I_Action</Type>
      <Position>1828</Position>
    </EventMentionInfo>
    <EventMentionInfo>
      <ID>27</ID>
      <AnchorText>said</AnchorText>
      <Type>Reporting</Type>
      <Position>1845</Position>
    </EventMentionInfo>
    <EventMentionInfo>
      <ID>28</ID>
      <AnchorText>election</AnchorText>
      <Type>Occurrence</Type>
      <Position>1887</Position>
    </EventMentionInfo>
    <EventMentionInfo>
      <ID>29</ID>
      <AnchorText>echoing</AnchorText>
      <Type>I_Action</Type>
      <Position>1910</Position>
    </EventMentionInfo>
    <EventMentionInfo>
      <ID>30</ID>
      <AnchorText>assessment</AnchorText>
      <Type>Occurrence</Type>
      <Position>1921</Position>
    </EventMentionInfo>
    <EventMentionInfo>
      <ID>31</ID>
      <AnchorText>made</AnchorText>
      <Type>I_Action</Type>
      <Position>1932</Position>
    </EventMentionInfo>
    <EventMentionInfo>
      <ID>32</ID>
      <AnchorText>raised</AnchorText>
      <Type>Occurrence</Type>
      <Position>1980</Position>
    </EventMentionInfo>
    <EventMentionInfo>
      <ID>33</ID>
      <AnchorText>revising</AnchorText>
      <Type>Occurrence</Type>
      <Position>1999</Position>
    </EventMentionInfo>
    <EventMentionInfo>
      <ID>34</ID>
      <AnchorText>ruled</AnchorText>
      <Type>I_Action</Type>
      <Position>2095</Position>
    </EventMentionInfo>
    <EventMentionInfo>
      <ID>35</ID>
      <AnchorText>void</AnchorText>
      <Type>Occurrence</Type>
      <Position>2154</Position>
    </EventMentionInfo>
    <EventMentionInfo>
      <ID>36</ID>
      <AnchorText>damaged</AnchorText>
      <Type>Occurrence</Type>
      <Position>2183</Position>
    </EventMentionInfo>
    <EventMentionInfo>
      <ID>37</ID>
      <AnchorText>went</AnchorText>
      <Type>Occurrence</Type>
      <Position>2194</Position>
    </EventMentionInfo>
    <EventMentionInfo>
      <ID>38</ID>
      <AnchorText>watching</AnchorText>
      <Type>I_Action</Type>
      <Position>2277</Position>
    </EventMentionInfo>
    <EventMentionInfo>
      <ID>39</ID>
      <AnchorText>poll</AnchorText>
      <Type>Occurrence</Type>
      <Position>2290</Position>
    </EventMentionInfo>
    <EventMentionInfo>
      <ID>40</ID>
      <AnchorText>urged</AnchorText>
      <Type>I_Action</Type>
      <Position>2296</Position>
    </EventMentionInfo>
    <EventMentionInfo>
      <ID>41</ID>
      <AnchorText>run</AnchorText>
      <Type>Occurrence</Type>
      <Position>2430</Position>
    </EventMentionInfo>
    <EventMentionInfo>
      <ID>42</ID>
      <AnchorText>said</AnchorText>
      <Type>Reporting</Type>
      <Position>2541</Position>
    </EventMentionInfo>
    <EventMentionInfo>
      <ID>43</ID>
      <AnchorText>run</AnchorText>
      <Type>HalfGeneric</Type>
      <Position>2720</Position>
    </EventMentionInfo>
    <EventMentionInfo>
      <ID>44</ID>
      <AnchorText>attempts</AnchorText>
      <Type>I_Action</Type>
      <Position>2816</Position>
    </EventMentionInfo>
    <EventMentionInfo>
      <ID>45</ID>
      <AnchorText>said</AnchorText>
      <Type>Reporting</Type>
      <Position>2868</Position>
    </EventMentionInfo>
    <EventMentionInfo>
      <ID>46</ID>
      <AnchorText>distributed</AnchorText>
      <Type>Occurrence</Type>
      <Position>2900</Position>
    </EventMentionInfo>
    <EventMentionInfo>
      <ID>47</ID>
      <AnchorText>said</AnchorText>
      <Type>Reporting</Type>
      <Position>3112</Position>
    </EventMentionInfo>
    <EventMentionInfo>
      <ID>48</ID>
      <AnchorText>round</AnchorText>
      <Type>Occurrence</Type>
      <Position>3210</Position>
    </EventMentionInfo>
    <EventMentionInfo>
      <ID>49</ID>
      <AnchorText>won</AnchorText>
      <Type>Occurrence</Type>
      <Position>3238</Position>
    </EventMentionInfo>
    <EventMentionInfo>
      <ID>50</ID>
      <AnchorText>winning</AnchorText>
      <Type>Occurrence</Type>
      <Position>3291</Position>
    </EventMentionInfo>
    <EventMentionInfo>
      <ID>51</ID>
      <AnchorText>published</AnchorText>
      <Type>Occurrence</Type>
      <Position>3374</Position>
    </EventMentionInfo>
    <EventMentionInfo>
      <ID>52</ID>
      <AnchorText>revised</AnchorText>
      <Type>Occurrence</Type>
      <Position>3420</Position>
    </EventMentionInfo>
    <EventMentionInfo>
      <ID>53</ID>
      <AnchorText>angered</AnchorText>
      <Type>StateChange</Type>
      <Position>3568</Position>
    </EventMentionInfo>
    <EventMentionInfo>
      <ID>54</ID>
      <AnchorText>made</AnchorText>
      <Type>I_Action</Type>
      <Position>3605</Position>
    </EventMentionInfo>
    <EventMentionInfo>
      <ID>55</ID>
      <AnchorText>proposals</AnchorText>
      <Type>I_Action</Type>
      <Position>3610</Position>
    </EventMentionInfo>
    <EventMentionInfo>
      <ID>56</ID>
      <AnchorText>fielded</AnchorText>
      <Type>Occurrence</Type>
      <Position>3922</Position>
    </EventMentionInfo>
  </Events>
  <Relations>
    <HierarchyRelationInfo>
      <SuperEventID>2</SuperEventID>
      <SubEventID>8</SubEventID>
      <Type>SuperSub</Type>
      <Uncertain>false</Uncertain>
    </HierarchyRelationInfo>
    <HierarchyRelationInfo>
      <SuperEventID>8</SuperEventID>
      <SubEventID>3</SubEventID>
      <Type>SuperSub</Type>
      <Uncertain>false</Uncertain>
    </HierarchyRelationInfo>
    <HierarchyRelationInfo>
      <SuperEventID>3</SuperEventID>
      <SubEventID>4</SubEventID>
      <Type>SuperSub</Type>
      <Uncertain>false</Uncertain>
    </HierarchyRelationInfo>
    <HierarchyRelationInfo>
      <SuperEventID>8</SuperEventID>
      <SubEventID>13</SubEventID>
      <Type>SuperSub</Type>
      <Uncertain>false</Uncertain>
    </HierarchyRelationInfo>
    <HierarchyRelationInfo>
      <SuperEventID>16</SuperEventID>
      <SubEventID>13</SubEventID>
      <Type>Coref</Type>
      <Uncertain>false</Uncertain>
    </HierarchyRelationInfo>
    <HierarchyRelationInfo>
      <SuperEventID>12</SuperEventID>
      <SubEventID>13</SubEventID>
      <Type>Coref</Type>
      <Uncertain>false</Uncertain>
    </HierarchyRelationInfo>
    <HierarchyRelationInfo>
      <SuperEventID>10</SuperEventID>
      <SubEventID>4</SubEventID>
      <Type>Coref</Type>
      <Uncertain>false</Uncertain>
    </HierarchyRelationInfo>
    <HierarchyRelationInfo>
      <SuperEventID>11</SuperEventID>
      <SubEventID>3</SubEventID>
      <Type>Coref</Type>
      <Uncertain>false</Uncertain>
    </HierarchyRelationInfo>
    <HierarchyRelationInfo>
      <SuperEventID>17</SuperEventID>
      <SubEventID>11</SubEventID>
      <Type>Coref</Type>
      <Uncertain>false</Uncertain>
    </HierarchyRelationInfo>
    <HierarchyRelationInfo>
      <SuperEventID>25</SuperEventID>
      <SubEventID>20</SubEventID>
      <Type>SuperSub</Type>
      <Uncertain>false</Uncertain>
    </HierarchyRelationInfo>
    <HierarchyRelationInfo>
      <SuperEventID>22</SuperEventID>
      <SubEventID>15</SubEventID>
      <Type>Coref</Type>
      <Uncertain>false</Uncertain>
    </HierarchyRelationInfo>
    <HierarchyRelationInfo>
      <SuperEventID>25</SuperEventID>
      <SubEventID>22</SubEventID>
      <Type>SuperSub</Type>
      <Uncertain>false</Uncertain>
    </HierarchyRelationInfo>
    <HierarchyRelationInfo>
      <SuperEventID>25</SuperEventID>
      <SubEventID>23</SubEventID>
      <Type>SuperSub</Type>
      <Uncertain>false</Uncertain>
    </HierarchyRelationInfo>
    <HierarchyRelationInfo>
      <SuperEventID>28</SuperEventID>
      <SubEventID>2</SubEventID>
      <Type>Coref</Type>
      <Uncertain>false</Uncertain>
    </HierarchyRelationInfo>
    <HierarchyRelationInfo>
      <SuperEventID>33</SuperEventID>
      <SubEventID>32</SubEventID>
      <Type>SuperSub</Type>
      <Uncertain>false</Uncertain>
    </HierarchyRelationInfo>
    <HierarchyRelationInfo>
      <SuperEventID>41</SuperEventID>
      <SubEventID>11</SubEventID>
      <Type>Coref</Type>
      <Uncertain>false</Uncertain>
    </HierarchyRelationInfo>
    <HierarchyRelationInfo>
      <SuperEventID>39</SuperEventID>
      <SubEventID>41</SubEventID>
      <Type>Coref</Type>
      <Uncertain>false</Uncertain>
    </HierarchyRelationInfo>
    <HierarchyRelationInfo>
      <SuperEventID>33</SuperEventID>
      <SubEventID>35</SubEventID>
      <Type>SuperSub</Type>
      <Uncertain>false</Uncertain>
    </HierarchyRelationInfo>
    <HierarchyRelationInfo>
      <SuperEventID>28</SuperEventID>
      <SubEventID>36</SubEventID>
      <Type>SuperSub</Type>
      <Uncertain>false</Uncertain>
    </HierarchyRelationInfo>
    <HierarchyRelationInfo>
      <SuperEventID>28</SuperEventID>
      <SubEventID>37</SubEventID>
      <Type>SuperSub</Type>
      <Uncertain>false</Uncertain>
    </HierarchyRelationInfo>
    <HierarchyRelationInfo>
      <SuperEventID>28</SuperEventID>
      <SubEventID>30</SubEventID>
      <Type>SuperSub</Type>
      <Uncertain>false</Uncertain>
    </HierarchyRelationInfo>
    <HierarchyRelationInfo>
      <SuperEventID>25</SuperEventID>
      <SubEventID>14</SubEventID>
      <Type>SuperSub</Type>
      <Uncertain>false</Uncertain>
    </HierarchyRelationInfo>
    <HierarchyRelationInfo>
      <SuperEventID>41</SuperEventID>
      <SubEventID>43</SubEventID>
      <Type>SuperSub</Type>
      <Uncertain>false</Uncertain>
    </HierarchyRelationInfo>
    <HierarchyRelationInfo>
      <SuperEventID>43</SuperEventID>
      <SubEventID>46</SubEventID>
      <Type>SuperSub</Type>
      <Uncertain>false</Uncertain>
    </HierarchyRelationInfo>
    <HierarchyRelationInfo>
      <SuperEventID>48</SuperEventID>
      <SubEventID>16</SubEventID>
      <Type>Coref</Type>
      <Uncertain>false</Uncertain>
    </HierarchyRelationInfo>
    <HierarchyRelationInfo>
      <SuperEventID>48</SuperEventID>
      <SubEventID>49</SubEventID>
      <Type>SuperSub</Type>
      <Uncertain>false</Uncertain>
    </HierarchyRelationInfo>
    <HierarchyRelationInfo>
      <SuperEventID>52</SuperEventID>
      <SubEventID>33</SubEventID>
      <Type>Coref</Type>
      <Uncertain>false</Uncertain>
    </HierarchyRelationInfo>
    <HierarchyRelationInfo>
      <SuperEventID>28</SuperEventID>
      <SubEventID>51</SubEventID>
      <Type>SuperSub</Type>
      <Uncertain>false</Uncertain>
    </HierarchyRelationInfo>
    <HierarchyRelationInfo>
      <SuperEventID>48</SuperEventID>
      <SubEventID>50</SubEventID>
      <Type>SuperSub</Type>
      <Uncertain>false</Uncertain>
    </HierarchyRelationInfo>
    <HierarchyRelationInfo>
      <SuperEventID>28</SuperEventID>
      <SubEventID>56</SubEventID>
      <Type>SuperSub</Type>
      <Uncertain>false</Uncertain>
    </HierarchyRelationInfo>
  </Relations>
</ArticleInfo>