<ArticleInfo>
  <Text>The vessel Low Speed Chase, a 12 metre racing sailboat with a crew of eight, was one of 49 yachts competing on Saturday in a race around South Farallon Island, part of a rugged, sparsely populated chain offshore from San Francisco. Officials said trouble began as the vessel rounded South Farallon Island on Saturday afternoon. A large wave initially swept four crew members into the ocean and when those remaining aboard tried to turn the craft around, another wave pushed the boat onto rocks, where it foundered. Local media said the second wave tossed three more people into the water. Air units from the coast guard and California Air National Guard lifted off after receiving an emergency transmission from a satellite beacon on the Low Speed Chase, as well as a mayday radio call from a nearby yacht, officials said. The accident came two weeks after a monster wave smashed into an Australian yacht taking part in a round-the-world race. Four crew members were hurt in that accident, which took place 400 nautical miles off the California coast, and the coast guard had to be called in to help. No one was killed. Shortly after Saturday's accident, helicopter crews quickly used litter baskets and motorized winches to rescue three sailors, said Levi Read, a US coast guard spokesman. The rescuers also recovered the body of Marc Kasanin (46) of Belvedere, California, who was identified late on Sunday in a release from the San Francisco Yacht Club, where the Low Speed Chase was based. Mr Read had earlier said the prospects for surviving frigid ocean waters or holding onto the rocky shoals and cliffs of the Farallones depended on the missing sailors' physical fitness, size and clothing. "The people who were rescued had on cold-weather gear and inflatable life vests," he said. Ed Lynch, the yacht club's director, said the three rescued sailors were "all pretty shaken up" and taken to San Francisco General Hospital. Two were treated and released on Saturday and one remained hospitalized yesterday with a fractured leg. </Text>
  <Events>
    <EventMentionInfo>
      <ID>1</ID>
      <AnchorText>competing</AnchorText>
      <Type>Occurrence</Type>
      <Position>98</Position>
    </EventMentionInfo>
    <EventMentionInfo>
      <ID>2</ID>
      <AnchorText>race</AnchorText>
      <Type>Occurrence</Type>
      <Position>125</Position>
    </EventMentionInfo>
    <EventMentionInfo>
      <ID>3</ID>
      <AnchorText>said</AnchorText>
      <Type>Reporting</Type>
      <Position>242</Position>
    </EventMentionInfo>
    <EventMentionInfo>
      <ID>4</ID>
      <AnchorText>trouble</AnchorText>
      <Type>Occurrence</Type>
      <Position>247</Position>
    </EventMentionInfo>
    <EventMentionInfo>
      <ID>5</ID>
      <AnchorText>began</AnchorText>
      <Type>Occurrence</Type>
      <Position>255</Position>
    </EventMentionInfo>
    <EventMentionInfo>
      <ID>6</ID>
      <AnchorText>rounded</AnchorText>
      <Type>Occurrence</Type>
      <Position>275</Position>
    </EventMentionInfo>
    <EventMentionInfo>
      <ID>7</ID>
      <AnchorText>swept</AnchorText>
      <Type>Occurrence</Type>
      <Position>351</Position>
    </EventMentionInfo>
    <EventMentionInfo>
      <ID>8</ID>
      <AnchorText>tried</AnchorText>
      <Type>I_Action</Type>
      <Position>422</Position>
    </EventMentionInfo>
    <EventMentionInfo>
      <ID>9</ID>
      <AnchorText>pushed</AnchorText>
      <Type>Occurrence</Type>
      <Position>467</Position>
    </EventMentionInfo>
    <EventMentionInfo>
      <ID>10</ID>
      <AnchorText>foundered</AnchorText>
      <Type>Occurrence</Type>
      <Position>504</Position>
    </EventMentionInfo>
    <EventMentionInfo>
      <ID>11</ID>
      <AnchorText>said</AnchorText>
      <Type>Reporting</Type>
      <Position>527</Position>
    </EventMentionInfo>
    <EventMentionInfo>
      <ID>12</ID>
      <AnchorText>tossed</AnchorText>
      <Type>Occurrence</Type>
      <Position>548</Position>
    </EventMentionInfo>
    <EventMentionInfo>
      <ID>13</ID>
      <AnchorText>lifted</AnchorText>
      <Type>Occurrence</Type>
      <Position>654</Position>
    </EventMentionInfo>
    <EventMentionInfo>
      <ID>14</ID>
      <AnchorText>receiving</AnchorText>
      <Type>I_Action</Type>
      <Position>671</Position>
    </EventMentionInfo>
    <EventMentionInfo>
      <ID>15</ID>
      <AnchorText>transmission</AnchorText>
      <Type>Occurrence</Type>
      <Position>694</Position>
    </EventMentionInfo>
    <EventMentionInfo>
      <ID>16</ID>
      <AnchorText>call</AnchorText>
      <Type>Occurrence</Type>
      <Position>781</Position>
    </EventMentionInfo>
    <EventMentionInfo>
      <ID>17</ID>
      <AnchorText>said</AnchorText>
      <Type>Reporting</Type>
      <Position>817</Position>
    </EventMentionInfo>
    <EventMentionInfo>
      <ID>18</ID>
      <AnchorText>accident</AnchorText>
      <Type>Occurrence</Type>
      <Position>827</Position>
    </EventMentionInfo>
    <EventMentionInfo>
      <ID>19</ID>
      <AnchorText>came</AnchorText>
      <Type>Occurrence</Type>
      <Position>836</Position>
    </EventMentionInfo>
    <EventMentionInfo>
      <ID>20</ID>
      <AnchorText>smashed</AnchorText>
      <Type>Occurrence</Type>
      <Position>872</Position>
    </EventMentionInfo>
    <EventMentionInfo>
      <ID>21</ID>
      <AnchorText>taking</AnchorText>
      <Type>I_Action</Type>
      <Position>905</Position>
    </EventMentionInfo>
    <EventMentionInfo>
      <ID>22</ID>
      <AnchorText>race</AnchorText>
      <Type>Occurrence</Type>
      <Position>938</Position>
    </EventMentionInfo>
    <EventMentionInfo>
      <ID>23</ID>
      <AnchorText>hurt</AnchorText>
      <Type>Occurrence</Type>
      <Position>967</Position>
    </EventMentionInfo>
    <EventMentionInfo>
      <ID>24</ID>
      <AnchorText>accident</AnchorText>
      <Type>Occurrence</Type>
      <Position>980</Position>
    </EventMentionInfo>
    <EventMentionInfo>
      <ID>25</ID>
      <AnchorText>took</AnchorText>
      <Type>Occurrence</Type>
      <Position>996</Position>
    </EventMentionInfo>
    <EventMentionInfo>
      <ID>26</ID>
      <AnchorText>called</AnchorText>
      <Type>I_Action</Type>
      <Position>1082</Position>
    </EventMentionInfo>
    <EventMentionInfo>
      <ID>27</ID>
      <AnchorText>help</AnchorText>
      <Type>Occurrence</Type>
      <Position>1095</Position>
    </EventMentionInfo>
    <EventMentionInfo>
      <ID>28</ID>
      <AnchorText>accident</AnchorText>
      <Type>Occurrence</Type>
      <Position>1145</Position>
    </EventMentionInfo>
    <EventMentionInfo>
      <ID>29</ID>
      <AnchorText>used</AnchorText>
      <Type>I_Action</Type>
      <Position>1180</Position>
    </EventMentionInfo>
    <EventMentionInfo>
      <ID>30</ID>
      <AnchorText>rescue</AnchorText>
      <Type>Occurrence</Type>
      <Position>1225</Position>
    </EventMentionInfo>
    <EventMentionInfo>
      <ID>31</ID>
      <AnchorText>said</AnchorText>
      <Type>Reporting</Type>
      <Position>1247</Position>
    </EventMentionInfo>
    <EventMentionInfo>
      <ID>32</ID>
      <AnchorText>recovered</AnchorText>
      <Type>Occurrence</Type>
      <Position>1309</Position>
    </EventMentionInfo>
    <EventMentionInfo>
      <ID>33</ID>
      <AnchorText>identified</AnchorText>
      <Type>Occurrence</Type>
      <Position>1383</Position>
    </EventMentionInfo>
    <EventMentionInfo>
      <ID>34</ID>
      <AnchorText>said</AnchorText>
      <Type>Reporting</Type>
      <Position>1514</Position>
    </EventMentionInfo>
    <EventMentionInfo>
      <ID>35</ID>
      <AnchorText>rescued</AnchorText>
      <Type>Occurrence</Type>
      <Position>1720</Position>
    </EventMentionInfo>
    <EventMentionInfo>
      <ID>36</ID>
      <AnchorText>said</AnchorText>
      <Type>Reporting</Type>
      <Position>1784</Position>
    </EventMentionInfo>
    <EventMentionInfo>
      <ID>37</ID>
      <AnchorText>said</AnchorText>
      <Type>Reporting</Type>
      <Position>1827</Position>
    </EventMentionInfo>
    <EventMentionInfo>
      <ID>38</ID>
      <AnchorText>taken</AnchorText>
      <Type>Occurrence</Type>
      <Position>1890</Position>
    </EventMentionInfo>
    <EventMentionInfo>
      <ID>39</ID>
      <AnchorText>treated</AnchorText>
      <Type>Occurrence</Type>
      <Position>1940</Position>
    </EventMentionInfo>
    <EventMentionInfo>
      <ID>40</ID>
      <AnchorText>released</AnchorText>
      <Type>Occurrence</Type>
      <Position>1952</Position>
    </EventMentionInfo>
  </Events>
  <Relations>
    <HierarchyRelationInfo>
      <SuperEventID>4</SuperEventID>
      <SubEventID>5</SubEventID>
      <Type>SuperSub</Type>
      <Uncertain>false</Uncertain>
      <Transitive>false</Transitive>
    </HierarchyRelationInfo>
    <HierarchyRelationInfo>
      <SuperEventID>2</SuperEventID>
      <SubEventID>6</SubEventID>
      <Type>SuperSub</Type>
      <Uncertain>false</Uncertain>
      <Transitive>false</Transitive>
    </HierarchyRelationInfo>
    <HierarchyRelationInfo>
      <SuperEventID>4</SuperEventID>
      <SubEventID>7</SubEventID>
      <Type>SuperSub</Type>
      <Uncertain>false</Uncertain>
      <Transitive>false</Transitive>
    </HierarchyRelationInfo>
    <HierarchyRelationInfo>
      <SuperEventID>4</SuperEventID>
      <SubEventID>9</SubEventID>
      <Type>SuperSub</Type>
      <Uncertain>false</Uncertain>
      <Transitive>false</Transitive>
    </HierarchyRelationInfo>
    <HierarchyRelationInfo>
      <SuperEventID>4</SuperEventID>
      <SubEventID>10</SubEventID>
      <Type>SuperSub</Type>
      <Uncertain>false</Uncertain>
      <Transitive>false</Transitive>
    </HierarchyRelationInfo>
    <HierarchyRelationInfo>
      <SuperEventID>4</SuperEventID>
      <SubEventID>12</SubEventID>
      <Type>SuperSub</Type>
      <Uncertain>false</Uncertain>
      <Transitive>false</Transitive>
    </HierarchyRelationInfo>
    <HierarchyRelationInfo>
      <SuperEventID>18</SuperEventID>
      <SubEventID>19</SubEventID>
      <Type>Coref</Type>
      <Uncertain>false</Uncertain>
      <Transitive>false</Transitive>
    </HierarchyRelationInfo>
    <HierarchyRelationInfo>
      <SuperEventID>22</SuperEventID>
      <SubEventID>20</SubEventID>
      <Type>SuperSub</Type>
      <Uncertain>false</Uncertain>
      <Transitive>false</Transitive>
    </HierarchyRelationInfo>
    <HierarchyRelationInfo>
      <SuperEventID>24</SuperEventID>
      <SubEventID>20</SubEventID>
      <Type>Coref</Type>
      <Uncertain>false</Uncertain>
      <Transitive>false</Transitive>
    </HierarchyRelationInfo>
    <HierarchyRelationInfo>
      <SuperEventID>25</SuperEventID>
      <SubEventID>24</SubEventID>
      <Type>Coref</Type>
      <Uncertain>false</Uncertain>
      <Transitive>false</Transitive>
    </HierarchyRelationInfo>
    <HierarchyRelationInfo>
      <SuperEventID>2</SuperEventID>
      <SubEventID>4</SubEventID>
      <Type>SuperSub</Type>
      <Uncertain>false</Uncertain>
      <Transitive>false</Transitive>
    </HierarchyRelationInfo>
    <HierarchyRelationInfo>
      <SuperEventID>1</SuperEventID>
      <SubEventID>2</SubEventID>
      <Type>Coref</Type>
      <Uncertain>false</Uncertain>
      <Transitive>false</Transitive>
      <Comment>Filip, </Comment>
    </HierarchyRelationInfo>
    <HierarchyRelationInfo>
      <SuperEventID>24</SuperEventID>
      <SubEventID>23</SubEventID>
      <Type>SuperSub</Type>
      <Uncertain>false</Uncertain>
      <Transitive>false</Transitive>
      <Comment>Filip, Suncana, </Comment>
    </HierarchyRelationInfo>
    <HierarchyRelationInfo>
      <SuperEventID>1</SuperEventID>
      <SubEventID>4</SubEventID>
      <Type>SuperSub</Type>
      <Uncertain>false</Uncertain>
      <Transitive>false</Transitive>
      <Comment>Maja, Suncana, </Comment>
    </HierarchyRelationInfo>
    <HierarchyRelationInfo>
      <SuperEventID>5</SuperEventID>
      <SubEventID>6</SubEventID>
      <Type>Coref</Type>
      <Uncertain>false</Uncertain>
      <Transitive>false</Transitive>
      <Comment>Suncana, </Comment>
    </HierarchyRelationInfo>
    <HierarchyRelationInfo>
      <SuperEventID>20</SuperEventID>
      <SubEventID>23</SubEventID>
      <Type>SuperSub</Type>
      <Uncertain>false</Uncertain>
      <Transitive>false</Transitive>
      <Comment>Maja, </Comment>
    </HierarchyRelationInfo>
    <HierarchyRelationInfo>
      <SuperEventID>18</SuperEventID>
      <SubEventID>28</SubEventID>
      <Type>Coref</Type>
      <Uncertain>false</Uncertain>
      <Transitive>false</Transitive>
      <Comment>Maja, </Comment>
    </HierarchyRelationInfo>
    <HierarchyRelationInfo>
      <SuperEventID>35</SuperEventID>
      <SubEventID>30</SubEventID>
      <Type>Coref</Type>
      <Uncertain>false</Uncertain>
      <Transitive>false</Transitive>
      <Comment>Maja, Suncana, </Comment>
    </HierarchyRelationInfo>
  </Relations>
</ArticleInfo>