<ArticleInfo>
  <Text>At least two people were killed in Beirut in heavy clashes early on Monday between rival Sunni Muslim gunmen, the latest violence fuelled by tensions over the uprising in neighboring Syria. Gunmen firing rocket-propelled grenades and machineguns clashed in the Lebanese capital's Tariq al-Jadideh district in some of the fiercest battles since sectarian fighting four years ago brought Lebanon back to the brink of civil war. The violence followed the killing of two members of a political alliance opposed to Syrian President Bashar al-Assad on Sunday in the north of Lebanon. Residents in the northern region of Akkar blocked roads and burned tyres to protest against the killing and demonstrations spread south to the main coastal highway and to Beirut, where several roads were cut off. A Reuters cameraman in Tariq al-Jadideh said shooting could be heard from 10 pm (1900 GMT) until nearly 5 am (0200 GMT) on Monday. Security sources said the fighting pitted gunmen from the Future Movement, loyal to anti-Syrian former Prime Minister Saad al-Hariri, against the pro-Syrian Arab Movement Party headed by Shaker Barjawi. The state news agency said two people were killed and 18 wounded. The security sources put the death toll at three - two of Barjawi's supporters and one from the Future Movement - with nine people wounded. Many of Lebanon's Sunni Muslims sympathize with Syria's Sunni-led uprising against Assad, whose father sent forces into Lebanon during its 1975-1990 civil war. The Syrian army finally pulled out in 2005 under international pressure. Prime Minister Najib Mikati said on Sunday: "The government is determined to continue to shoulder its national responsibilities amid this critical period in Lebanon and the region, and it will take all measures necessary to preserve civil peace." </Text>
  <Events>
    <EventMentionInfo>
      <ID>1</ID>
      <AnchorText>killed</AnchorText>
      <Type>Occurrence</Type>
      <Position>25</Position>
    </EventMentionInfo>
    <EventMentionInfo>
      <ID>2</ID>
      <AnchorText>clashes</AnchorText>
      <Type>Occurrence</Type>
      <Position>51</Position>
    </EventMentionInfo>
    <EventMentionInfo>
      <ID>3</ID>
      <AnchorText>violence</AnchorText>
      <Type>HalfGeneric</Type>
      <Position>121</Position>
    </EventMentionInfo>
    <EventMentionInfo>
      <ID>4</ID>
      <AnchorText>fuelled</AnchorText>
      <Type>I_Action</Type>
      <Position>130</Position>
    </EventMentionInfo>
    <EventMentionInfo>
      <ID>5</ID>
      <AnchorText>uprising</AnchorText>
      <Type>Occurrence</Type>
      <Position>159</Position>
    </EventMentionInfo>
    <EventMentionInfo>
      <ID>6</ID>
      <AnchorText>firing</AnchorText>
      <Type>Occurrence</Type>
      <Position>197</Position>
    </EventMentionInfo>
    <EventMentionInfo>
      <ID>7</ID>
      <AnchorText>clashed</AnchorText>
      <Type>Occurrence</Type>
      <Position>246</Position>
    </EventMentionInfo>
    <EventMentionInfo>
      <ID>8</ID>
      <AnchorText>battles</AnchorText>
      <Type>HalfGeneric</Type>
      <Position>330</Position>
    </EventMentionInfo>
    <EventMentionInfo>
      <ID>9</ID>
      <AnchorText>fighting</AnchorText>
      <Type>Occurrence</Type>
      <Position>354</Position>
    </EventMentionInfo>
    <EventMentionInfo>
      <ID>10</ID>
      <AnchorText>brought</AnchorText>
      <Type>Occurrence</Type>
      <Position>378</Position>
    </EventMentionInfo>
    <EventMentionInfo>
      <ID>11</ID>
      <AnchorText>violence</AnchorText>
      <Type>HalfGeneric</Type>
      <Position>430</Position>
    </EventMentionInfo>
    <EventMentionInfo>
      <ID>12</ID>
      <AnchorText>killing</AnchorText>
      <Type>Occurrence</Type>
      <Position>452</Position>
    </EventMentionInfo>
    <EventMentionInfo>
      <ID>13</ID>
      <AnchorText>blocked</AnchorText>
      <Type>I_Action</Type>
      <Position>620</Position>
    </EventMentionInfo>
    <EventMentionInfo>
      <ID>14</ID>
      <AnchorText>burned</AnchorText>
      <Type>I_Action</Type>
      <Position>638</Position>
    </EventMentionInfo>
    <EventMentionInfo>
      <ID>15</ID>
      <AnchorText>protest</AnchorText>
      <Type>I_Action</Type>
      <Position>654</Position>
    </EventMentionInfo>
    <EventMentionInfo>
      <ID>16</ID>
      <AnchorText>killing</AnchorText>
      <Type>Occurrence</Type>
      <Position>674</Position>
    </EventMentionInfo>
    <EventMentionInfo>
      <ID>17</ID>
      <AnchorText>demonstrations</AnchorText>
      <Type>Occurrence</Type>
      <Position>686</Position>
    </EventMentionInfo>
    <EventMentionInfo>
      <ID>18</ID>
      <AnchorText>spread</AnchorText>
      <Type>StateChange</Type>
      <Position>701</Position>
    </EventMentionInfo>
    <EventMentionInfo>
      <ID>19</ID>
      <AnchorText>cut</AnchorText>
      <Type>Occurrence</Type>
      <Position>782</Position>
    </EventMentionInfo>
    <EventMentionInfo>
      <ID>20</ID>
      <AnchorText>said</AnchorText>
      <Type>Reporting</Type>
      <Position>831</Position>
    </EventMentionInfo>
    <EventMentionInfo>
      <ID>21</ID>
      <AnchorText>shooting</AnchorText>
      <Type>Occurrence</Type>
      <Position>836</Position>
    </EventMentionInfo>
    <EventMentionInfo>
      <ID>22</ID>
      <AnchorText>said</AnchorText>
      <Type>Reporting</Type>
      <Position>939</Position>
    </EventMentionInfo>
    <EventMentionInfo>
      <ID>23</ID>
      <AnchorText>fighting</AnchorText>
      <Type>Occurrence</Type>
      <Position>948</Position>
    </EventMentionInfo>
    <EventMentionInfo>
      <ID>24</ID>
      <AnchorText>pitted</AnchorText>
      <Type>Occurrence</Type>
      <Position>957</Position>
    </EventMentionInfo>
    <EventMentionInfo>
      <ID>25</ID>
      <AnchorText>said</AnchorText>
      <Type>Reporting</Type>
      <Position>1147</Position>
    </EventMentionInfo>
    <EventMentionInfo>
      <ID>26</ID>
      <AnchorText>killed</AnchorText>
      <Type>Occurrence</Type>
      <Position>1168</Position>
    </EventMentionInfo>
    <EventMentionInfo>
      <ID>27</ID>
      <AnchorText>wounded</AnchorText>
      <Type>Occurrence</Type>
      <Position>1182</Position>
    </EventMentionInfo>
    <EventMentionInfo>
      <ID>28</ID>
      <AnchorText>put</AnchorText>
      <Type>Reporting</Type>
      <Position>1212</Position>
    </EventMentionInfo>
    <EventMentionInfo>
      <ID>29</ID>
      <AnchorText>wounded</AnchorText>
      <Type>Occurrence</Type>
      <Position>1322</Position>
    </EventMentionInfo>
    <EventMentionInfo>
      <ID>30</ID>
      <AnchorText>uprising</AnchorText>
      <Type>Occurrence</Type>
      <Position>1397</Position>
    </EventMentionInfo>
    <EventMentionInfo>
      <ID>31</ID>
      <AnchorText>sent</AnchorText>
      <Type>Occurrence</Type>
      <Position>1434</Position>
    </EventMentionInfo>
    <EventMentionInfo>
      <ID>32</ID>
      <AnchorText>war</AnchorText>
      <Type>Occurrence</Type>
      <Position>1486</Position>
    </EventMentionInfo>
    <EventMentionInfo>
      <ID>33</ID>
      <AnchorText>pulled</AnchorText>
      <Type>Occurrence</Type>
      <Position>1515</Position>
    </EventMentionInfo>
    <EventMentionInfo>
      <ID>34</ID>
      <AnchorText>said</AnchorText>
      <Type>Reporting</Type>
      <Position>1592</Position>
    </EventMentionInfo>
  </Events>
  <Relations>
    <HierarchyRelationInfo>
      <SuperEventID>2</SuperEventID>
      <SubEventID>1</SubEventID>
      <Type>SuperSub</Type>
      <Uncertain>false</Uncertain>
    </HierarchyRelationInfo>
    <HierarchyRelationInfo>
      <SuperEventID>2</SuperEventID>
      <SubEventID>3</SubEventID>
      <Type>Coref</Type>
      <Uncertain>false</Uncertain>
    </HierarchyRelationInfo>
    <HierarchyRelationInfo>
      <SuperEventID>5</SuperEventID>
      <SubEventID>3</SubEventID>
      <Type>SuperSub</Type>
      <Uncertain>false</Uncertain>
    </HierarchyRelationInfo>
    <HierarchyRelationInfo>
      <SuperEventID>2</SuperEventID>
      <SubEventID>6</SubEventID>
      <Type>SuperSub</Type>
      <Uncertain>false</Uncertain>
    </HierarchyRelationInfo>
    <HierarchyRelationInfo>
      <SuperEventID>7</SuperEventID>
      <SubEventID>2</SubEventID>
      <Type>Coref</Type>
      <Uncertain>false</Uncertain>
    </HierarchyRelationInfo>
    <HierarchyRelationInfo>
      <SuperEventID>8</SuperEventID>
      <SubEventID>3</SubEventID>
      <Type>Coref</Type>
      <Uncertain>false</Uncertain>
    </HierarchyRelationInfo>
    <HierarchyRelationInfo>
      <SuperEventID>9</SuperEventID>
      <SubEventID>10</SubEventID>
      <Type>SuperSub</Type>
      <Uncertain>false</Uncertain>
    </HierarchyRelationInfo>
    <HierarchyRelationInfo>
      <SuperEventID>11</SuperEventID>
      <SubEventID>8</SubEventID>
      <Type>Coref</Type>
      <Uncertain>false</Uncertain>
    </HierarchyRelationInfo>
    <HierarchyRelationInfo>
      <SuperEventID>16</SuperEventID>
      <SubEventID>1</SubEventID>
      <Type>Coref</Type>
      <Uncertain>false</Uncertain>
    </HierarchyRelationInfo>
    <HierarchyRelationInfo>
      <SuperEventID>17</SuperEventID>
      <SubEventID>18</SubEventID>
      <Type>SuperSub</Type>
      <Uncertain>false</Uncertain>
    </HierarchyRelationInfo>
    <HierarchyRelationInfo>
      <SuperEventID>17</SuperEventID>
      <SubEventID>19</SubEventID>
      <Type>SuperSub</Type>
      <Uncertain>false</Uncertain>
    </HierarchyRelationInfo>
    <HierarchyRelationInfo>
      <SuperEventID>21</SuperEventID>
      <SubEventID>6</SubEventID>
      <Type>Coref</Type>
      <Uncertain>false</Uncertain>
    </HierarchyRelationInfo>
    <HierarchyRelationInfo>
      <SuperEventID>23</SuperEventID>
      <SubEventID>7</SubEventID>
      <Type>Coref</Type>
      <Uncertain>false</Uncertain>
    </HierarchyRelationInfo>
    <HierarchyRelationInfo>
      <SuperEventID>23</SuperEventID>
      <SubEventID>24</SubEventID>
      <Type>SuperSub</Type>
      <Uncertain>false</Uncertain>
    </HierarchyRelationInfo>
    <HierarchyRelationInfo>
      <SuperEventID>26</SuperEventID>
      <SubEventID>1</SubEventID>
      <Type>Coref</Type>
      <Uncertain>false</Uncertain>
    </HierarchyRelationInfo>
    <HierarchyRelationInfo>
      <SuperEventID>23</SuperEventID>
      <SubEventID>27</SubEventID>
      <Type>SuperSub</Type>
      <Uncertain>false</Uncertain>
    </HierarchyRelationInfo>
    <HierarchyRelationInfo>
      <SuperEventID>27</SuperEventID>
      <SubEventID>29</SubEventID>
      <Type>Coref</Type>
      <Uncertain>false</Uncertain>
    </HierarchyRelationInfo>
    <HierarchyRelationInfo>
      <SuperEventID>30</SuperEventID>
      <SubEventID>5</SubEventID>
      <Type>Coref</Type>
      <Uncertain>false</Uncertain>
    </HierarchyRelationInfo>
    <HierarchyRelationInfo>
      <SuperEventID>32</SuperEventID>
      <SubEventID>31</SubEventID>
      <Type>SuperSub</Type>
      <Uncertain>false</Uncertain>
    </HierarchyRelationInfo>
  </Relations>
</ArticleInfo>