<ArticleInfo>
  <Text>Two Pakistani air force planes crashed in a residential area in northwestern Pakistan on Thursday, killing all four pilots on board and injuring five people on the ground, police said. Residents of Nowshera city, where the planes went down, reported that the aircraft collided before they crashed, but the air force is still investigating, said police official Fazil Khan. The planes took off from an air force academy in nearby Risalpur, said Mohammad Hussain, the Nowshera police chief. Local TV footage showed the twisted metal wreckage from one of the planes among a group of houses in Nowshera. The air force has suffered a series of crashes over the past year that it has said were the result of technical problems. </Text>
  <Events>
    <EventMentionInfo>
      <ID>1</ID>
      <AnchorText>crashed</AnchorText>
      <Type>Occurrence</Type>
      <Position>31</Position>
    </EventMentionInfo>
    <EventMentionInfo>
      <ID>2</ID>
      <AnchorText>killing</AnchorText>
      <Type>Occurrence</Type>
      <Position>99</Position>
    </EventMentionInfo>
    <EventMentionInfo>
      <ID>3</ID>
      <AnchorText>injuring</AnchorText>
      <Type>Occurrence</Type>
      <Position>136</Position>
    </EventMentionInfo>
    <EventMentionInfo>
      <ID>4</ID>
      <AnchorText>said</AnchorText>
      <Type>Reporting</Type>
      <Position>179</Position>
    </EventMentionInfo>
    <EventMentionInfo>
      <ID>5</ID>
      <AnchorText>went</AnchorText>
      <Type>Occurrence</Type>
      <Position>230</Position>
    </EventMentionInfo>
    <EventMentionInfo>
      <ID>6</ID>
      <AnchorText>reported</AnchorText>
      <Type>Reporting</Type>
      <Position>241</Position>
    </EventMentionInfo>
    <EventMentionInfo>
      <ID>7</ID>
      <AnchorText>collided</AnchorText>
      <Type>Occurrence</Type>
      <Position>268</Position>
    </EventMentionInfo>
    <EventMentionInfo>
      <ID>8</ID>
      <AnchorText>crashed</AnchorText>
      <Type>Occurrence</Type>
      <Position>289</Position>
    </EventMentionInfo>
    <EventMentionInfo>
      <ID>9</ID>
      <AnchorText>investigating</AnchorText>
      <Type>Occurrence</Type>
      <Position>325</Position>
    </EventMentionInfo>
    <EventMentionInfo>
      <ID>10</ID>
      <AnchorText>said</AnchorText>
      <Type>Reporting</Type>
      <Position>340</Position>
    </EventMentionInfo>
    <EventMentionInfo>
      <ID>11</ID>
      <AnchorText>took</AnchorText>
      <Type>Occurrence</Type>
      <Position>384</Position>
    </EventMentionInfo>
    <EventMentionInfo>
      <ID>12</ID>
      <AnchorText>said</AnchorText>
      <Type>Reporting</Type>
      <Position>439</Position>
    </EventMentionInfo>
    <EventMentionInfo>
      <ID>13</ID>
      <AnchorText>showed</AnchorText>
      <Type>Occurrence</Type>
      <Position>506</Position>
    </EventMentionInfo>
    <EventMentionInfo>
      <ID>14</ID>
      <AnchorText>suffered</AnchorText>
      <Type>I_Action</Type>
      <Position>618</Position>
    </EventMentionInfo>
    <EventMentionInfo>
      <ID>15</ID>
      <AnchorText>crashes</AnchorText>
      <Type>HalfGeneric</Type>
      <Position>639</Position>
    </EventMentionInfo>
    <EventMentionInfo>
      <ID>16</ID>
      <AnchorText>said</AnchorText>
      <Type>Reporting</Type>
      <Position>678</Position>
    </EventMentionInfo>
  </Events>
  <Relations>
    <HierarchyRelationInfo>
      <SuperEventID>1</SuperEventID>
      <SubEventID>2</SubEventID>
      <Type>SuperSub</Type>
      <Uncertain>false</Uncertain>
    </HierarchyRelationInfo>
    <HierarchyRelationInfo>
      <SuperEventID>1</SuperEventID>
      <SubEventID>3</SubEventID>
      <Type>SuperSub</Type>
      <Uncertain>false</Uncertain>
    </HierarchyRelationInfo>
    <HierarchyRelationInfo>
      <SuperEventID>5</SuperEventID>
      <SubEventID>1</SubEventID>
      <Type>Coref</Type>
      <Uncertain>false</Uncertain>
    </HierarchyRelationInfo>
    <HierarchyRelationInfo>
      <SuperEventID>8</SuperEventID>
      <SubEventID>5</SubEventID>
      <Type>Coref</Type>
      <Uncertain>false</Uncertain>
    </HierarchyRelationInfo>
    <HierarchyRelationInfo>
      <SuperEventID>15</SuperEventID>
      <SubEventID>8</SubEventID>
      <Type>SuperSub</Type>
      <Uncertain>false</Uncertain>
    </HierarchyRelationInfo>
  </Relations>
</ArticleInfo>