<ArticleInfo>
  <Text>A new lawyer for OJ Simpson has filed a new attempt to gain his release from Nevada state prison, alleging the former American football star and actor was so badly represented by lawyers in his trial and previous appeals that he deserves a retrial. A 94-page document filed in Clark County District Court in Las Vegas faults the trial strategy and performance of attorneys Yale Galanter of Miami and Gabriel Grasso of Las Vegas, but maintains Simpson's same basic defence. It says the National Football League Hall of Famer wanted to recover from sports memorabilia dealers family photos and personal mementoes stolen from him after his 1995 acquittal in the Los Angeles deaths of his ex-wife, Nicole Brown Simpson, and her friend, Ronald Goldman. Simpson was convicted in 2008 in Las Vegas of charges including kidnapping and armed robbery in a caper in a casino hotel room crammed with two memorabilia dealers and a middle man, Simpson and five others later convicted of felonies. Simpson, 64, was sentenced in December 2008 to nine to 33 years behind bars. He is the only one in the case still in prison. The filing, called a writ of habeas corpus, is a common next-step appeals strategy to blame trial and initial appeals attorneys for a defendant's conviction. If state courts deny it, it can be appealed against to federal courts. Almost all of the 22 grounds that lawyer Patricia Palm of Las Vegas cited in the document fault Mr Galanter and Mr Grasso. Ms Palm is due to argue the case on July 3 in Clark County District Court in Las Vegas. The first claim is that Mr Galanter had a conflict of interest so severe he should have removed himself from the case. It does not raise a similar contention against Mr Grasso. Mr Galanter declined comment, saying he wanted to read the complete document and supporting appendices. Mr Grasso said he had not read the document, but "I'm behind OJ and I hope this petition helps him get out of prison". Simpson's current private lawyer, Malcolm LaVergne, declined comment.</Text>
  <Events>
    <EventMentionInfo>
      <ID>1</ID>
      <AnchorText>filed</AnchorText>
      <Type>I_Action</Type>
      <Position>32</Position>
    </EventMentionInfo>
    <EventMentionInfo>
      <ID>2</ID>
      <AnchorText>attempt</AnchorText>
      <Type>I_Action</Type>
      <Position>44</Position>
    </EventMentionInfo>
    <EventMentionInfo>
      <ID>3</ID>
      <AnchorText>alleging</AnchorText>
      <Type>Reporting</Type>
      <Position>98</Position>
    </EventMentionInfo>
    <EventMentionInfo>
      <ID>4</ID>
      <AnchorText>represented</AnchorText>
      <Type>Occurrence</Type>
      <Position>164</Position>
    </EventMentionInfo>
    <EventMentionInfo>
      <ID>5</ID>
      <AnchorText>trial</AnchorText>
      <Type>Occurrence</Type>
      <Position>194</Position>
    </EventMentionInfo>
    <EventMentionInfo>
      <ID>6</ID>
      <AnchorText>appeals</AnchorText>
      <Type>HalfGeneric</Type>
      <Position>213</Position>
    </EventMentionInfo>
    <EventMentionInfo>
      <ID>7</ID>
      <AnchorText>filed</AnchorText>
      <Type>Occurrence</Type>
      <Position>268</Position>
    </EventMentionInfo>
    <EventMentionInfo>
      <ID>8</ID>
      <AnchorText>trial</AnchorText>
      <Type>Occurrence</Type>
      <Position>329</Position>
    </EventMentionInfo>
    <EventMentionInfo>
      <ID>9</ID>
      <AnchorText>says</AnchorText>
      <Type>Reporting</Type>
      <Position>476</Position>
    </EventMentionInfo>
    <EventMentionInfo>
      <ID>10</ID>
      <AnchorText>stolen</AnchorText>
      <Type>Occurrence</Type>
      <Position>611</Position>
    </EventMentionInfo>
    <EventMentionInfo>
      <ID>11</ID>
      <AnchorText>acquittal</AnchorText>
      <Type>Occurrence</Type>
      <Position>642</Position>
    </EventMentionInfo>
    <EventMentionInfo>
      <ID>12</ID>
      <AnchorText>deaths</AnchorText>
      <Type>Occurrence</Type>
      <Position>671</Position>
    </EventMentionInfo>
    <EventMentionInfo>
      <ID>13</ID>
      <AnchorText>convicted</AnchorText>
      <Type>I_Action</Type>
      <Position>760</Position>
    </EventMentionInfo>
    <EventMentionInfo>
      <ID>14</ID>
      <AnchorText>kidnapping</AnchorText>
      <Type>Occurrence</Type>
      <Position>812</Position>
    </EventMentionInfo>
    <EventMentionInfo>
      <ID>15</ID>
      <AnchorText>robbery</AnchorText>
      <Type>Occurrence</Type>
      <Position>833</Position>
    </EventMentionInfo>
    <EventMentionInfo>
      <ID>16</ID>
      <AnchorText>convicted</AnchorText>
      <Type>I_Action</Type>
      <Position>960</Position>
    </EventMentionInfo>
    <EventMentionInfo>
      <ID>17</ID>
      <AnchorText>felonies</AnchorText>
      <Type>HalfGeneric</Type>
      <Position>973</Position>
    </EventMentionInfo>
    <EventMentionInfo>
      <ID>18</ID>
      <AnchorText>sentenced</AnchorText>
      <Type>Occurrence</Type>
      <Position>1000</Position>
    </EventMentionInfo>
    <EventMentionInfo>
      <ID>19</ID>
      <AnchorText>filing</AnchorText>
      <Type>Occurrence</Type>
      <Position>1112</Position>
    </EventMentionInfo>
    <EventMentionInfo>
      <ID>20</ID>
      <AnchorText>called</AnchorText>
      <Type>Reporting</Type>
      <Position>1120</Position>
    </EventMentionInfo>
    <EventMentionInfo>
      <ID>21</ID>
      <AnchorText>cited</AnchorText>
      <Type>Reporting</Type>
      <Position>1405</Position>
    </EventMentionInfo>
    <EventMentionInfo>
      <ID>22</ID>
      <AnchorText>declined</AnchorText>
      <Type>I_Action</Type>
      <Position>1737</Position>
    </EventMentionInfo>
    <EventMentionInfo>
      <ID>23</ID>
      <AnchorText>saying</AnchorText>
      <Type>Reporting</Type>
      <Position>1755</Position>
    </EventMentionInfo>
    <EventMentionInfo>
      <ID>24</ID>
      <AnchorText>said</AnchorText>
      <Type>Reporting</Type>
      <Position>1839</Position>
    </EventMentionInfo>
    <EventMentionInfo>
      <ID>25</ID>
      <AnchorText>petition</AnchorText>
      <Type>Occurrence</Type>
      <Position>1909</Position>
    </EventMentionInfo>
    <EventMentionInfo>
      <ID>26</ID>
      <AnchorText>declined</AnchorText>
      <Type>I_Action</Type>
      <Position>2000</Position>
    </EventMentionInfo>
  </Events>
  <Relations>
    <HierarchyRelationInfo>
      <SuperEventID>5</SuperEventID>
      <SubEventID>4</SubEventID>
      <Type>SuperSub</Type>
      <Uncertain>false</Uncertain>
    </HierarchyRelationInfo>
    <HierarchyRelationInfo>
      <SuperEventID>8</SuperEventID>
      <SubEventID>5</SubEventID>
      <Type>Coref</Type>
      <Uncertain>true</Uncertain>
    </HierarchyRelationInfo>
    <HierarchyRelationInfo>
      <SuperEventID>19</SuperEventID>
      <SubEventID>7</SubEventID>
      <Type>Coref</Type>
      <Uncertain>false</Uncertain>
    </HierarchyRelationInfo>
    <HierarchyRelationInfo>
      <SuperEventID>25</SuperEventID>
      <SubEventID>19</SubEventID>
      <Type>Coref</Type>
      <Uncertain>false</Uncertain>
    </HierarchyRelationInfo>
    <HierarchyRelationInfo>
      <SuperEventID>5</SuperEventID>
      <SubEventID>18</SubEventID>
      <Type>SuperSub</Type>
      <Uncertain>false</Uncertain>
    </HierarchyRelationInfo>
    <HierarchyRelationInfo>
      <SuperEventID>17</SuperEventID>
      <SubEventID>14</SubEventID>
      <Type>SuperSub</Type>
      <Uncertain>false</Uncertain>
    </HierarchyRelationInfo>
    <HierarchyRelationInfo>
      <SuperEventID>17</SuperEventID>
      <SubEventID>15</SubEventID>
      <Type>SuperSub</Type>
      <Uncertain>false</Uncertain>
    </HierarchyRelationInfo>
  </Relations>
</ArticleInfo>