<ArticleInfo>
  <Text>The Rev. Billy Graham was released from hospital Tuesday after spending six days recovering from pneumonia, his second bout with the lung infection in the past seven months. Doctors decided to let the 93-year-old evangelist go home after he responded well to antibiotics and physical therapy to increase his strength, said Nancy Lindell, a spokeswoman for Mission Hospital in Asheville, North Carolina. Graham said he was grateful for the thoughts and prayers from around the world, according to a statement released by the hospital. "I also appreciated the wonderful treatment I received here from such caring doctors and nurses, and feel I have made some new friends," Graham said. "But I am especially looking forward to seeing my home decorated for Christmas and spending the holidays with members of my family." Graham was admitted Nov. 30 after suffering from congestion, a cough and slight fever. He was diagnosed with pneumonia. He spent five days at the hospital with the same ailment in May. In October 2008, Graham was hospitalized after he tripped and fell over one of his dogs. Earlier that same year, he had elective surgery on a shunt that controls excess fluid on his brain. The shunt was first installed in 2000 and drains fluid through a small tube, relieving excess pressure that can cause symptoms similar to Parkinson's disease. Graham has also suffered from prostate cancer and was hospitalized in 2007 for nearly two weeks after experiencing intestinal bleeding. His wife, Ruth Bell Graham, died in June 2007. The evangelist has led a worldwide ministry that packed stadiums with believers and has counseled every U.S. president since Harry Truman. He published his most recent book, "Nearing Home," last month and plans to continue writing his next book, which he said will summarize his six decades of work. Graham rarely appears in public now. The Billy Graham Evangelistic Association is run by Graham's son, Franklin. Doctors used the six-day hospital stay for routine tests on Graham that he had already scheduled. They sent him home with orders to continue his therapy to increase his strength and mobility. </Text>
  <Events>
    <EventMentionInfo>
      <ID>1</ID>
      <AnchorText>released</AnchorText>
      <Type>Occurrence</Type>
      <Position>26</Position>
    </EventMentionInfo>
    <EventMentionInfo>
      <ID>2</ID>
      <AnchorText>spending</AnchorText>
      <Type>Occurrence</Type>
      <Position>63</Position>
    </EventMentionInfo>
    <EventMentionInfo>
      <ID>3</ID>
      <AnchorText>recovering</AnchorText>
      <Type>I_Action</Type>
      <Position>81</Position>
    </EventMentionInfo>
    <EventMentionInfo>
      <ID>4</ID>
      <AnchorText>bout</AnchorText>
      <Type>Occurrence</Type>
      <Position>119</Position>
    </EventMentionInfo>
    <EventMentionInfo>
      <ID>5</ID>
      <AnchorText>decided</AnchorText>
      <Type>I_Action</Type>
      <Position>182</Position>
    </EventMentionInfo>
    <EventMentionInfo>
      <ID>6</ID>
      <AnchorText>let</AnchorText>
      <Type>Occurrence</Type>
      <Position>193</Position>
    </EventMentionInfo>
    <EventMentionInfo>
      <ID>7</ID>
      <AnchorText>responded</AnchorText>
      <Type>Occurrence</Type>
      <Position>241</Position>
    </EventMentionInfo>
    <EventMentionInfo>
      <ID>8</ID>
      <AnchorText>therapy</AnchorText>
      <Type>I_Action</Type>
      <Position>284</Position>
    </EventMentionInfo>
    <EventMentionInfo>
      <ID>9</ID>
      <AnchorText>increase</AnchorText>
      <Type>Occurrence</Type>
      <Position>295</Position>
    </EventMentionInfo>
    <EventMentionInfo>
      <ID>10</ID>
      <AnchorText>said</AnchorText>
      <Type>Reporting</Type>
      <Position>318</Position>
    </EventMentionInfo>
    <EventMentionInfo>
      <ID>11</ID>
      <AnchorText>said</AnchorText>
      <Type>Reporting</Type>
      <Position>410</Position>
    </EventMentionInfo>
    <EventMentionInfo>
      <ID>12</ID>
      <AnchorText>released</AnchorText>
      <Type>Occurrence</Type>
      <Position>508</Position>
    </EventMentionInfo>
    <EventMentionInfo>
      <ID>13</ID>
      <AnchorText>treatment</AnchorText>
      <Type>HalfGeneric</Type>
      <Position>568</Position>
    </EventMentionInfo>
    <EventMentionInfo>
      <ID>14</ID>
      <AnchorText>received</AnchorText>
      <Type>I_Action</Type>
      <Position>580</Position>
    </EventMentionInfo>
    <EventMentionInfo>
      <ID>15</ID>
      <AnchorText>made</AnchorText>
      <Type>Occurrence</Type>
      <Position>647</Position>
    </EventMentionInfo>
    <EventMentionInfo>
      <ID>16</ID>
      <AnchorText>said</AnchorText>
      <Type>Reporting</Type>
      <Position>678</Position>
    </EventMentionInfo>
    <EventMentionInfo>
      <ID>17</ID>
      <AnchorText>admitted</AnchorText>
      <Type>Occurrence</Type>
      <Position>828</Position>
    </EventMentionInfo>
    <EventMentionInfo>
      <ID>18</ID>
      <AnchorText>suffering</AnchorText>
      <Type>I_Action</Type>
      <Position>851</Position>
    </EventMentionInfo>
    <EventMentionInfo>
      <ID>19</ID>
      <AnchorText>diagnosed</AnchorText>
      <Type>Occurrence</Type>
      <Position>911</Position>
    </EventMentionInfo>
    <EventMentionInfo>
      <ID>20</ID>
      <AnchorText>spent</AnchorText>
      <Type>Occurrence</Type>
      <Position>940</Position>
    </EventMentionInfo>
    <EventMentionInfo>
      <ID>21</ID>
      <AnchorText>hospitalized</AnchorText>
      <Type>Occurrence</Type>
      <Position>1030</Position>
    </EventMentionInfo>
    <EventMentionInfo>
      <ID>22</ID>
      <AnchorText>tripped</AnchorText>
      <Type>Occurrence</Type>
      <Position>1052</Position>
    </EventMentionInfo>
    <EventMentionInfo>
      <ID>23</ID>
      <AnchorText>fell</AnchorText>
      <Type>Occurrence</Type>
      <Position>1064</Position>
    </EventMentionInfo>
    <EventMentionInfo>
      <ID>24</ID>
      <AnchorText>surgery</AnchorText>
      <Type>Occurrence</Type>
      <Position>1131</Position>
    </EventMentionInfo>
    <EventMentionInfo>
      <ID>25</ID>
      <AnchorText>installed</AnchorText>
      <Type>Occurrence</Type>
      <Position>1211</Position>
    </EventMentionInfo>
    <EventMentionInfo>
      <ID>26</ID>
      <AnchorText>hospitalized</AnchorText>
      <Type>Occurrence</Type>
      <Position>1404</Position>
    </EventMentionInfo>
    <EventMentionInfo>
      <ID>27</ID>
      <AnchorText>experiencing</AnchorText>
      <Type>I_Action</Type>
      <Position>1452</Position>
    </EventMentionInfo>
    <EventMentionInfo>
      <ID>28</ID>
      <AnchorText>bleeding</AnchorText>
      <Type>Occurrence</Type>
      <Position>1476</Position>
    </EventMentionInfo>
    <EventMentionInfo>
      <ID>29</ID>
      <AnchorText>died</AnchorText>
      <Type>Occurrence</Type>
      <Position>1514</Position>
    </EventMentionInfo>
    <EventMentionInfo>
      <ID>30</ID>
      <AnchorText>published</AnchorText>
      <Type>Occurrence</Type>
      <Position>1675</Position>
    </EventMentionInfo>
    <EventMentionInfo>
      <ID>31</ID>
      <AnchorText>said</AnchorText>
      <Type>Reporting</Type>
      <Position>1788</Position>
    </EventMentionInfo>
    <EventMentionInfo>
      <ID>32</ID>
      <AnchorText>stay</AnchorText>
      <Type>Occurrence</Type>
      <Position>1980</Position>
    </EventMentionInfo>
    <EventMentionInfo>
      <ID>33</ID>
      <AnchorText>tests</AnchorText>
      <Type>HalfGeneric</Type>
      <Position>1997</Position>
    </EventMentionInfo>
    <EventMentionInfo>
      <ID>34</ID>
      <AnchorText>scheduled</AnchorText>
      <Type>Occurrence</Type>
      <Position>2033</Position>
    </EventMentionInfo>
    <EventMentionInfo>
      <ID>35</ID>
      <AnchorText>sent</AnchorText>
      <Type>Occurrence</Type>
      <Position>2049</Position>
    </EventMentionInfo>
  </Events>
  <Relations>
    <HierarchyRelationInfo>
      <SuperEventID>32</SuperEventID>
      <SubEventID>2</SubEventID>
      <Type>Coref</Type>
      <Uncertain>false</Uncertain>
    </HierarchyRelationInfo>
    <HierarchyRelationInfo>
      <SuperEventID>35</SuperEventID>
      <SubEventID>1</SubEventID>
      <Type>Coref</Type>
      <Uncertain>false</Uncertain>
    </HierarchyRelationInfo>
    <HierarchyRelationInfo>
      <SuperEventID>32</SuperEventID>
      <SubEventID>33</SubEventID>
      <Type>SuperSub</Type>
      <Uncertain>false</Uncertain>
    </HierarchyRelationInfo>
    <HierarchyRelationInfo>
      <SuperEventID>22</SuperEventID>
      <SubEventID>23</SubEventID>
      <Type>SuperSub</Type>
      <Uncertain>false</Uncertain>
    </HierarchyRelationInfo>
    <HierarchyRelationInfo>
      <SuperEventID>2</SuperEventID>
      <SubEventID>17</SubEventID>
      <Type>SuperSub</Type>
      <Uncertain>false</Uncertain>
    </HierarchyRelationInfo>
    <HierarchyRelationInfo>
      <SuperEventID>2</SuperEventID>
      <SubEventID>19</SubEventID>
      <Type>SuperSub</Type>
      <Uncertain>false</Uncertain>
    </HierarchyRelationInfo>
    <HierarchyRelationInfo>
      <SuperEventID>2</SuperEventID>
      <SubEventID>15</SubEventID>
      <Type>SuperSub</Type>
      <Uncertain>false</Uncertain>
    </HierarchyRelationInfo>
    <HierarchyRelationInfo>
      <SuperEventID>2</SuperEventID>
      <SubEventID>13</SubEventID>
      <Type>SuperSub</Type>
      <Uncertain>false</Uncertain>
    </HierarchyRelationInfo>
    <HierarchyRelationInfo>
      <SuperEventID>7</SuperEventID>
      <SubEventID>9</SubEventID>
      <Type>SuperSub</Type>
      <Uncertain>false</Uncertain>
    </HierarchyRelationInfo>
    <HierarchyRelationInfo>
      <SuperEventID>6</SuperEventID>
      <SubEventID>1</SubEventID>
      <Type>Coref</Type>
      <Uncertain>false</Uncertain>
    </HierarchyRelationInfo>
    <HierarchyRelationInfo>
      <SuperEventID>13</SuperEventID>
      <SubEventID>7</SubEventID>
      <Type>SuperSub</Type>
      <Uncertain>false</Uncertain>
    </HierarchyRelationInfo>
    <HierarchyRelationInfo>
      <SuperEventID>4</SuperEventID>
      <SubEventID>2</SubEventID>
      <Type>SuperSub</Type>
      <Uncertain>false</Uncertain>
    </HierarchyRelationInfo>
  </Relations>
</ArticleInfo>