<ArticleInfo>
  <Text>The Legion of Christ religious order has been hit by the second scandal in a week with the admission that its most well-known priest - a prominent author, lecturer and television personality - had fathered a child. The Rev Thomas Williams said in a statement he was "deeply sorry for this grave transgression" against his vows of celibacy and would be taking a year off to reflect on what he had done. The statement was issued after reporters confronted the Legion with the allegation lodged by a Spanish association of Legion victims accusing Rev Williams of having fathered a child. The letter, sent to the Legion and Vatican several weeks ago, also named other Legion priests accused of sexually abusing minors. Rev Williams, who was not accused of abuse, said "a number of years ago" he had a relationship with a woman and fathered her child. He did not identify the mother or say whether the relationship had continued. The Legion has been beset by scandals for years following revelations that its late founder, the Rev Marciel Maciel, fathered three children and sexually abused his seminarians. Rev Maciel died in 2008 and in 2009 the Legion admitted to his crimes. Rev Williams, the most prominent priest in the 800-strong order, spoke about Rev Maciel's double life in a February 2009 interview with the Catholic ETWN programme, saying the revelations were a "very, very hard blow to all of us." Rev Williams, who is the author of such books as the 2008 book Knowing Right From Wrong on Christian moral conscience, was the superior of the Legion's general directorate in Rome in the late 1990s and early 2000s. More recently, he has taught theology, promoted his books and lectured. The accusation against Rev Williams was first lodged for Help of Those Affected by the LC, a Spanish association for victims of the Legion, which several weeks ago sent a list of accused Legion priests to the superior in Rome, Fr Alvaro Corcuera and the Vatican's Congregation for the Doctrine of the Faith. The Legion admitted on Friday that it had referred seven priests to the Vatican who were accused of sexually abusing minors.</Text>
  <Events>
    <EventMentionInfo>
      <ID>1</ID>
      <AnchorText>hit</AnchorText>
      <Type>Occurrence</Type>
      <Position>46</Position>
    </EventMentionInfo>
    <EventMentionInfo>
      <ID>2</ID>
      <AnchorText>scandal</AnchorText>
      <Type>Occurrence</Type>
      <Position>64</Position>
    </EventMentionInfo>
    <EventMentionInfo>
      <ID>3</ID>
      <AnchorText>admission</AnchorText>
      <Type>Reporting</Type>
      <Position>91</Position>
    </EventMentionInfo>
    <EventMentionInfo>
      <ID>4</ID>
      <AnchorText>fathered</AnchorText>
      <Type>Occurrence</Type>
      <Position>197</Position>
    </EventMentionInfo>
    <EventMentionInfo>
      <ID>5</ID>
      <AnchorText>said</AnchorText>
      <Type>Reporting</Type>
      <Position>239</Position>
    </EventMentionInfo>
    <EventMentionInfo>
      <ID>6</ID>
      <AnchorText>transgression</AnchorText>
      <Type>Occurrence</Type>
      <Position>295</Position>
    </EventMentionInfo>
    <EventMentionInfo>
      <ID>7</ID>
      <AnchorText>issued</AnchorText>
      <Type>I_Action</Type>
      <Position>420</Position>
    </EventMentionInfo>
    <EventMentionInfo>
      <ID>8</ID>
      <AnchorText>confronted</AnchorText>
      <Type>Occurrence</Type>
      <Position>443</Position>
    </EventMentionInfo>
    <EventMentionInfo>
      <ID>9</ID>
      <AnchorText>allegation</AnchorText>
      <Type>Reporting</Type>
      <Position>474</Position>
    </EventMentionInfo>
    <EventMentionInfo>
      <ID>10</ID>
      <AnchorText>lodged</AnchorText>
      <Type>I_Action</Type>
      <Position>485</Position>
    </EventMentionInfo>
    <EventMentionInfo>
      <ID>11</ID>
      <AnchorText>accusing</AnchorText>
      <Type>I_Action</Type>
      <Position>535</Position>
    </EventMentionInfo>
    <EventMentionInfo>
      <ID>12</ID>
      <AnchorText>sent</AnchorText>
      <Type>Occurrence</Type>
      <Position>597</Position>
    </EventMentionInfo>
    <EventMentionInfo>
      <ID>13</ID>
      <AnchorText>named</AnchorText>
      <Type>Reporting</Type>
      <Position>652</Position>
    </EventMentionInfo>
    <EventMentionInfo>
      <ID>14</ID>
      <AnchorText>accused</AnchorText>
      <Type>I_Action</Type>
      <Position>679</Position>
    </EventMentionInfo>
    <EventMentionInfo>
      <ID>15</ID>
      <AnchorText>said</AnchorText>
      <Type>Reporting</Type>
      <Position>759</Position>
    </EventMentionInfo>
    <EventMentionInfo>
      <ID>16</ID>
      <AnchorText>fathered</AnchorText>
      <Type>Occurrence</Type>
      <Position>827</Position>
    </EventMentionInfo>
    <EventMentionInfo>
      <ID>17</ID>
      <AnchorText>beset</AnchorText>
      <Type>Occurrence</Type>
      <Position>945</Position>
    </EventMentionInfo>
    <EventMentionInfo>
      <ID>18</ID>
      <AnchorText>scandals</AnchorText>
      <Type>HalfGeneric</Type>
      <Position>954</Position>
    </EventMentionInfo>
    <EventMentionInfo>
      <ID>19</ID>
      <AnchorText>revelations</AnchorText>
      <Type>Reporting</Type>
      <Position>983</Position>
    </EventMentionInfo>
    <EventMentionInfo>
      <ID>20</ID>
      <AnchorText>fathered</AnchorText>
      <Type>Occurrence</Type>
      <Position>1042</Position>
    </EventMentionInfo>
    <EventMentionInfo>
      <ID>21</ID>
      <AnchorText>abused</AnchorText>
      <Type>HalfGeneric</Type>
      <Position>1079</Position>
    </EventMentionInfo>
    <EventMentionInfo>
      <ID>22</ID>
      <AnchorText>died</AnchorText>
      <Type>Occurrence</Type>
      <Position>1114</Position>
    </EventMentionInfo>
    <EventMentionInfo>
      <ID>23</ID>
      <AnchorText>admitted</AnchorText>
      <Type>I_Action</Type>
      <Position>1150</Position>
    </EventMentionInfo>
    <EventMentionInfo>
      <ID>24</ID>
      <AnchorText>crimes</AnchorText>
      <Type>HalfGeneric</Type>
      <Position>1166</Position>
    </EventMentionInfo>
    <EventMentionInfo>
      <ID>25</ID>
      <AnchorText>spoke</AnchorText>
      <Type>Reporting</Type>
      <Position>1239</Position>
    </EventMentionInfo>
    <EventMentionInfo>
      <ID>26</ID>
      <AnchorText>interview</AnchorText>
      <Type>Occurrence</Type>
      <Position>1295</Position>
    </EventMentionInfo>
    <EventMentionInfo>
      <ID>27</ID>
      <AnchorText>saying</AnchorText>
      <Type>Reporting</Type>
      <Position>1339</Position>
    </EventMentionInfo>
    <EventMentionInfo>
      <ID>28</ID>
      <AnchorText>revelations</AnchorText>
      <Type>Reporting</Type>
      <Position>1350</Position>
    </EventMentionInfo>
    <EventMentionInfo>
      <ID>29</ID>
      <AnchorText>blow</AnchorText>
      <Type>Occurrence</Type>
      <Position>1386</Position>
    </EventMentionInfo>
    <EventMentionInfo>
      <ID>30</ID>
      <AnchorText>taught</AnchorText>
      <Type>HalfGeneric</Type>
      <Position>1643</Position>
    </EventMentionInfo>
    <EventMentionInfo>
      <ID>31</ID>
      <AnchorText>promoted</AnchorText>
      <Type>HalfGeneric</Type>
      <Position>1660</Position>
    </EventMentionInfo>
    <EventMentionInfo>
      <ID>32</ID>
      <AnchorText>lectured</AnchorText>
      <Type>HalfGeneric</Type>
      <Position>1683</Position>
    </EventMentionInfo>
    <EventMentionInfo>
      <ID>33</ID>
      <AnchorText>accusation</AnchorText>
      <Type>Occurrence</Type>
      <Position>1697</Position>
    </EventMentionInfo>
    <EventMentionInfo>
      <ID>34</ID>
      <AnchorText>lodged</AnchorText>
      <Type>I_Action</Type>
      <Position>1739</Position>
    </EventMentionInfo>
    <EventMentionInfo>
      <ID>35</ID>
      <AnchorText>sent</AnchorText>
      <Type>Occurrence</Type>
      <Position>1857</Position>
    </EventMentionInfo>
    <EventMentionInfo>
      <ID>36</ID>
      <AnchorText>admitted</AnchorText>
      <Type>Reporting</Type>
      <Position>2012</Position>
    </EventMentionInfo>
    <EventMentionInfo>
      <ID>37</ID>
      <AnchorText>referred</AnchorText>
      <Type>Reporting</Type>
      <Position>2043</Position>
    </EventMentionInfo>
    <EventMentionInfo>
      <ID>38</ID>
      <AnchorText>accused</AnchorText>
      <Type>I_Action</Type>
      <Position>2090</Position>
    </EventMentionInfo>
  </Events>
  <Relations>
    <HierarchyRelationInfo>
      <SuperEventID>2</SuperEventID>
      <SubEventID>1</SubEventID>
      <Type>SuperSub</Type>
      <Uncertain>false</Uncertain>
    </HierarchyRelationInfo>
    <HierarchyRelationInfo>
      <SuperEventID>2</SuperEventID>
      <SubEventID>4</SubEventID>
      <Type>SuperSub</Type>
      <Uncertain>false</Uncertain>
    </HierarchyRelationInfo>
    <HierarchyRelationInfo>
      <SuperEventID>6</SuperEventID>
      <SubEventID>4</SubEventID>
      <Type>Coref</Type>
      <Uncertain>false</Uncertain>
    </HierarchyRelationInfo>
    <HierarchyRelationInfo>
      <SuperEventID>2</SuperEventID>
      <SubEventID>8</SubEventID>
      <Type>SuperSub</Type>
      <Uncertain>false</Uncertain>
    </HierarchyRelationInfo>
    <HierarchyRelationInfo>
      <SuperEventID>2</SuperEventID>
      <SubEventID>12</SubEventID>
      <Type>SuperSub</Type>
      <Uncertain>false</Uncertain>
    </HierarchyRelationInfo>
    <HierarchyRelationInfo>
      <SuperEventID>16</SuperEventID>
      <SubEventID>6</SubEventID>
      <Type>Coref</Type>
      <Uncertain>false</Uncertain>
    </HierarchyRelationInfo>
    <HierarchyRelationInfo>
      <SuperEventID>24</SuperEventID>
      <SubEventID>20</SubEventID>
      <Type>SuperSub</Type>
      <Uncertain>false</Uncertain>
    </HierarchyRelationInfo>
    <HierarchyRelationInfo>
      <SuperEventID>24</SuperEventID>
      <SubEventID>21</SubEventID>
      <Type>SuperSub</Type>
      <Uncertain>false</Uncertain>
    </HierarchyRelationInfo>
    <HierarchyRelationInfo>
      <SuperEventID>18</SuperEventID>
      <SubEventID>29</SubEventID>
      <Type>SuperSub</Type>
      <Uncertain>false</Uncertain>
    </HierarchyRelationInfo>
    <HierarchyRelationInfo>
      <SuperEventID>35</SuperEventID>
      <SubEventID>12</SubEventID>
      <Type>Coref</Type>
      <Uncertain>false</Uncertain>
    </HierarchyRelationInfo>
  </Relations>
</ArticleInfo>