<ArticleInfo>
  <Text>Police in Northern Ireland say they have ended an overnight search of Belfast Lough after a woman's claim that her baby fell from a ferry into the water proved to be false. The story that a 37-year-old woman and her infant plunged together into the harbor &#8212; but only the mother was rescued &#8212; made headlines Thursday across Britain and Ireland. But police said officers have concluded the woman fell alone. She spent 15 minutes in the water and was treated for hypothermia in a Belfast hospital. Police say other passengers on the ferry from Scotland reported seeing a baby with the woman, but after interviewing her family, they now believe she had no child with her. The search lasted 18 hours and involved a police helicopter and several vessels. </Text>
  <Events>
    <EventMentionInfo>
      <ID>1</ID>
      <AnchorText>say</AnchorText>
      <Type>Reporting</Type>
      <Position>27</Position>
    </EventMentionInfo>
    <EventMentionInfo>
      <ID>2</ID>
      <AnchorText>ended</AnchorText>
      <Type>I_Action</Type>
      <Position>41</Position>
    </EventMentionInfo>
    <EventMentionInfo>
      <ID>3</ID>
      <AnchorText>search</AnchorText>
      <Type>Occurrence</Type>
      <Position>60</Position>
    </EventMentionInfo>
    <EventMentionInfo>
      <ID>4</ID>
      <AnchorText>fell</AnchorText>
      <Type>Occurrence</Type>
      <Position>120</Position>
    </EventMentionInfo>
    <EventMentionInfo>
      <ID>5</ID>
      <AnchorText>proved</AnchorText>
      <Type>Occurrence</Type>
      <Position>153</Position>
    </EventMentionInfo>
    <EventMentionInfo>
      <ID>6</ID>
      <AnchorText>plunged</AnchorText>
      <Type>Occurrence</Type>
      <Position>223</Position>
    </EventMentionInfo>
    <EventMentionInfo>
      <ID>7</ID>
      <AnchorText>rescued</AnchorText>
      <Type>Occurrence</Type>
      <Position>282</Position>
    </EventMentionInfo>
    <EventMentionInfo>
      <ID>8</ID>
      <AnchorText>made</AnchorText>
      <Type>Occurrence</Type>
      <Position>292</Position>
    </EventMentionInfo>
    <EventMentionInfo>
      <ID>9</ID>
      <AnchorText>said</AnchorText>
      <Type>Reporting</Type>
      <Position>355</Position>
    </EventMentionInfo>
    <EventMentionInfo>
      <ID>10</ID>
      <AnchorText>concluded</AnchorText>
      <Type>Occurrence</Type>
      <Position>374</Position>
    </EventMentionInfo>
    <EventMentionInfo>
      <ID>11</ID>
      <AnchorText>fell</AnchorText>
      <Type>Occurrence</Type>
      <Position>394</Position>
    </EventMentionInfo>
    <EventMentionInfo>
      <ID>12</ID>
      <AnchorText>spent</AnchorText>
      <Type>Occurrence</Type>
      <Position>410</Position>
    </EventMentionInfo>
    <EventMentionInfo>
      <ID>13</ID>
      <AnchorText>treated</AnchorText>
      <Type>Occurrence</Type>
      <Position>448</Position>
    </EventMentionInfo>
    <EventMentionInfo>
      <ID>14</ID>
      <AnchorText>say</AnchorText>
      <Type>Reporting</Type>
      <Position>502</Position>
    </EventMentionInfo>
    <EventMentionInfo>
      <ID>15</ID>
      <AnchorText>reported</AnchorText>
      <Type>I_Action</Type>
      <Position>550</Position>
    </EventMentionInfo>
    <EventMentionInfo>
      <ID>16</ID>
      <AnchorText>seeing</AnchorText>
      <Type>Perception</Type>
      <Position>559</Position>
    </EventMentionInfo>
    <EventMentionInfo>
      <ID>17</ID>
      <AnchorText>interviewing</AnchorText>
      <Type>Occurrence</Type>
      <Position>599</Position>
    </EventMentionInfo>
    <EventMentionInfo>
      <ID>18</ID>
      <AnchorText>search</AnchorText>
      <Type>Occurrence</Type>
      <Position>672</Position>
    </EventMentionInfo>
  </Events>
  <Relations>
    <HierarchyRelationInfo>
      <SuperEventID>6</SuperEventID>
      <SubEventID>4</SubEventID>
      <Type>Coref</Type>
      <Uncertain>false</Uncertain>
      <Transitive>false</Transitive>
    </HierarchyRelationInfo>
    <HierarchyRelationInfo>
      <SuperEventID>18</SuperEventID>
      <SubEventID>3</SubEventID>
      <Type>Coref</Type>
      <Uncertain>false</Uncertain>
      <Transitive>false</Transitive>
    </HierarchyRelationInfo>
    <HierarchyRelationInfo>
      <SuperEventID>11</SuperEventID>
      <SubEventID>6</SubEventID>
      <Type>Coref</Type>
      <Uncertain>false</Uncertain>
      <Transitive>false</Transitive>
      <Comment>Maja, </Comment>
    </HierarchyRelationInfo>
    <HierarchyRelationInfo>
      <SuperEventID>3</SuperEventID>
      <SubEventID>5</SubEventID>
      <Type>SuperSub</Type>
      <Uncertain>false</Uncertain>
      <Transitive>false</Transitive>
      <Comment>Suncana, </Comment>
    </HierarchyRelationInfo>
    <HierarchyRelationInfo>
      <SuperEventID>10</SuperEventID>
      <SubEventID>5</SubEventID>
      <Type>Coref</Type>
      <Uncertain>false</Uncertain>
      <Transitive>false</Transitive>
      <Comment>Suncana, </Comment>
    </HierarchyRelationInfo>
  </Relations>
</ArticleInfo>