<ArticleInfo>
  <Text>Manchester City have apologised to Manchester United boss Sir Alex Ferguson after striker Carlos Tevez held up a banner goading his former manager. Tevez has also expressed his regret after he was pictured with a sign which read "RIP Fergie" during City's celebratory title-winning parade in Manchester. The 28-year-old is thought to have been passed or thrown the banner by a fan as City's open-top bus made its way through the city centre with the squad and the Barclays Premier League trophy. A City spokeswoman said: "The creation of the tasteless material is in itself reprehensible and in accepting and brandishing it, Carlos has made a significant error of judgement. "The club wishes to express its sincerest apologies to Sir Alex Ferguson and Manchester United Football Club for any offence or distress caused." The sign may have been a reference to a remark by Ferguson three years ago when asked if United would ever be underdogs against City. "Not in my lifetime," the Scot said. Tevez, who spent two years at Old Trafford before leaving for City in 2009, said: "I got carried away in the excitement of the moment and I certainly didn't mean any disrespect to Sir Alex Ferguson, who I admire as a man and a manager." City pipped arch rivals United to the title on goal difference after a dramatic last-gasp 3-2 win over QPR on the final day of the season. The incident comes at the end of a controversial campaign for Tevez in which he spent more than three months on authorised leave in Argentina during an extraordinary dispute with the club. He returned in February and went on to play an influential role in the title run-in although, despite making peace with manager Roberto Mancini, he continued to divide opinion among fans. The 28-year-old twice finished as City's top scorer after quitting United for Eastlands and was the inspiration for last year's FA Cup win. </Text>
  <Events>
    <EventMentionInfo>
      <ID>1</ID>
      <AnchorText>apologised</AnchorText>
      <Type>Reporting</Type>
      <Position>21</Position>
    </EventMentionInfo>
    <EventMentionInfo>
      <ID>2</ID>
      <AnchorText>held</AnchorText>
      <Type>Occurrence</Type>
      <Position>103</Position>
    </EventMentionInfo>
    <EventMentionInfo>
      <ID>3</ID>
      <AnchorText>expressed</AnchorText>
      <Type>Reporting</Type>
      <Position>163</Position>
    </EventMentionInfo>
    <EventMentionInfo>
      <ID>4</ID>
      <AnchorText>pictured</AnchorText>
      <Type>Occurrence</Type>
      <Position>197</Position>
    </EventMentionInfo>
    <EventMentionInfo>
      <ID>5</ID>
      <AnchorText>parade</AnchorText>
      <Type>Occurrence</Type>
      <Position>282</Position>
    </EventMentionInfo>
    <EventMentionInfo>
      <ID>6</ID>
      <AnchorText>passed</AnchorText>
      <Type>Occurrence</Type>
      <Position>344</Position>
    </EventMentionInfo>
    <EventMentionInfo>
      <ID>7</ID>
      <AnchorText>thrown</AnchorText>
      <Type>Occurrence</Type>
      <Position>354</Position>
    </EventMentionInfo>
    <EventMentionInfo>
      <ID>8</ID>
      <AnchorText>made</AnchorText>
      <Type>Occurrence</Type>
      <Position>404</Position>
    </EventMentionInfo>
    <EventMentionInfo>
      <ID>9</ID>
      <AnchorText>said</AnchorText>
      <Type>Reporting</Type>
      <Position>515</Position>
    </EventMentionInfo>
    <EventMentionInfo>
      <ID>10</ID>
      <AnchorText>creation</AnchorText>
      <Type>Occurrence</Type>
      <Position>526</Position>
    </EventMentionInfo>
    <EventMentionInfo>
      <ID>11</ID>
      <AnchorText>accepting</AnchorText>
      <Type>Occurrence</Type>
      <Position>595</Position>
    </EventMentionInfo>
    <EventMentionInfo>
      <ID>12</ID>
      <AnchorText>brandishing</AnchorText>
      <Type>Occurrence</Type>
      <Position>609</Position>
    </EventMentionInfo>
    <EventMentionInfo>
      <ID>13</ID>
      <AnchorText>made</AnchorText>
      <Type>I_Action</Type>
      <Position>636</Position>
    </EventMentionInfo>
    <EventMentionInfo>
      <ID>14</ID>
      <AnchorText>error</AnchorText>
      <Type>Occurrence</Type>
      <Position>655</Position>
    </EventMentionInfo>
    <EventMentionInfo>
      <ID>15</ID>
      <AnchorText>remark</AnchorText>
      <Type>Reporting</Type>
      <Position>861</Position>
    </EventMentionInfo>
    <EventMentionInfo>
      <ID>16</ID>
      <AnchorText>asked</AnchorText>
      <Type>Reporting</Type>
      <Position>901</Position>
    </EventMentionInfo>
    <EventMentionInfo>
      <ID>17</ID>
      <AnchorText>said</AnchorText>
      <Type>Reporting</Type>
      <Position>986</Position>
    </EventMentionInfo>
    <EventMentionInfo>
      <ID>18</ID>
      <AnchorText>spent</AnchorText>
      <Type>Occurrence</Type>
      <Position>1003</Position>
    </EventMentionInfo>
    <EventMentionInfo>
      <ID>19</ID>
      <AnchorText>leaving</AnchorText>
      <Type>Occurrence</Type>
      <Position>1042</Position>
    </EventMentionInfo>
    <EventMentionInfo>
      <ID>20</ID>
      <AnchorText>said</AnchorText>
      <Type>Reporting</Type>
      <Position>1068</Position>
    </EventMentionInfo>
    <EventMentionInfo>
      <ID>21</ID>
      <AnchorText>got</AnchorText>
      <Type>I_Action</Type>
      <Position>1077</Position>
    </EventMentionInfo>
    <EventMentionInfo>
      <ID>22</ID>
      <AnchorText>carried</AnchorText>
      <Type>Occurrence</Type>
      <Position>1081</Position>
    </EventMentionInfo>
    <EventMentionInfo>
      <ID>23</ID>
      <AnchorText>pipped</AnchorText>
      <Type>Occurrence</Type>
      <Position>1234</Position>
    </EventMentionInfo>
    <EventMentionInfo>
      <ID>24</ID>
      <AnchorText>win</AnchorText>
      <Type>Occurrence</Type>
      <Position>1323</Position>
    </EventMentionInfo>
    <EventMentionInfo>
      <ID>25</ID>
      <AnchorText>incident</AnchorText>
      <Type>Occurrence</Type>
      <Position>1372</Position>
    </EventMentionInfo>
    <EventMentionInfo>
      <ID>26</ID>
      <AnchorText>comes</AnchorText>
      <Type>I_Action</Type>
      <Position>1381</Position>
    </EventMentionInfo>
    <EventMentionInfo>
      <ID>27</ID>
      <AnchorText>campaign</AnchorText>
      <Type>Occurrence</Type>
      <Position>1417</Position>
    </EventMentionInfo>
    <EventMentionInfo>
      <ID>28</ID>
      <AnchorText>spent</AnchorText>
      <Type>Occurrence</Type>
      <Position>1448</Position>
    </EventMentionInfo>
    <EventMentionInfo>
      <ID>29</ID>
      <AnchorText>leave</AnchorText>
      <Type>Occurrence</Type>
      <Position>1491</Position>
    </EventMentionInfo>
    <EventMentionInfo>
      <ID>30</ID>
      <AnchorText>dispute</AnchorText>
      <Type>Occurrence</Type>
      <Position>1534</Position>
    </EventMentionInfo>
    <EventMentionInfo>
      <ID>31</ID>
      <AnchorText>returned</AnchorText>
      <Type>Occurrence</Type>
      <Position>1560</Position>
    </EventMentionInfo>
    <EventMentionInfo>
      <ID>32</ID>
      <AnchorText>went</AnchorText>
      <Type>I_Action</Type>
      <Position>1585</Position>
    </EventMentionInfo>
    <EventMentionInfo>
      <ID>33</ID>
      <AnchorText>play</AnchorText>
      <Type>Occurrence</Type>
      <Position>1596</Position>
    </EventMentionInfo>
    <EventMentionInfo>
      <ID>34</ID>
      <AnchorText>run</AnchorText>
      <Type>Occurrence</Type>
      <Position>1634</Position>
    </EventMentionInfo>
    <EventMentionInfo>
      <ID>35</ID>
      <AnchorText>making</AnchorText>
      <Type>Occurrence</Type>
      <Position>1659</Position>
    </EventMentionInfo>
    <EventMentionInfo>
      <ID>36</ID>
      <AnchorText>finished</AnchorText>
      <Type>Occurrence</Type>
      <Position>1767</Position>
    </EventMentionInfo>
    <EventMentionInfo>
      <ID>37</ID>
      <AnchorText>quitting</AnchorText>
      <Type>Occurrence</Type>
      <Position>1803</Position>
    </EventMentionInfo>
    <EventMentionInfo>
      <ID>38</ID>
      <AnchorText>win</AnchorText>
      <Type>Occurrence</Type>
      <Position>1880</Position>
    </EventMentionInfo>
  </Events>
  <Relations>
    <HierarchyRelationInfo>
      <SuperEventID>5</SuperEventID>
      <SubEventID>8</SubEventID>
      <Type>SuperSub</Type>
      <Uncertain>false</Uncertain>
    </HierarchyRelationInfo>
    <HierarchyRelationInfo>
      <SuperEventID>8</SuperEventID>
      <SubEventID>6</SubEventID>
      <Type>SuperSub</Type>
      <Uncertain>false</Uncertain>
    </HierarchyRelationInfo>
    <HierarchyRelationInfo>
      <SuperEventID>8</SuperEventID>
      <SubEventID>7</SubEventID>
      <Type>SuperSub</Type>
      <Uncertain>false</Uncertain>
    </HierarchyRelationInfo>
    <HierarchyRelationInfo>
      <SuperEventID>8</SuperEventID>
      <SubEventID>2</SubEventID>
      <Type>SuperSub</Type>
      <Uncertain>false</Uncertain>
    </HierarchyRelationInfo>
    <HierarchyRelationInfo>
      <SuperEventID>12</SuperEventID>
      <SubEventID>2</SubEventID>
      <Type>Coref</Type>
      <Uncertain>false</Uncertain>
    </HierarchyRelationInfo>
    <HierarchyRelationInfo>
      <SuperEventID>8</SuperEventID>
      <SubEventID>11</SubEventID>
      <Type>SuperSub</Type>
      <Uncertain>false</Uncertain>
    </HierarchyRelationInfo>
    <HierarchyRelationInfo>
      <SuperEventID>8</SuperEventID>
      <SubEventID>14</SubEventID>
      <Type>SuperSub</Type>
      <Uncertain>false</Uncertain>
    </HierarchyRelationInfo>
    <HierarchyRelationInfo>
      <SuperEventID>18</SuperEventID>
      <SubEventID>19</SubEventID>
      <Type>SuperSub</Type>
      <Uncertain>false</Uncertain>
    </HierarchyRelationInfo>
    <HierarchyRelationInfo>
      <SuperEventID>8</SuperEventID>
      <SubEventID>22</SubEventID>
      <Type>SuperSub</Type>
      <Uncertain>false</Uncertain>
    </HierarchyRelationInfo>
    <HierarchyRelationInfo>
      <SuperEventID>24</SuperEventID>
      <SubEventID>23</SubEventID>
      <Type>SuperSub</Type>
      <Uncertain>false</Uncertain>
    </HierarchyRelationInfo>
    <HierarchyRelationInfo>
      <SuperEventID>25</SuperEventID>
      <SubEventID>2</SubEventID>
      <Type>Coref</Type>
      <Uncertain>false</Uncertain>
    </HierarchyRelationInfo>
    <HierarchyRelationInfo>
      <SuperEventID>27</SuperEventID>
      <SubEventID>28</SubEventID>
      <Type>SuperSub</Type>
      <Uncertain>false</Uncertain>
    </HierarchyRelationInfo>
    <HierarchyRelationInfo>
      <SuperEventID>27</SuperEventID>
      <SubEventID>29</SubEventID>
      <Type>SuperSub</Type>
      <Uncertain>false</Uncertain>
    </HierarchyRelationInfo>
  </Relations>
</ArticleInfo>