<ArticleInfo>
  <Text>Syrian rebels delivered six U.N. ceasefire monitors caught up in attack that killed at least 21 civilians to U.N. colleagues on Wednesday, a rebel commander said. "We gave the six with their cars to a U.N. convoy near the entrance of Khan Sheikhoun. They are all safe, in good heath and on their way to Damascus," Free Syrian Army commander Abu Hassan said by satellite phone from the site of the handover. Video footage released by the Free Syrian Army showed a United Nations convoy, including damaged U.N. vehicles on flatbed trucks, driving off from the area. Abu Hassan said the monitors, whose cars were damaged in the attack at a funeral in Khan Sheikhoun on Tuesday, had been under protection of the rebels since then. Rebels said the attack was carried out by government forces, while pro-government media accused unidentified gunmen of carrying it out. (Reporting by Mariam Karouny and Khaled Yacoub Oweis; Editing by Louise Ireland) </Text>
  <Events>
    <EventMentionInfo>
      <ID>1</ID>
      <AnchorText>delivered</AnchorText>
      <Type>Occurrence</Type>
      <Position>14</Position>
    </EventMentionInfo>
    <EventMentionInfo>
      <ID>2</ID>
      <AnchorText>caught</AnchorText>
      <Type>I_Action</Type>
      <Position>52</Position>
    </EventMentionInfo>
    <EventMentionInfo>
      <ID>3</ID>
      <AnchorText>attack</AnchorText>
      <Type>Occurrence</Type>
      <Position>65</Position>
    </EventMentionInfo>
    <EventMentionInfo>
      <ID>4</ID>
      <AnchorText>killed</AnchorText>
      <Type>Occurrence</Type>
      <Position>77</Position>
    </EventMentionInfo>
    <EventMentionInfo>
      <ID>5</ID>
      <AnchorText>said</AnchorText>
      <Type>Reporting</Type>
      <Position>157</Position>
    </EventMentionInfo>
    <EventMentionInfo>
      <ID>6</ID>
      <AnchorText>gave</AnchorText>
      <Type>Occurrence</Type>
      <Position>167</Position>
    </EventMentionInfo>
    <EventMentionInfo>
      <ID>7</ID>
      <AnchorText>said</AnchorText>
      <Type>Reporting</Type>
      <Position>352</Position>
    </EventMentionInfo>
    <EventMentionInfo>
      <ID>8</ID>
      <AnchorText>handover</AnchorText>
      <Type>Occurrence</Type>
      <Position>397</Position>
    </EventMentionInfo>
    <EventMentionInfo>
      <ID>9</ID>
      <AnchorText>released</AnchorText>
      <Type>Occurrence</Type>
      <Position>421</Position>
    </EventMentionInfo>
    <EventMentionInfo>
      <ID>10</ID>
      <AnchorText>driving</AnchorText>
      <Type>Occurrence</Type>
      <Position>537</Position>
    </EventMentionInfo>
    <EventMentionInfo>
      <ID>11</ID>
      <AnchorText>said</AnchorText>
      <Type>Reporting</Type>
      <Position>575</Position>
    </EventMentionInfo>
    <EventMentionInfo>
      <ID>12</ID>
      <AnchorText>damaged</AnchorText>
      <Type>Occurrence</Type>
      <Position>610</Position>
    </EventMentionInfo>
    <EventMentionInfo>
      <ID>13</ID>
      <AnchorText>attack</AnchorText>
      <Type>Occurrence</Type>
      <Position>625</Position>
    </EventMentionInfo>
    <EventMentionInfo>
      <ID>14</ID>
      <AnchorText>funeral</AnchorText>
      <Type>Occurrence</Type>
      <Position>637</Position>
    </EventMentionInfo>
    <EventMentionInfo>
      <ID>15</ID>
      <AnchorText>said</AnchorText>
      <Type>Reporting</Type>
      <Position>734</Position>
    </EventMentionInfo>
    <EventMentionInfo>
      <ID>16</ID>
      <AnchorText>attack</AnchorText>
      <Type>Occurrence</Type>
      <Position>743</Position>
    </EventMentionInfo>
    <EventMentionInfo>
      <ID>17</ID>
      <AnchorText>carried</AnchorText>
      <Type>I_Action</Type>
      <Position>754</Position>
    </EventMentionInfo>
    <EventMentionInfo>
      <ID>18</ID>
      <AnchorText>accused</AnchorText>
      <Type>Occurrence</Type>
      <Position>815</Position>
    </EventMentionInfo>
  </Events>
  <Relations>
    <HierarchyRelationInfo>
      <SuperEventID>3</SuperEventID>
      <SubEventID>4</SubEventID>
      <Type>SuperSub</Type>
      <Uncertain>false</Uncertain>
    </HierarchyRelationInfo>
    <HierarchyRelationInfo>
      <SuperEventID>6</SuperEventID>
      <SubEventID>1</SubEventID>
      <Type>Coref</Type>
      <Uncertain>false</Uncertain>
    </HierarchyRelationInfo>
    <HierarchyRelationInfo>
      <SuperEventID>8</SuperEventID>
      <SubEventID>6</SubEventID>
      <Type>Coref</Type>
      <Uncertain>false</Uncertain>
    </HierarchyRelationInfo>
    <HierarchyRelationInfo>
      <SuperEventID>3</SuperEventID>
      <SubEventID>12</SubEventID>
      <Type>SuperSub</Type>
      <Uncertain>false</Uncertain>
    </HierarchyRelationInfo>
    <HierarchyRelationInfo>
      <SuperEventID>13</SuperEventID>
      <SubEventID>3</SubEventID>
      <Type>Coref</Type>
      <Uncertain>false</Uncertain>
    </HierarchyRelationInfo>
    <HierarchyRelationInfo>
      <SuperEventID>14</SuperEventID>
      <SubEventID>13</SubEventID>
      <Type>SuperSub</Type>
      <Uncertain>false</Uncertain>
    </HierarchyRelationInfo>
    <HierarchyRelationInfo>
      <SuperEventID>16</SuperEventID>
      <SubEventID>13</SubEventID>
      <Type>Coref</Type>
      <Uncertain>false</Uncertain>
    </HierarchyRelationInfo>
  </Relations>
</ArticleInfo>