<ArticleInfo>
  <Text>Twenty-nine people, including a woman pregnant with twins, were killed when the Real IRA bomb ripped through the Co Tyrone market town on 15 August, 1998. The family campaigners have previously demanded a cross-border inquiry into whether the authorities in Northern Ireland and in the Republic of Ireland could have done more to prevent the bombing. Relatives who commissioned the report met Northern Ireland Secretary Owen Paterson in Belfast on Thursday ahead of presenting the final version to the UK Government next month. Michael Gallagher, whose 21-year-old son Aiden was murdered in the attack, said the meeting was "hot and heavy". "We told him we have evidence that there was a live police operation going on on August 15 that could have intercepted the bombers," he said. "This is new evidence that hasn't been made public before." He added: "We also have evidence that public officials lied to the general public about the Omagh bombing. "We will be producing all of that evidence to him on June 18." Mr Gallagher said he would not be outlining full details of the evidence unearthed until the report had been passed to the Westminster Government. The Omagh Support and Self Help Group commissioned the report from a group of London-based consultants who have interviewed key figures associated with the case. The consultants have also examined material already compiled on the bombing. The documentation includes police reports from both sides of the Irish border, a probe carried out by the Police Ombudsman in Northern Ireland, plus a government-sponsored review of how intelligence on the attack was handled. The relatives also secured disclosure of other documents linked to the case. Four men have been held responsible by a civil court for the bombing. A man accused of murder was cleared by a court in 2007. </Text>
  <Events>
    <EventMentionInfo>
      <ID>1</ID>
      <AnchorText>killed</AnchorText>
      <Type>Occurrence</Type>
      <Position>64</Position>
    </EventMentionInfo>
    <EventMentionInfo>
      <ID>2</ID>
      <AnchorText>ripped</AnchorText>
      <Type>Occurrence</Type>
      <Position>94</Position>
    </EventMentionInfo>
    <EventMentionInfo>
      <ID>3</ID>
      <AnchorText>demanded</AnchorText>
      <Type>I_Action</Type>
      <Position>194</Position>
    </EventMentionInfo>
    <EventMentionInfo>
      <ID>4</ID>
      <AnchorText>bombing</AnchorText>
      <Type>Occurrence</Type>
      <Position>342</Position>
    </EventMentionInfo>
    <EventMentionInfo>
      <ID>5</ID>
      <AnchorText>murdered</AnchorText>
      <Type>Occurrence</Type>
      <Position>579</Position>
    </EventMentionInfo>
    <EventMentionInfo>
      <ID>6</ID>
      <AnchorText>attack</AnchorText>
      <Type>Occurrence</Type>
      <Position>595</Position>
    </EventMentionInfo>
    <EventMentionInfo>
      <ID>7</ID>
      <AnchorText>said</AnchorText>
      <Type>Reporting</Type>
      <Position>603</Position>
    </EventMentionInfo>
    <EventMentionInfo>
      <ID>8</ID>
      <AnchorText>meeting</AnchorText>
      <Type>Occurrence</Type>
      <Position>612</Position>
    </EventMentionInfo>
    <EventMentionInfo>
      <ID>9</ID>
      <AnchorText>said</AnchorText>
      <Type>Reporting</Type>
      <Position>777</Position>
    </EventMentionInfo>
    <EventMentionInfo>
      <ID>10</ID>
      <AnchorText>added</AnchorText>
      <Type>Reporting</Type>
      <Position>846</Position>
    </EventMentionInfo>
    <EventMentionInfo>
      <ID>11</ID>
      <AnchorText>said</AnchorText>
      <Type>Reporting</Type>
      <Position>1026</Position>
    </EventMentionInfo>
    <EventMentionInfo>
      <ID>12</ID>
      <AnchorText>commissioned</AnchorText>
      <Type>I_Action</Type>
      <Position>1198</Position>
    </EventMentionInfo>
    <EventMentionInfo>
      <ID>13</ID>
      <AnchorText>interviewed</AnchorText>
      <Type>Occurrence</Type>
      <Position>1272</Position>
    </EventMentionInfo>
    <EventMentionInfo>
      <ID>14</ID>
      <AnchorText>examined</AnchorText>
      <Type>Occurrence</Type>
      <Position>1348</Position>
    </EventMentionInfo>
    <EventMentionInfo>
      <ID>15</ID>
      <AnchorText>compiled</AnchorText>
      <Type>Occurrence</Type>
      <Position>1374</Position>
    </EventMentionInfo>
    <EventMentionInfo>
      <ID>16</ID>
      <AnchorText>bombing</AnchorText>
      <Type>Occurrence</Type>
      <Position>1390</Position>
    </EventMentionInfo>
    <EventMentionInfo>
      <ID>17</ID>
      <AnchorText>probe</AnchorText>
      <Type>Occurrence</Type>
      <Position>1480</Position>
    </EventMentionInfo>
    <EventMentionInfo>
      <ID>18</ID>
      <AnchorText>carried</AnchorText>
      <Type>I_Action</Type>
      <Position>1486</Position>
    </EventMentionInfo>
    <EventMentionInfo>
      <ID>19</ID>
      <AnchorText>secured</AnchorText>
      <Type>Occurrence</Type>
      <Position>1644</Position>
    </EventMentionInfo>
    <EventMentionInfo>
      <ID>20</ID>
      <AnchorText>bombing</AnchorText>
      <Type>Occurrence</Type>
      <Position>1763</Position>
    </EventMentionInfo>
    <EventMentionInfo>
      <ID>21</ID>
      <AnchorText>accused</AnchorText>
      <Type>I_Action</Type>
      <Position>1778</Position>
    </EventMentionInfo>
    <EventMentionInfo>
      <ID>22</ID>
      <AnchorText>cleared</AnchorText>
      <Type>Occurrence</Type>
      <Position>1800</Position>
    </EventMentionInfo>
  </Events>
  <Relations>
    <HierarchyRelationInfo>
      <SuperEventID>2</SuperEventID>
      <SubEventID>1</SubEventID>
      <Type>SuperSub</Type>
      <Uncertain>false</Uncertain>
      <Transitive>false</Transitive>
    </HierarchyRelationInfo>
    <HierarchyRelationInfo>
      <SuperEventID>4</SuperEventID>
      <SubEventID>2</SubEventID>
      <Type>Coref</Type>
      <Uncertain>false</Uncertain>
      <Transitive>false</Transitive>
    </HierarchyRelationInfo>
    <HierarchyRelationInfo>
      <SuperEventID>1</SuperEventID>
      <SubEventID>5</SubEventID>
      <Type>SuperSub</Type>
      <Uncertain>false</Uncertain>
      <Transitive>false</Transitive>
    </HierarchyRelationInfo>
    <HierarchyRelationInfo>
      <SuperEventID>6</SuperEventID>
      <SubEventID>4</SubEventID>
      <Type>Coref</Type>
      <Uncertain>false</Uncertain>
      <Transitive>false</Transitive>
    </HierarchyRelationInfo>
    <HierarchyRelationInfo>
      <SuperEventID>16</SuperEventID>
      <SubEventID>6</SubEventID>
      <Type>Coref</Type>
      <Uncertain>false</Uncertain>
      <Transitive>false</Transitive>
    </HierarchyRelationInfo>
    <HierarchyRelationInfo>
      <SuperEventID>20</SuperEventID>
      <SubEventID>16</SubEventID>
      <Type>Coref</Type>
      <Uncertain>false</Uncertain>
      <Transitive>false</Transitive>
    </HierarchyRelationInfo>
    <HierarchyRelationInfo>
      <SuperEventID>6</SuperEventID>
      <SubEventID>2</SubEventID>
      <Type>Coref</Type>
      <Uncertain>false</Uncertain>
      <Transitive>false</Transitive>
    </HierarchyRelationInfo>
  </Relations>
</ArticleInfo>