<ArticleInfo>
  <Text>Former Penn State football coach Jerry Sandusky posted bail Thursday after spending a night in jail following a new round of sex-abuse charges filed against him. Sandusky secured his release using $200,000 in real estate holdings and a $50,000 certified check provided by his wife, Dorothy, according to online court records. Sandusky remained at the facility as of midmorning and the warden said he was quiet and cooperative during his overnight stay. Sandusky was arrested Wednesday and charged with 12 new sex abuse counts involving two new alleged victims. He has maintained his innocence. The latest accusers are the ninth and 10th alleged victims described in grand jury reports that claim Sandusky befriended and then molested boys he met through his Second Mile charity for troubled youth. A grand jury document released Wednesday echoed an earlier report, saying Sandusky gave the boys gifts while also making sexual advances toward them. One of the new accusers said Sandusky kept him in a basement bedroom during overnight visits to Sandusky's home, forced him to perform sex acts and assaulted him. "The victim testified that on at least one occasion he screamed for help, knowing that Sandusky's wife was upstairs, but no one ever came to help him," the grand jury report said. Sandusky was charged last month with abusing eight boys, some on campus, over 15 years, allegations that were not immediately brought to the attention of authorities even though high-level people at Penn State apparently knew about them. In all, he faces more than 50 charges. The scandal has resulted in the ousting of school President Graham Spanier and longtime coach Joe Paterno. </Text>
  <Events>
    <EventMentionInfo>
      <ID>1</ID>
      <AnchorText>posted</AnchorText>
      <Type>Occurrence</Type>
      <Position>48</Position>
    </EventMentionInfo>
    <EventMentionInfo>
      <ID>2</ID>
      <AnchorText>spending</AnchorText>
      <Type>Occurrence</Type>
      <Position>75</Position>
    </EventMentionInfo>
    <EventMentionInfo>
      <ID>3</ID>
      <AnchorText>filed</AnchorText>
      <Type>Occurrence</Type>
      <Position>143</Position>
    </EventMentionInfo>
    <EventMentionInfo>
      <ID>4</ID>
      <AnchorText>secured</AnchorText>
      <Type>I_Action</Type>
      <Position>171</Position>
    </EventMentionInfo>
    <EventMentionInfo>
      <ID>5</ID>
      <AnchorText>release</AnchorText>
      <Type>Occurrence</Type>
      <Position>183</Position>
    </EventMentionInfo>
    <EventMentionInfo>
      <ID>6</ID>
      <AnchorText>using</AnchorText>
      <Type>Occurrence</Type>
      <Position>191</Position>
    </EventMentionInfo>
    <EventMentionInfo>
      <ID>7</ID>
      <AnchorText>provided</AnchorText>
      <Type>Occurrence</Type>
      <Position>260</Position>
    </EventMentionInfo>
    <EventMentionInfo>
      <ID>8</ID>
      <AnchorText>said</AnchorText>
      <Type>Reporting</Type>
      <Position>392</Position>
    </EventMentionInfo>
    <EventMentionInfo>
      <ID>9</ID>
      <AnchorText>arrested</AnchorText>
      <Type>Occurrence</Type>
      <Position>466</Position>
    </EventMentionInfo>
    <EventMentionInfo>
      <ID>10</ID>
      <AnchorText>charged</AnchorText>
      <Type>Occurrence</Type>
      <Position>489</Position>
    </EventMentionInfo>
    <EventMentionInfo>
      <ID>11</ID>
      <AnchorText>maintained</AnchorText>
      <Type>Occurrence</Type>
      <Position>568</Position>
    </EventMentionInfo>
    <EventMentionInfo>
      <ID>12</ID>
      <AnchorText>claim</AnchorText>
      <Type>Reporting</Type>
      <Position>690</Position>
    </EventMentionInfo>
    <EventMentionInfo>
      <ID>13</ID>
      <AnchorText>released</AnchorText>
      <Type>Occurrence</Type>
      <Position>820</Position>
    </EventMentionInfo>
    <EventMentionInfo>
      <ID>14</ID>
      <AnchorText>echoed</AnchorText>
      <Type>Occurrence</Type>
      <Position>839</Position>
    </EventMentionInfo>
    <EventMentionInfo>
      <ID>15</ID>
      <AnchorText>saying</AnchorText>
      <Type>Reporting</Type>
      <Position>865</Position>
    </EventMentionInfo>
    <EventMentionInfo>
      <ID>16</ID>
      <AnchorText>said</AnchorText>
      <Type>Reporting</Type>
      <Position>972</Position>
    </EventMentionInfo>
    <EventMentionInfo>
      <ID>17</ID>
      <AnchorText>testified</AnchorText>
      <Type>Occurrence</Type>
      <Position>1123</Position>
    </EventMentionInfo>
    <EventMentionInfo>
      <ID>18</ID>
      <AnchorText>said</AnchorText>
      <Type>Reporting</Type>
      <Position>1285</Position>
    </EventMentionInfo>
    <EventMentionInfo>
      <ID>19</ID>
      <AnchorText>charged</AnchorText>
      <Type>Occurrence</Type>
      <Position>1304</Position>
    </EventMentionInfo>
    <EventMentionInfo>
      <ID>20</ID>
      <AnchorText>faces</AnchorText>
      <Type>I_Action</Type>
      <Position>1540</Position>
    </EventMentionInfo>
    <EventMentionInfo>
      <ID>21</ID>
      <AnchorText>charges</AnchorText>
      <Type>HalfGeneric</Type>
      <Position>1559</Position>
    </EventMentionInfo>
    <EventMentionInfo>
      <ID>22</ID>
      <AnchorText>scandal</AnchorText>
      <Type>Occurrence</Type>
      <Position>1572</Position>
    </EventMentionInfo>
    <EventMentionInfo>
      <ID>23</ID>
      <AnchorText>resulted</AnchorText>
      <Type>I_Action</Type>
      <Position>1584</Position>
    </EventMentionInfo>
    <EventMentionInfo>
      <ID>24</ID>
      <AnchorText>ousting</AnchorText>
      <Type>Occurrence</Type>
      <Position>1600</Position>
    </EventMentionInfo>
  </Events>
  <Relations>
    <HierarchyRelationInfo>
      <SuperEventID>1</SuperEventID>
      <SubEventID>6</SubEventID>
      <Type>SuperSub</Type>
      <Uncertain>false</Uncertain>
    </HierarchyRelationInfo>
    <HierarchyRelationInfo>
      <SuperEventID>2</SuperEventID>
      <SubEventID>5</SubEventID>
      <Type>SuperSub</Type>
      <Uncertain>false</Uncertain>
    </HierarchyRelationInfo>
    <HierarchyRelationInfo>
      <SuperEventID>1</SuperEventID>
      <SubEventID>7</SubEventID>
      <Type>SuperSub</Type>
      <Uncertain>false</Uncertain>
    </HierarchyRelationInfo>
    <HierarchyRelationInfo>
      <SuperEventID>2</SuperEventID>
      <SubEventID>9</SubEventID>
      <Type>SuperSub</Type>
      <Uncertain>false</Uncertain>
    </HierarchyRelationInfo>
    <HierarchyRelationInfo>
      <SuperEventID>10</SuperEventID>
      <SubEventID>3</SubEventID>
      <Type>Coref</Type>
      <Uncertain>false</Uncertain>
    </HierarchyRelationInfo>
    <HierarchyRelationInfo>
      <SuperEventID>21</SuperEventID>
      <SubEventID>19</SubEventID>
      <Type>SuperSub</Type>
      <Uncertain>false</Uncertain>
    </HierarchyRelationInfo>
    <HierarchyRelationInfo>
      <SuperEventID>21</SuperEventID>
      <SubEventID>10</SubEventID>
      <Type>SuperSub</Type>
      <Uncertain>false</Uncertain>
    </HierarchyRelationInfo>
    <HierarchyRelationInfo>
      <SuperEventID>22</SuperEventID>
      <SubEventID>24</SubEventID>
      <Type>SuperSub</Type>
      <Uncertain>false</Uncertain>
    </HierarchyRelationInfo>
    <HierarchyRelationInfo>
      <SuperEventID>22</SuperEventID>
      <SubEventID>21</SubEventID>
      <Type>SuperSub</Type>
      <Uncertain>false</Uncertain>
    </HierarchyRelationInfo>
    <HierarchyRelationInfo>
      <SuperEventID>22</SuperEventID>
      <SubEventID>2</SubEventID>
      <Type>SuperSub</Type>
      <Uncertain>false</Uncertain>
    </HierarchyRelationInfo>
    <HierarchyRelationInfo>
      <SuperEventID>22</SuperEventID>
      <SubEventID>1</SubEventID>
      <Type>SuperSub</Type>
      <Uncertain>false</Uncertain>
    </HierarchyRelationInfo>
    <HierarchyRelationInfo>
      <SuperEventID>22</SuperEventID>
      <SubEventID>11</SubEventID>
      <Type>SuperSub</Type>
      <Uncertain>false</Uncertain>
    </HierarchyRelationInfo>
    <HierarchyRelationInfo>
      <SuperEventID>22</SuperEventID>
      <SubEventID>13</SubEventID>
      <Type>SuperSub</Type>
      <Uncertain>false</Uncertain>
    </HierarchyRelationInfo>
    <HierarchyRelationInfo>
      <SuperEventID>22</SuperEventID>
      <SubEventID>14</SubEventID>
      <Type>SuperSub</Type>
      <Uncertain>false</Uncertain>
    </HierarchyRelationInfo>
    <HierarchyRelationInfo>
      <SuperEventID>22</SuperEventID>
      <SubEventID>17</SubEventID>
      <Type>SuperSub</Type>
      <Uncertain>false</Uncertain>
    </HierarchyRelationInfo>
  </Relations>
</ArticleInfo>