<ArticleInfo>
  <Text>A Russian-made Soyuz craft carrying three astronauts has docked with the International Space Station, putting the crew in place for the imminent arrival of the first ever privately owned cargo ship to the orbiting lab. The Soyuz eased into position over the Mongolian-Kazakh border after a two-day trip that began with the launch from the Russian-leased Baikonur cosmodrome in southern Kazakhstan. Nasa astronaut Joseph Acaba and Russian cosmonauts Gennady Padalka and Sergei Revin are set for a four-and-half-month stay in space. Their arrival comes just two days ahead of the planned launch of the privately owned SpaceX's Dragon Capsule from Cape Canaveral. The space station is currently occupied by Russian cosmonaut Oleg Kononenko, Nasa astronaut Don Pettit and Holland's Andre Kuipers. </Text>
  <Events>
    <EventMentionInfo>
      <ID>1</ID>
      <AnchorText>docked</AnchorText>
      <Type>Occurrence</Type>
      <Position>57</Position>
    </EventMentionInfo>
    <EventMentionInfo>
      <ID>2</ID>
      <AnchorText>putting</AnchorText>
      <Type>Occurrence</Type>
      <Position>102</Position>
    </EventMentionInfo>
    <EventMentionInfo>
      <ID>3</ID>
      <AnchorText>eased</AnchorText>
      <Type>Occurrence</Type>
      <Position>229</Position>
    </EventMentionInfo>
    <EventMentionInfo>
      <ID>4</ID>
      <AnchorText>trip</AnchorText>
      <Type>Occurrence</Type>
      <Position>298</Position>
    </EventMentionInfo>
    <EventMentionInfo>
      <ID>5</ID>
      <AnchorText>began</AnchorText>
      <Type>I_Action</Type>
      <Position>308</Position>
    </EventMentionInfo>
    <EventMentionInfo>
      <ID>6</ID>
      <AnchorText>launch</AnchorText>
      <Type>Occurrence</Type>
      <Position>323</Position>
    </EventMentionInfo>
    <EventMentionInfo>
      <ID>7</ID>
      <AnchorText>arrival</AnchorText>
      <Type>Occurrence</Type>
      <Position>537</Position>
    </EventMentionInfo>
    <EventMentionInfo>
      <ID>8</ID>
      <AnchorText>comes</AnchorText>
      <Type>Occurrence</Type>
      <Position>545</Position>
    </EventMentionInfo>
  </Events>
  <Relations>
    <HierarchyRelationInfo>
      <SuperEventID>4</SuperEventID>
      <SubEventID>6</SubEventID>
      <Type>SuperSub</Type>
      <Uncertain>false</Uncertain>
    </HierarchyRelationInfo>
    <HierarchyRelationInfo>
      <SuperEventID>4</SuperEventID>
      <SubEventID>1</SubEventID>
      <Type>SuperSub</Type>
      <Uncertain>false</Uncertain>
    </HierarchyRelationInfo>
    <HierarchyRelationInfo>
      <SuperEventID>7</SuperEventID>
      <SubEventID>2</SubEventID>
      <Type>Coref</Type>
      <Uncertain>false</Uncertain>
    </HierarchyRelationInfo>
    <HierarchyRelationInfo>
      <SuperEventID>3</SuperEventID>
      <SubEventID>1</SubEventID>
      <Type>Coref</Type>
      <Uncertain>false</Uncertain>
    </HierarchyRelationInfo>
    <HierarchyRelationInfo>
      <SuperEventID>4</SuperEventID>
      <SubEventID>7</SubEventID>
      <Type>SuperSub</Type>
      <Uncertain>false</Uncertain>
    </HierarchyRelationInfo>
  </Relations>
</ArticleInfo>