<ArticleInfo>
  <Text>A mother was shot to death and her newborn son snatched from her outside a suburban Texas pediatric center, but the 3-day-old boy was found safe about six hours later. Kala Marie Golden's mother said her daughter "died trying to save her baby." Golden was leaving a checkup with her son, Keegan, at the Northwoods Pediatric Center in Spring, a suburb north of Houston. In the parking lot, she got into a verbal altercation with a woman in a Lexus parked next to her pickup truck, Montgomery County sheriff's Lt. Dan Norris said. Witnesses said the woman repeatedly shot Golden, took the infant and sped away, hitting the dying mother as she screamed, "My baby!" and tried to reach into the Lexus, Norris said. Witnesses also reported hearing as many as seven gunshots and said a man also wa in the sky blue or light green Lexus, which was blood-stained on the driver's side, Norris said. The boy was found safe around 8 p.m. Tuesday, after his mother, District Attorney Brett Ligon said. Ligon said the child was "healthy" and that a person of interest had been detained, although no charges had bee filed. He would not provide any details about the person. Golden's mother, Linda Golden, told the AP later Tuesday that she had been baby-sitting one of her daughter's other sons when she was alerted to the incident by someone at the scene who called her using her daughter's cellphone. She rushed to the clini but was unable to see her daughter because paramedics were trying to save her. "I wanted to kiss her before they put her in the ambulance," Linda Golden said. Ligon wouldn't say where the infant was found, but he said it wasn't at a nearby apartment complex where officers wielding guns and riot shieldssearched earlier Tuesday evening. Investigators were processing evidence Tuesday night at one apartment in the complex that was searched, and they took away a vehicle that was parked in front. Photographs taken by news media at the scene show the vehicle was a light-colored Lexus. Joshua Jesson said he wa in the clinic with his girlfriend when he heard gunshots. He said he saw a Lexus next to the pickup truck, then later looked back and saw the car was gone and a woman lying in the spot where the Lexus had been parked. "I thought she just passed out. Then somebody ran in here and said, 'Somebody got shot,"' e said. Police quickly surrounded the clinic and much of the parking lot with crime-scene tape, and yellow markers were placed next to a purse and pair of brown sandals near a red pickup truck. Spent ammunition also was nearby. Authorities late Tuesday were doing background checks on family members with te hope of returning Keegan to them on Wednesday. Linda Golden described her daughter as sweet-natured and kind. She said she had no idea what could have sparked the slaying and abduction. </Text>
  <Events>
    <EventMentionInfo>
      <ID>1</ID>
      <AnchorText>shot</AnchorText>
      <Type>Occurrence</Type>
      <Position>13</Position>
    </EventMentionInfo>
    <EventMentionInfo>
      <ID>2</ID>
      <AnchorText>death</AnchorText>
      <Type>Occurrence</Type>
      <Position>21</Position>
    </EventMentionInfo>
    <EventMentionInfo>
      <ID>3</ID>
      <AnchorText>snatched</AnchorText>
      <Type>Occurrence</Type>
      <Position>47</Position>
    </EventMentionInfo>
    <EventMentionInfo>
      <ID>4</ID>
      <AnchorText>found</AnchorText>
      <Type>Occurrence</Type>
      <Position>134</Position>
    </EventMentionInfo>
    <EventMentionInfo>
      <ID>5</ID>
      <AnchorText>said</AnchorText>
      <Type>Reporting</Type>
      <Position>195</Position>
    </EventMentionInfo>
    <EventMentionInfo>
      <ID>6</ID>
      <AnchorText>died</AnchorText>
      <Type>Occurrence</Type>
      <Position>214</Position>
    </EventMentionInfo>
    <EventMentionInfo>
      <ID>7</ID>
      <AnchorText>trying</AnchorText>
      <Type>I_Action</Type>
      <Position>219</Position>
    </EventMentionInfo>
    <EventMentionInfo>
      <ID>8</ID>
      <AnchorText>leaving</AnchorText>
      <Type>I_Action</Type>
      <Position>256</Position>
    </EventMentionInfo>
    <EventMentionInfo>
      <ID>9</ID>
      <AnchorText>checkup</AnchorText>
      <Type>Occurrence</Type>
      <Position>266</Position>
    </EventMentionInfo>
    <EventMentionInfo>
      <ID>10</ID>
      <AnchorText>got</AnchorText>
      <Type>I_Action</Type>
      <Position>393</Position>
    </EventMentionInfo>
    <EventMentionInfo>
      <ID>11</ID>
      <AnchorText>altercation</AnchorText>
      <Type>Occurrence</Type>
      <Position>411</Position>
    </EventMentionInfo>
    <EventMentionInfo>
      <ID>12</ID>
      <AnchorText>said</AnchorText>
      <Type>Reporting</Type>
      <Position>523</Position>
    </EventMentionInfo>
    <EventMentionInfo>
      <ID>13</ID>
      <AnchorText>said</AnchorText>
      <Type>Reporting</Type>
      <Position>539</Position>
    </EventMentionInfo>
    <EventMentionInfo>
      <ID>14</ID>
      <AnchorText>shot</AnchorText>
      <Type>Occurrence</Type>
      <Position>565</Position>
    </EventMentionInfo>
    <EventMentionInfo>
      <ID>15</ID>
      <AnchorText>took</AnchorText>
      <Type>Occurrence</Type>
      <Position>578</Position>
    </EventMentionInfo>
    <EventMentionInfo>
      <ID>16</ID>
      <AnchorText>sped</AnchorText>
      <Type>Occurrence</Type>
      <Position>598</Position>
    </EventMentionInfo>
    <EventMentionInfo>
      <ID>17</ID>
      <AnchorText>hitting</AnchorText>
      <Type>Occurrence</Type>
      <Position>609</Position>
    </EventMentionInfo>
    <EventMentionInfo>
      <ID>18</ID>
      <AnchorText>screamed</AnchorText>
      <Type>Occurrence</Type>
      <Position>641</Position>
    </EventMentionInfo>
    <EventMentionInfo>
      <ID>19</ID>
      <AnchorText>tried</AnchorText>
      <Type>I_Action</Type>
      <Position>666</Position>
    </EventMentionInfo>
    <EventMentionInfo>
      <ID>20</ID>
      <AnchorText>said</AnchorText>
      <Type>Reporting</Type>
      <Position>704</Position>
    </EventMentionInfo>
    <EventMentionInfo>
      <ID>21</ID>
      <AnchorText>reported</AnchorText>
      <Type>Reporting</Type>
      <Position>725</Position>
    </EventMentionInfo>
    <EventMentionInfo>
      <ID>22</ID>
      <AnchorText>hearing</AnchorText>
      <Type>Perception</Type>
      <Position>734</Position>
    </EventMentionInfo>
    <EventMentionInfo>
      <ID>23</ID>
      <AnchorText>gunshots</AnchorText>
      <Type>Occurrence</Type>
      <Position>759</Position>
    </EventMentionInfo>
    <EventMentionInfo>
      <ID>24</ID>
      <AnchorText>said</AnchorText>
      <Type>Reporting</Type>
      <Position>772</Position>
    </EventMentionInfo>
    <EventMentionInfo>
      <ID>25</ID>
      <AnchorText>said</AnchorText>
      <Type>Reporting</Type>
      <Position>882</Position>
    </EventMentionInfo>
    <EventMentionInfo>
      <ID>26</ID>
      <AnchorText>found</AnchorText>
      <Type>Occurrence</Type>
      <Position>900</Position>
    </EventMentionInfo>
    <EventMentionInfo>
      <ID>27</ID>
      <AnchorText>said</AnchorText>
      <Type>Reporting</Type>
      <Position>982</Position>
    </EventMentionInfo>
    <EventMentionInfo>
      <ID>28</ID>
      <AnchorText>said</AnchorText>
      <Type>Reporting</Type>
      <Position>994</Position>
    </EventMentionInfo>
    <EventMentionInfo>
      <ID>29</ID>
      <AnchorText>detained</AnchorText>
      <Type>Occurrence</Type>
      <Position>1062</Position>
    </EventMentionInfo>
    <EventMentionInfo>
      <ID>30</ID>
      <AnchorText>told</AnchorText>
      <Type>Reporting</Type>
      <Position>1189</Position>
    </EventMentionInfo>
    <EventMentionInfo>
      <ID>31</ID>
      <AnchorText>sitting</AnchorText>
      <Type>Occurrence</Type>
      <Position>1238</Position>
    </EventMentionInfo>
    <EventMentionInfo>
      <ID>32</ID>
      <AnchorText>alerted</AnchorText>
      <Type>I_Action</Type>
      <Position>1292</Position>
    </EventMentionInfo>
    <EventMentionInfo>
      <ID>33</ID>
      <AnchorText>incident</AnchorText>
      <Type>Occurrence</Type>
      <Position>1307</Position>
    </EventMentionInfo>
    <EventMentionInfo>
      <ID>34</ID>
      <AnchorText>called</AnchorText>
      <Type>Occurrence</Type>
      <Position>1344</Position>
    </EventMentionInfo>
    <EventMentionInfo>
      <ID>35</ID>
      <AnchorText>rushed</AnchorText>
      <Type>Occurrence</Type>
      <Position>1391</Position>
    </EventMentionInfo>
    <EventMentionInfo>
      <ID>36</ID>
      <AnchorText>trying</AnchorText>
      <Type>I_Action</Type>
      <Position>1470</Position>
    </EventMentionInfo>
    <EventMentionInfo>
      <ID>37</ID>
      <AnchorText>said</AnchorText>
      <Type>Reporting</Type>
      <Position>1564</Position>
    </EventMentionInfo>
    <EventMentionInfo>
      <ID>38</ID>
      <AnchorText>found</AnchorText>
      <Type>Occurrence</Type>
      <Position>1610</Position>
    </EventMentionInfo>
    <EventMentionInfo>
      <ID>39</ID>
      <AnchorText>said</AnchorText>
      <Type>Reporting</Type>
      <Position>1624</Position>
    </EventMentionInfo>
    <EventMentionInfo>
      <ID>40</ID>
      <AnchorText>shieldssearched</AnchorText>
      <Type>Occurrence</Type>
      <Position>1707</Position>
    </EventMentionInfo>
    <EventMentionInfo>
      <ID>41</ID>
      <AnchorText>processing</AnchorText>
      <Type>Occurrence</Type>
      <Position>1767</Position>
    </EventMentionInfo>
    <EventMentionInfo>
      <ID>42</ID>
      <AnchorText>searched</AnchorText>
      <Type>Occurrence</Type>
      <Position>1842</Position>
    </EventMentionInfo>
    <EventMentionInfo>
      <ID>43</ID>
      <AnchorText>took</AnchorText>
      <Type>Occurrence</Type>
      <Position>1861</Position>
    </EventMentionInfo>
    <EventMentionInfo>
      <ID>44</ID>
      <AnchorText>taken</AnchorText>
      <Type>Occurrence</Type>
      <Position>1919</Position>
    </EventMentionInfo>
    <EventMentionInfo>
      <ID>45</ID>
      <AnchorText>said</AnchorText>
      <Type>Reporting</Type>
      <Position>2010</Position>
    </EventMentionInfo>
    <EventMentionInfo>
      <ID>46</ID>
      <AnchorText>heard</AnchorText>
      <Type>I_Action</Type>
      <Position>2063</Position>
    </EventMentionInfo>
    <EventMentionInfo>
      <ID>47</ID>
      <AnchorText>gunshots</AnchorText>
      <Type>Occurrence</Type>
      <Position>2069</Position>
    </EventMentionInfo>
    <EventMentionInfo>
      <ID>48</ID>
      <AnchorText>said</AnchorText>
      <Type>Reporting</Type>
      <Position>2082</Position>
    </EventMentionInfo>
    <EventMentionInfo>
      <ID>49</ID>
      <AnchorText>saw</AnchorText>
      <Type>Perception</Type>
      <Position>2090</Position>
    </EventMentionInfo>
    <EventMentionInfo>
      <ID>50</ID>
      <AnchorText>looked</AnchorText>
      <Type>Occurrence</Type>
      <Position>2139</Position>
    </EventMentionInfo>
    <EventMentionInfo>
      <ID>51</ID>
      <AnchorText>saw</AnchorText>
      <Type>Perception</Type>
      <Position>2155</Position>
    </EventMentionInfo>
    <EventMentionInfo>
      <ID>52</ID>
      <AnchorText>ran</AnchorText>
      <Type>Occurrence</Type>
      <Position>2285</Position>
    </EventMentionInfo>
    <EventMentionInfo>
      <ID>53</ID>
      <AnchorText>said</AnchorText>
      <Type>Reporting</Type>
      <Position>2301</Position>
    </EventMentionInfo>
    <EventMentionInfo>
      <ID>54</ID>
      <AnchorText>shot</AnchorText>
      <Type>Occurrence</Type>
      <Position>2321</Position>
    </EventMentionInfo>
    <EventMentionInfo>
      <ID>55</ID>
      <AnchorText>said</AnchorText>
      <Type>Reporting</Type>
      <Position>2331</Position>
    </EventMentionInfo>
    <EventMentionInfo>
      <ID>56</ID>
      <AnchorText>surrounded</AnchorText>
      <Type>Occurrence</Type>
      <Position>2352</Position>
    </EventMentionInfo>
    <EventMentionInfo>
      <ID>57</ID>
      <AnchorText>placed</AnchorText>
      <Type>Occurrence</Type>
      <Position>2449</Position>
    </EventMentionInfo>
    <EventMentionInfo>
      <ID>58</ID>
      <AnchorText>doing</AnchorText>
      <Type>I_Action</Type>
      <Position>2587</Position>
    </EventMentionInfo>
    <EventMentionInfo>
      <ID>59</ID>
      <AnchorText>checks</AnchorText>
      <Type>Occurrence</Type>
      <Position>2604</Position>
    </EventMentionInfo>
    <EventMentionInfo>
      <ID>60</ID>
      <AnchorText>described</AnchorText>
      <Type>Reporting</Type>
      <Position>2697</Position>
    </EventMentionInfo>
    <EventMentionInfo>
      <ID>61</ID>
      <AnchorText>said</AnchorText>
      <Type>Reporting</Type>
      <Position>2751</Position>
    </EventMentionInfo>
    <EventMentionInfo>
      <ID>62</ID>
      <AnchorText>slaying</AnchorText>
      <Type>Occurrence</Type>
      <Position>2800</Position>
    </EventMentionInfo>
    <EventMentionInfo>
      <ID>63</ID>
      <AnchorText>abduction</AnchorText>
      <Type>Occurrence</Type>
      <Position>2812</Position>
    </EventMentionInfo>
  </Events>
  <Relations>
    <HierarchyRelationInfo>
      <SuperEventID>6</SuperEventID>
      <SubEventID>2</SubEventID>
      <Type>Coref</Type>
      <Uncertain>false</Uncertain>
      <Transitive>false</Transitive>
    </HierarchyRelationInfo>
    <HierarchyRelationInfo>
      <SuperEventID>23</SuperEventID>
      <SubEventID>14</SubEventID>
      <Type>Coref</Type>
      <Uncertain>false</Uncertain>
      <Transitive>false</Transitive>
    </HierarchyRelationInfo>
    <HierarchyRelationInfo>
      <SuperEventID>54</SuperEventID>
      <SubEventID>23</SubEventID>
      <Type>Coref</Type>
      <Uncertain>false</Uncertain>
      <Transitive>false</Transitive>
    </HierarchyRelationInfo>
    <HierarchyRelationInfo>
      <SuperEventID>16</SuperEventID>
      <SubEventID>17</SubEventID>
      <Type>SuperSub</Type>
      <Uncertain>false</Uncertain>
      <Transitive>false</Transitive>
      <Comment>Filip, Suncana, </Comment>
    </HierarchyRelationInfo>
    <HierarchyRelationInfo>
      <SuperEventID>31</SuperEventID>
      <SubEventID>34</SubEventID>
      <Type>SuperSub</Type>
      <Uncertain>false</Uncertain>
      <Transitive>false</Transitive>
      <Comment>Filip, Suncana, </Comment>
    </HierarchyRelationInfo>
    <HierarchyRelationInfo>
      <SuperEventID>41</SuperEventID>
      <SubEventID>43</SubEventID>
      <Type>SuperSub</Type>
      <Uncertain>false</Uncertain>
      <Transitive>false</Transitive>
      <Comment>Filip, Maja, </Comment>
    </HierarchyRelationInfo>
    <HierarchyRelationInfo>
      <SuperEventID>11</SuperEventID>
      <SubEventID>14</SubEventID>
      <Type>SuperSub</Type>
      <Uncertain>false</Uncertain>
      <Transitive>false</Transitive>
      <Comment>Filip, Maja, </Comment>
    </HierarchyRelationInfo>
    <HierarchyRelationInfo>
      <SuperEventID>33</SuperEventID>
      <SubEventID>11</SubEventID>
      <Type>SuperSub</Type>
      <Uncertain>false</Uncertain>
      <Transitive>false</Transitive>
      <Comment>Filip, Maja, </Comment>
    </HierarchyRelationInfo>
    <HierarchyRelationInfo>
      <SuperEventID>33</SuperEventID>
      <SubEventID>15</SubEventID>
      <Type>SuperSub</Type>
      <Uncertain>false</Uncertain>
      <Transitive>false</Transitive>
      <Comment>Filip, </Comment>
    </HierarchyRelationInfo>
    <HierarchyRelationInfo>
      <SuperEventID>33</SuperEventID>
      <SubEventID>62</SubEventID>
      <Type>SuperSub</Type>
      <Uncertain>false</Uncertain>
      <Transitive>false</Transitive>
      <Comment>Filip, </Comment>
    </HierarchyRelationInfo>
    <HierarchyRelationInfo>
      <SuperEventID>33</SuperEventID>
      <SubEventID>63</SubEventID>
      <Type>SuperSub</Type>
      <Uncertain>false</Uncertain>
      <Transitive>false</Transitive>
      <Comment>Filip, </Comment>
    </HierarchyRelationInfo>
    <HierarchyRelationInfo>
      <SuperEventID>4</SuperEventID>
      <SubEventID>26</SubEventID>
      <Type>Coref</Type>
      <Uncertain>false</Uncertain>
      <Transitive>false</Transitive>
      <Comment>Maja, Suncana, </Comment>
    </HierarchyRelationInfo>
    <HierarchyRelationInfo>
      <SuperEventID>15</SuperEventID>
      <SubEventID>3</SubEventID>
      <Type>Coref</Type>
      <Uncertain>false</Uncertain>
      <Transitive>false</Transitive>
      <Comment>Maja, Suncana, </Comment>
    </HierarchyRelationInfo>
    <HierarchyRelationInfo>
      <SuperEventID>33</SuperEventID>
      <SubEventID>6</SubEventID>
      <Type>SuperSub</Type>
      <Uncertain>false</Uncertain>
      <Transitive>false</Transitive>
      <Comment>Maja, </Comment>
    </HierarchyRelationInfo>
    <HierarchyRelationInfo>
      <SuperEventID>26</SuperEventID>
      <SubEventID>38</SubEventID>
      <Type>Coref</Type>
      <Uncertain>false</Uncertain>
      <Transitive>false</Transitive>
      <Comment>Suncana, </Comment>
    </HierarchyRelationInfo>
    <HierarchyRelationInfo>
      <SuperEventID>47</SuperEventID>
      <SubEventID>23</SubEventID>
      <Type>Coref</Type>
      <Uncertain>false</Uncertain>
      <Transitive>false</Transitive>
      <Comment>Maja, Suncana, </Comment>
    </HierarchyRelationInfo>
    <HierarchyRelationInfo>
      <SuperEventID>54</SuperEventID>
      <SubEventID>47</SubEventID>
      <Type>Coref</Type>
      <Uncertain>false</Uncertain>
      <Transitive>false</Transitive>
      <Comment>Maja, Suncana, </Comment>
    </HierarchyRelationInfo>
    <HierarchyRelationInfo>
      <SuperEventID>63</SuperEventID>
      <SubEventID>15</SubEventID>
      <Type>Coref</Type>
      <Uncertain>false</Uncertain>
      <Transitive>false</Transitive>
      <Comment>Maja, Suncana, </Comment>
    </HierarchyRelationInfo>
    <HierarchyRelationInfo>
      <SuperEventID>50</SuperEventID>
      <SubEventID>51</SubEventID>
      <Type>Coref</Type>
      <Uncertain>false</Uncertain>
      <Transitive>false</Transitive>
      <Comment>Suncana, </Comment>
    </HierarchyRelationInfo>
    <HierarchyRelationInfo>
      <SuperEventID>62</SuperEventID>
      <SubEventID>54</SubEventID>
      <Type>Coref</Type>
      <Uncertain>false</Uncertain>
      <Transitive>false</Transitive>
      <Comment>Suncana, </Comment>
    </HierarchyRelationInfo>
  </Relations>
</ArticleInfo>