<ArticleInfo>
  <Text>No one has been arrested over Sunday's attack in Kabul and the Taliban have denied any involvement. The shooting has been strongly condemned by the government. Afghan presidential spokesman Aimal Faizi said, "This is shocking news for the Afghan people, for the government of Afghanistan and for the president. The Afghan government strongly condemns this attack. Arsala Rahmani has been killed by enemies of Afghanistan. The killers are enemies of peace and stability." Both NATO and the US embassy in Kabul have also condemned the assassination. Rahmani was one of about 70 influential Afghans and former Taliban members appointed to the High Peace Council. Its aim is to convince insurgent leaders to reconcile with the government. But the Taliban have so far refused direct contact with the council, which they see as being too close to Hamid Karzai's government. With the war now in its 11th year, the council appears to be making little progress. The killing strikes yet another blow to efforts to find a political resolution.</Text>
  <Events>
    <EventMentionInfo>
      <ID>1</ID>
      <AnchorText>attack</AnchorText>
      <Type>Occurrence</Type>
      <Position>39</Position>
    </EventMentionInfo>
    <EventMentionInfo>
      <ID>2</ID>
      <AnchorText>denied</AnchorText>
      <Type>I_Action</Type>
      <Position>76</Position>
    </EventMentionInfo>
    <EventMentionInfo>
      <ID>3</ID>
      <AnchorText>shooting</AnchorText>
      <Type>Occurrence</Type>
      <Position>104</Position>
    </EventMentionInfo>
    <EventMentionInfo>
      <ID>4</ID>
      <AnchorText>condemned</AnchorText>
      <Type>I_Action</Type>
      <Position>131</Position>
    </EventMentionInfo>
    <EventMentionInfo>
      <ID>5</ID>
      <AnchorText>said</AnchorText>
      <Type>Reporting</Type>
      <Position>202</Position>
    </EventMentionInfo>
    <EventMentionInfo>
      <ID>6</ID>
      <AnchorText>condemns</AnchorText>
      <Type>I_Action</Type>
      <Position>342</Position>
    </EventMentionInfo>
    <EventMentionInfo>
      <ID>7</ID>
      <AnchorText>attack</AnchorText>
      <Type>Occurrence</Type>
      <Position>356</Position>
    </EventMentionInfo>
    <EventMentionInfo>
      <ID>8</ID>
      <AnchorText>killed</AnchorText>
      <Type>Occurrence</Type>
      <Position>388</Position>
    </EventMentionInfo>
    <EventMentionInfo>
      <ID>9</ID>
      <AnchorText>condemned</AnchorText>
      <Type>I_Action</Type>
      <Position>519</Position>
    </EventMentionInfo>
    <EventMentionInfo>
      <ID>10</ID>
      <AnchorText>assassination</AnchorText>
      <Type>Occurrence</Type>
      <Position>533</Position>
    </EventMentionInfo>
    <EventMentionInfo>
      <ID>11</ID>
      <AnchorText>appointed</AnchorText>
      <Type>Occurrence</Type>
      <Position>623</Position>
    </EventMentionInfo>
    <EventMentionInfo>
      <ID>12</ID>
      <AnchorText>refused</AnchorText>
      <Type>I_Action</Type>
      <Position>763</Position>
    </EventMentionInfo>
    <EventMentionInfo>
      <ID>13</ID>
      <AnchorText>see</AnchorText>
      <Type>Perception</Type>
      <Position>815</Position>
    </EventMentionInfo>
    <EventMentionInfo>
      <ID>14</ID>
      <AnchorText>war</AnchorText>
      <Type>Occurrence</Type>
      <Position>877</Position>
    </EventMentionInfo>
    <EventMentionInfo>
      <ID>15</ID>
      <AnchorText>killing</AnchorText>
      <Type>Occurrence</Type>
      <Position>957</Position>
    </EventMentionInfo>
    <EventMentionInfo>
      <ID>16</ID>
      <AnchorText>strikes</AnchorText>
      <Type>I_Action</Type>
      <Position>965</Position>
    </EventMentionInfo>
  </Events>
  <Relations>
    <HierarchyRelationInfo>
      <SuperEventID>1</SuperEventID>
      <SubEventID>3</SubEventID>
      <Type>SuperSub</Type>
      <Uncertain>false</Uncertain>
    </HierarchyRelationInfo>
    <HierarchyRelationInfo>
      <SuperEventID>7</SuperEventID>
      <SubEventID>1</SubEventID>
      <Type>Coref</Type>
      <Uncertain>false</Uncertain>
    </HierarchyRelationInfo>
    <HierarchyRelationInfo>
      <SuperEventID>3</SuperEventID>
      <SubEventID>8</SubEventID>
      <Type>SuperSub</Type>
      <Uncertain>false</Uncertain>
    </HierarchyRelationInfo>
    <HierarchyRelationInfo>
      <SuperEventID>10</SuperEventID>
      <SubEventID>8</SubEventID>
      <Type>Coref</Type>
      <Uncertain>false</Uncertain>
    </HierarchyRelationInfo>
    <HierarchyRelationInfo>
      <SuperEventID>15</SuperEventID>
      <SubEventID>10</SubEventID>
      <Type>Coref</Type>
      <Uncertain>false</Uncertain>
    </HierarchyRelationInfo>
    <HierarchyRelationInfo>
      <SuperEventID>14</SuperEventID>
      <SubEventID>11</SubEventID>
      <Type>SuperSub</Type>
      <Uncertain>false</Uncertain>
    </HierarchyRelationInfo>
    <HierarchyRelationInfo>
      <SuperEventID>14</SuperEventID>
      <SubEventID>7</SubEventID>
      <Type>SuperSub</Type>
      <Uncertain>false</Uncertain>
    </HierarchyRelationInfo>
  </Relations>
</ArticleInfo>