<ArticleInfo>
  <Text>A bus carrying Turkish pilgrims has come under attack in northern Syria, Turkish media and officials say. At least two people, one of them the bus driver, were injured in the attack near the flashpoint city of Homs, reports say. The passengers were returning from the Hajj - the annual Muslim pilgrimage to Mecca, Saudi Arabia - reports say. Private news agency Dogan showed images of the bus with one of its side windows broken inside Turkey. "We confirm that an attack took place in Syria," a foreign ministry official told AFP news agency, without giving any further information, but reiterated Turkey's warning to its citizens not to visit Syria. Tensions have been running high between Syria and Turkey as Ankara has become increasingly vocal in its criticism of President Bashar al-Assad's crackdown on anti-government protests in his country. Clashes again erupt in Cairo as Egypt's health ministry confirms at least 20 people have died and 1,750 have been wounded in a weekend of violence. </Text>
  <Events>
    <EventMentionInfo>
      <ID>1</ID>
      <AnchorText>carrying</AnchorText>
      <Type>Occurrence</Type>
      <Position>6</Position>
    </EventMentionInfo>
    <EventMentionInfo>
      <ID>2</ID>
      <AnchorText>come</AnchorText>
      <Type>I_Action</Type>
      <Position>36</Position>
    </EventMentionInfo>
    <EventMentionInfo>
      <ID>3</ID>
      <AnchorText>attack</AnchorText>
      <Type>Occurrence</Type>
      <Position>47</Position>
    </EventMentionInfo>
    <EventMentionInfo>
      <ID>4</ID>
      <AnchorText>say</AnchorText>
      <Type>Reporting</Type>
      <Position>101</Position>
    </EventMentionInfo>
    <EventMentionInfo>
      <ID>5</ID>
      <AnchorText>injured</AnchorText>
      <Type>Occurrence</Type>
      <Position>160</Position>
    </EventMentionInfo>
    <EventMentionInfo>
      <ID>6</ID>
      <AnchorText>attack</AnchorText>
      <Type>Occurrence</Type>
      <Position>175</Position>
    </EventMentionInfo>
    <EventMentionInfo>
      <ID>7</ID>
      <AnchorText>reports</AnchorText>
      <Type>Reporting</Type>
      <Position>216</Position>
    </EventMentionInfo>
    <EventMentionInfo>
      <ID>8</ID>
      <AnchorText>say</AnchorText>
      <Type>Reporting</Type>
      <Position>224</Position>
    </EventMentionInfo>
    <EventMentionInfo>
      <ID>9</ID>
      <AnchorText>returning</AnchorText>
      <Type>Occurrence</Type>
      <Position>249</Position>
    </EventMentionInfo>
    <EventMentionInfo>
      <ID>10</ID>
      <AnchorText>reports</AnchorText>
      <Type>Reporting</Type>
      <Position>329</Position>
    </EventMentionInfo>
    <EventMentionInfo>
      <ID>11</ID>
      <AnchorText>say</AnchorText>
      <Type>Reporting</Type>
      <Position>337</Position>
    </EventMentionInfo>
    <EventMentionInfo>
      <ID>12</ID>
      <AnchorText>showed</AnchorText>
      <Type>Reporting</Type>
      <Position>368</Position>
    </EventMentionInfo>
    <EventMentionInfo>
      <ID>13</ID>
      <AnchorText>broken</AnchorText>
      <Type>Occurrence</Type>
      <Position>422</Position>
    </EventMentionInfo>
    <EventMentionInfo>
      <ID>14</ID>
      <AnchorText>confirm</AnchorText>
      <Type>Reporting</Type>
      <Position>448</Position>
    </EventMentionInfo>
    <EventMentionInfo>
      <ID>15</ID>
      <AnchorText>attack</AnchorText>
      <Type>Occurrence</Type>
      <Position>464</Position>
    </EventMentionInfo>
    <EventMentionInfo>
      <ID>16</ID>
      <AnchorText>took</AnchorText>
      <Type>I_Action</Type>
      <Position>471</Position>
    </EventMentionInfo>
    <EventMentionInfo>
      <ID>17</ID>
      <AnchorText>told</AnchorText>
      <Type>Reporting</Type>
      <Position>521</Position>
    </EventMentionInfo>
    <EventMentionInfo>
      <ID>18</ID>
      <AnchorText>reiterated</AnchorText>
      <Type>Reporting</Type>
      <Position>587</Position>
    </EventMentionInfo>
    <EventMentionInfo>
      <ID>19</ID>
      <AnchorText>warning</AnchorText>
      <Type>Occurrence</Type>
      <Position>607</Position>
    </EventMentionInfo>
    <EventMentionInfo>
      <ID>20</ID>
      <AnchorText>become</AnchorText>
      <Type>StateChange</Type>
      <Position>722</Position>
    </EventMentionInfo>
    <EventMentionInfo>
      <ID>21</ID>
      <AnchorText>crackdown</AnchorText>
      <Type>I_Action</Type>
      <Position>796</Position>
    </EventMentionInfo>
    <EventMentionInfo>
      <ID>22</ID>
      <AnchorText>protests</AnchorText>
      <Type>HalfGeneric</Type>
      <Position>825</Position>
    </EventMentionInfo>
    <EventMentionInfo>
      <ID>23</ID>
      <AnchorText>Clashes</AnchorText>
      <Type>Occurrence</Type>
      <Position>850</Position>
    </EventMentionInfo>
    <EventMentionInfo>
      <ID>24</ID>
      <AnchorText>erupt</AnchorText>
      <Type>I_Action</Type>
      <Position>864</Position>
    </EventMentionInfo>
    <EventMentionInfo>
      <ID>25</ID>
      <AnchorText>confirms</AnchorText>
      <Type>Reporting</Type>
      <Position>906</Position>
    </EventMentionInfo>
    <EventMentionInfo>
      <ID>26</ID>
      <AnchorText>died</AnchorText>
      <Type>Occurrence</Type>
      <Position>939</Position>
    </EventMentionInfo>
    <EventMentionInfo>
      <ID>27</ID>
      <AnchorText>wounded</AnchorText>
      <Type>Occurrence</Type>
      <Position>964</Position>
    </EventMentionInfo>
  </Events>
  <Relations>
    <HierarchyRelationInfo>
      <SuperEventID>1</SuperEventID>
      <SubEventID>3</SubEventID>
      <Type>SuperSub</Type>
      <Uncertain>false</Uncertain>
      <Transitive>false</Transitive>
    </HierarchyRelationInfo>
    <HierarchyRelationInfo>
      <SuperEventID>6</SuperEventID>
      <SubEventID>5</SubEventID>
      <Type>SuperSub</Type>
      <Uncertain>false</Uncertain>
      <Transitive>false</Transitive>
    </HierarchyRelationInfo>
    <HierarchyRelationInfo>
      <SuperEventID>6</SuperEventID>
      <SubEventID>3</SubEventID>
      <Type>Coref</Type>
      <Uncertain>false</Uncertain>
      <Transitive>false</Transitive>
    </HierarchyRelationInfo>
    <HierarchyRelationInfo>
      <SuperEventID>15</SuperEventID>
      <SubEventID>6</SubEventID>
      <Type>Coref</Type>
      <Uncertain>false</Uncertain>
      <Transitive>false</Transitive>
    </HierarchyRelationInfo>
    <HierarchyRelationInfo>
      <SuperEventID>9</SuperEventID>
      <SubEventID>1</SubEventID>
      <Type>Coref</Type>
      <Uncertain>false</Uncertain>
      <Transitive>false</Transitive>
      <Comment>Filip, Suncana, </Comment>
    </HierarchyRelationInfo>
    <HierarchyRelationInfo>
      <SuperEventID>6</SuperEventID>
      <SubEventID>13</SubEventID>
      <Type>SuperSub</Type>
      <Uncertain>false</Uncertain>
      <Transitive>false</Transitive>
      <Comment>Filip, Suncana, </Comment>
    </HierarchyRelationInfo>
    <HierarchyRelationInfo>
      <SuperEventID>23</SuperEventID>
      <SubEventID>26</SubEventID>
      <Type>SuperSub</Type>
      <Uncertain>false</Uncertain>
      <Transitive>false</Transitive>
      <Comment>Filip, Maja, </Comment>
    </HierarchyRelationInfo>
    <HierarchyRelationInfo>
      <SuperEventID>23</SuperEventID>
      <SubEventID>27</SubEventID>
      <Type>SuperSub</Type>
      <Uncertain>false</Uncertain>
      <Transitive>false</Transitive>
      <Comment>Filip, Maja, </Comment>
    </HierarchyRelationInfo>
  </Relations>
</ArticleInfo>