<ArticleInfo>
  <Text>The Afghan president has announced that security control of a large section of the country is to be transferred to Afghan hands. Meanwhile, growing calls for troop withdrawal from allied nations may leave the US holding the bag in the conflict. Hamid Karzai's announcement to push ahead with the five-stage power transfer will bring 122 more districts across Afghanistan under local security's jurisdiction, making Afghan forces responsible for the protection of 75 percent of the population. The latest swathe of the country to be transferred includes the Uruzgan province, where most of the Australian coalition troops are currently in action. US President Barack Obama hailed the move as an "important step" in the US-Afghan security transition, in which the American government has pledged to hand over complete security control to Afghanistan by 2014. The Afghan government has said this next stage of the security handover could take as little as six months. NATO estimates differ, putting the transition time at 12-18 months. The ranks of Afghan security forces currently stand at 350,000, but there are still 130,000 NATO coalition troops active in the ongoing fight against insurgency in the country. The Afghanistan campaign has faced declining popularity with more nations resolving to accelerate the withdrawal of their troops. Australia announced an early withdrawal of troops in April, pledging to pull all forces out of the country by the end of 2013. While newly elected French president Francois Hollande said during his campaign that he would push to have France's soldiers withdrawn by the end of 2012. This dwindling support for the war is bad news for the US, which has pledged annual financial backing of $4.1 billion to Afghanistan after signing the Strategic Partnership Agreement (SPA) at the beginning of May. The NATO summit in Chicago on May 20 will see President Obama pushing for the allied nations to front a quarter of the costs of financing the Afghan forces, equating to around $1 billion a year. However, this target may be overly ambitious given the backdrop of worsening financial crisis in Europe and growing calls to withdraw allied troops as soon as possible. John Rees from the Stop the War coalition told RT that ten years of war are having a disastrous effect on all the countries involved. "The clearest way to bring that to an end, the clearest way to stop the war spilling over the Afghan borders into other countries is to end the occupation now. The advice that should be given to all the major powers that are at work in Afghanistan is to get out of it," Rees told RT. Meanwhile, the assassination of top Afghan peace-negotiator Maulvi Arsala Rahmani in Kabul on Sunday has dealt a significant blow to talks with the Taliban. Taliban defector Rahmani used his strong ties with the terrorist movement to reach out to its commanders. His death has been described as a "huge loss to Afghanistan" by President Karzai's spokesperson Aimal Faizi. The Taliban have denied any involvement in Rahmani's killing, although they had previously said they would target peace negotiators. Western neglect of Afghanistan after the Soviet withdrawal brought about a growth of terror in the country, Afghan President Hamid Karzai believes. This in turn led to both 9/11, and terror attacks in Russia, he insists. </Text>
  <Events>
    <EventMentionInfo>
      <ID>1</ID>
      <AnchorText>announced</AnchorText>
      <Type>Reporting</Type>
      <Position>25</Position>
    </EventMentionInfo>
    <EventMentionInfo>
      <ID>2</ID>
      <AnchorText>growing</AnchorText>
      <Type>StateChange</Type>
      <Position>140</Position>
    </EventMentionInfo>
    <EventMentionInfo>
      <ID>3</ID>
      <AnchorText>calls</AnchorText>
      <Type>I_Action</Type>
      <Position>148</Position>
    </EventMentionInfo>
    <EventMentionInfo>
      <ID>4</ID>
      <AnchorText>conflict</AnchorText>
      <Type>Occurrence</Type>
      <Position>235</Position>
    </EventMentionInfo>
    <EventMentionInfo>
      <ID>5</ID>
      <AnchorText>announcement</AnchorText>
      <Type>I_Action</Type>
      <Position>260</Position>
    </EventMentionInfo>
    <EventMentionInfo>
      <ID>6</ID>
      <AnchorText>hailed</AnchorText>
      <Type>I_Action</Type>
      <Position>672</Position>
    </EventMentionInfo>
    <EventMentionInfo>
      <ID>7</ID>
      <AnchorText>move</AnchorText>
      <Type>Occurrence</Type>
      <Position>683</Position>
    </EventMentionInfo>
    <EventMentionInfo>
      <ID>8</ID>
      <AnchorText>transition</AnchorText>
      <Type>Occurrence</Type>
      <Position>737</Position>
    </EventMentionInfo>
    <EventMentionInfo>
      <ID>9</ID>
      <AnchorText>pledged</AnchorText>
      <Type>I_Action</Type>
      <Position>786</Position>
    </EventMentionInfo>
    <EventMentionInfo>
      <ID>10</ID>
      <AnchorText>said</AnchorText>
      <Type>Reporting</Type>
      <Position>883</Position>
    </EventMentionInfo>
    <EventMentionInfo>
      <ID>11</ID>
      <AnchorText>handover</AnchorText>
      <Type>Occurrence</Type>
      <Position>920</Position>
    </EventMentionInfo>
    <EventMentionInfo>
      <ID>12</ID>
      <AnchorText>fight</AnchorText>
      <Type>I_Action</Type>
      <Position>1169</Position>
    </EventMentionInfo>
    <EventMentionInfo>
      <ID>13</ID>
      <AnchorText>insurgency</AnchorText>
      <Type>Occurrence</Type>
      <Position>1183</Position>
    </EventMentionInfo>
    <EventMentionInfo>
      <ID>14</ID>
      <AnchorText>campaign</AnchorText>
      <Type>Occurrence</Type>
      <Position>1226</Position>
    </EventMentionInfo>
    <EventMentionInfo>
      <ID>15</ID>
      <AnchorText>faced</AnchorText>
      <Type>I_Action</Type>
      <Position>1239</Position>
    </EventMentionInfo>
    <EventMentionInfo>
      <ID>16</ID>
      <AnchorText>declining</AnchorText>
      <Type>StateChange</Type>
      <Position>1245</Position>
    </EventMentionInfo>
    <EventMentionInfo>
      <ID>17</ID>
      <AnchorText>resolving</AnchorText>
      <Type>I_Action</Type>
      <Position>1284</Position>
    </EventMentionInfo>
    <EventMentionInfo>
      <ID>18</ID>
      <AnchorText>withdrawal</AnchorText>
      <Type>Occurrence</Type>
      <Position>1312</Position>
    </EventMentionInfo>
    <EventMentionInfo>
      <ID>19</ID>
      <AnchorText>announced</AnchorText>
      <Type>I_Action</Type>
      <Position>1350</Position>
    </EventMentionInfo>
    <EventMentionInfo>
      <ID>20</ID>
      <AnchorText>pledging</AnchorText>
      <Type>I_Action</Type>
      <Position>1400</Position>
    </EventMentionInfo>
    <EventMentionInfo>
      <ID>21</ID>
      <AnchorText>elected</AnchorText>
      <Type>Occurrence</Type>
      <Position>1479</Position>
    </EventMentionInfo>
    <EventMentionInfo>
      <ID>22</ID>
      <AnchorText>said</AnchorText>
      <Type>Reporting</Type>
      <Position>1522</Position>
    </EventMentionInfo>
    <EventMentionInfo>
      <ID>23</ID>
      <AnchorText>campaign</AnchorText>
      <Type>Occurrence</Type>
      <Position>1538</Position>
    </EventMentionInfo>
    <EventMentionInfo>
      <ID>24</ID>
      <AnchorText>dwindling</AnchorText>
      <Type>StateChange</Type>
      <Position>1627</Position>
    </EventMentionInfo>
    <EventMentionInfo>
      <ID>25</ID>
      <AnchorText>war</AnchorText>
      <Type>Occurrence</Type>
      <Position>1653</Position>
    </EventMentionInfo>
    <EventMentionInfo>
      <ID>26</ID>
      <AnchorText>pledged</AnchorText>
      <Type>I_Action</Type>
      <Position>1691</Position>
    </EventMentionInfo>
    <EventMentionInfo>
      <ID>27</ID>
      <AnchorText>signing</AnchorText>
      <Type>Occurrence</Type>
      <Position>1761</Position>
    </EventMentionInfo>
    <EventMentionInfo>
      <ID>28</ID>
      <AnchorText>worsening</AnchorText>
      <Type>StateChange</Type>
      <Position>2098</Position>
    </EventMentionInfo>
    <EventMentionInfo>
      <ID>29</ID>
      <AnchorText>crisis</AnchorText>
      <Type>Occurrence</Type>
      <Position>2118</Position>
    </EventMentionInfo>
    <EventMentionInfo>
      <ID>30</ID>
      <AnchorText>growing</AnchorText>
      <Type>StateChange</Type>
      <Position>2139</Position>
    </EventMentionInfo>
    <EventMentionInfo>
      <ID>31</ID>
      <AnchorText>calls</AnchorText>
      <Type>I_Action</Type>
      <Position>2147</Position>
    </EventMentionInfo>
    <EventMentionInfo>
      <ID>32</ID>
      <AnchorText>told</AnchorText>
      <Type>Reporting</Type>
      <Position>2242</Position>
    </EventMentionInfo>
    <EventMentionInfo>
      <ID>33</ID>
      <AnchorText>war</AnchorText>
      <Type>Occurrence</Type>
      <Position>2268</Position>
    </EventMentionInfo>
    <EventMentionInfo>
      <ID>34</ID>
      <AnchorText>war</AnchorText>
      <Type>Occurrence</Type>
      <Position>2406</Position>
    </EventMentionInfo>
    <EventMentionInfo>
      <ID>35</ID>
      <AnchorText>occupation</AnchorText>
      <Type>Occurrence</Type>
      <Position>2478</Position>
    </EventMentionInfo>
    <EventMentionInfo>
      <ID>36</ID>
      <AnchorText>told</AnchorText>
      <Type>Reporting</Type>
      <Position>2609</Position>
    </EventMentionInfo>
    <EventMentionInfo>
      <ID>37</ID>
      <AnchorText>assassination</AnchorText>
      <Type>Occurrence</Type>
      <Position>2633</Position>
    </EventMentionInfo>
    <EventMentionInfo>
      <ID>38</ID>
      <AnchorText>dealt</AnchorText>
      <Type>I_Action</Type>
      <Position>2723</Position>
    </EventMentionInfo>
    <EventMentionInfo>
      <ID>39</ID>
      <AnchorText>blow</AnchorText>
      <Type>I_Action</Type>
      <Position>2743</Position>
    </EventMentionInfo>
    <EventMentionInfo>
      <ID>40</ID>
      <AnchorText>talks</AnchorText>
      <Type>HalfGeneric</Type>
      <Position>2751</Position>
    </EventMentionInfo>
    <EventMentionInfo>
      <ID>41</ID>
      <AnchorText>used</AnchorText>
      <Type>I_Action</Type>
      <Position>2800</Position>
    </EventMentionInfo>
    <EventMentionInfo>
      <ID>42</ID>
      <AnchorText>reach</AnchorText>
      <Type>Reporting</Type>
      <Position>2852</Position>
    </EventMentionInfo>
    <EventMentionInfo>
      <ID>43</ID>
      <AnchorText>death</AnchorText>
      <Type>Occurrence</Type>
      <Position>2885</Position>
    </EventMentionInfo>
    <EventMentionInfo>
      <ID>44</ID>
      <AnchorText>described</AnchorText>
      <Type>I_Action</Type>
      <Position>2900</Position>
    </EventMentionInfo>
    <EventMentionInfo>
      <ID>45</ID>
      <AnchorText>denied</AnchorText>
      <Type>I_Action</Type>
      <Position>3007</Position>
    </EventMentionInfo>
    <EventMentionInfo>
      <ID>46</ID>
      <AnchorText>killing</AnchorText>
      <Type>Occurrence</Type>
      <Position>3043</Position>
    </EventMentionInfo>
    <EventMentionInfo>
      <ID>47</ID>
      <AnchorText>said</AnchorText>
      <Type>Reporting</Type>
      <Position>3081</Position>
    </EventMentionInfo>
    <EventMentionInfo>
      <ID>48</ID>
      <AnchorText>withdrawal</AnchorText>
      <Type>Occurrence</Type>
      <Position>3171</Position>
    </EventMentionInfo>
    <EventMentionInfo>
      <ID>49</ID>
      <AnchorText>brought</AnchorText>
      <Type>I_Action</Type>
      <Position>3182</Position>
    </EventMentionInfo>
    <EventMentionInfo>
      <ID>50</ID>
      <AnchorText>growth</AnchorText>
      <Type>StateChange</Type>
      <Position>3198</Position>
    </EventMentionInfo>
    <EventMentionInfo>
      <ID>51</ID>
      <AnchorText>led</AnchorText>
      <Type>I_Action</Type>
      <Position>3284</Position>
    </EventMentionInfo>
    <EventMentionInfo>
      <ID>52</ID>
      <AnchorText>11</AnchorText>
      <Type>Occurrence</Type>
      <Position>3298</Position>
    </EventMentionInfo>
    <EventMentionInfo>
      <ID>53</ID>
      <AnchorText>attacks</AnchorText>
      <Type>HalfGeneric</Type>
      <Position>3313</Position>
    </EventMentionInfo>
    <EventMentionInfo>
      <ID>54</ID>
      <AnchorText>insists</AnchorText>
      <Type>Reporting</Type>
      <Position>3335</Position>
    </EventMentionInfo>
  </Events>
  <Relations>
    <HierarchyRelationInfo>
      <SuperEventID>4</SuperEventID>
      <SubEventID>2</SubEventID>
      <Type>SuperSub</Type>
      <Uncertain>false</Uncertain>
    </HierarchyRelationInfo>
    <HierarchyRelationInfo>
      <SuperEventID>4</SuperEventID>
      <SubEventID>8</SubEventID>
      <Type>SuperSub</Type>
      <Uncertain>false</Uncertain>
    </HierarchyRelationInfo>
    <HierarchyRelationInfo>
      <SuperEventID>8</SuperEventID>
      <SubEventID>7</SubEventID>
      <Type>SuperSub</Type>
      <Uncertain>false</Uncertain>
    </HierarchyRelationInfo>
    <HierarchyRelationInfo>
      <SuperEventID>8</SuperEventID>
      <SubEventID>11</SubEventID>
      <Type>Coref</Type>
      <Uncertain>false</Uncertain>
    </HierarchyRelationInfo>
    <HierarchyRelationInfo>
      <SuperEventID>4</SuperEventID>
      <SubEventID>13</SubEventID>
      <Type>SuperSub</Type>
      <Uncertain>false</Uncertain>
    </HierarchyRelationInfo>
    <HierarchyRelationInfo>
      <SuperEventID>14</SuperEventID>
      <SubEventID>4</SubEventID>
      <Type>SuperSub</Type>
      <Uncertain>false</Uncertain>
    </HierarchyRelationInfo>
    <HierarchyRelationInfo>
      <SuperEventID>14</SuperEventID>
      <SubEventID>16</SubEventID>
      <Type>SuperSub</Type>
      <Uncertain>false</Uncertain>
    </HierarchyRelationInfo>
    <HierarchyRelationInfo>
      <SuperEventID>11</SuperEventID>
      <SubEventID>18</SubEventID>
      <Type>SuperSub</Type>
      <Uncertain>false</Uncertain>
    </HierarchyRelationInfo>
    <HierarchyRelationInfo>
      <SuperEventID>24</SuperEventID>
      <SubEventID>16</SubEventID>
      <Type>Coref</Type>
      <Uncertain>false</Uncertain>
    </HierarchyRelationInfo>
    <HierarchyRelationInfo>
      <SuperEventID>25</SuperEventID>
      <SubEventID>4</SubEventID>
      <Type>Coref</Type>
      <Uncertain>false</Uncertain>
    </HierarchyRelationInfo>
    <HierarchyRelationInfo>
      <SuperEventID>29</SuperEventID>
      <SubEventID>28</SubEventID>
      <Type>SuperSub</Type>
      <Uncertain>false</Uncertain>
    </HierarchyRelationInfo>
    <HierarchyRelationInfo>
      <SuperEventID>30</SuperEventID>
      <SubEventID>2</SubEventID>
      <Type>Coref</Type>
      <Uncertain>false</Uncertain>
    </HierarchyRelationInfo>
    <HierarchyRelationInfo>
      <SuperEventID>33</SuperEventID>
      <SubEventID>4</SubEventID>
      <Type>Coref</Type>
      <Uncertain>false</Uncertain>
    </HierarchyRelationInfo>
    <HierarchyRelationInfo>
      <SuperEventID>34</SuperEventID>
      <SubEventID>33</SubEventID>
      <Type>Coref</Type>
      <Uncertain>false</Uncertain>
    </HierarchyRelationInfo>
    <HierarchyRelationInfo>
      <SuperEventID>14</SuperEventID>
      <SubEventID>35</SubEventID>
      <Type>SuperSub</Type>
      <Uncertain>false</Uncertain>
    </HierarchyRelationInfo>
    <HierarchyRelationInfo>
      <SuperEventID>40</SuperEventID>
      <SubEventID>37</SubEventID>
      <Type>SuperSub</Type>
      <Uncertain>false</Uncertain>
    </HierarchyRelationInfo>
    <HierarchyRelationInfo>
      <SuperEventID>43</SuperEventID>
      <SubEventID>37</SubEventID>
      <Type>Coref</Type>
      <Uncertain>false</Uncertain>
    </HierarchyRelationInfo>
    <HierarchyRelationInfo>
      <SuperEventID>46</SuperEventID>
      <SubEventID>43</SubEventID>
      <Type>Coref</Type>
      <Uncertain>false</Uncertain>
    </HierarchyRelationInfo>
    <HierarchyRelationInfo>
      <SuperEventID>8</SuperEventID>
      <SubEventID>48</SubEventID>
      <Type>SuperSub</Type>
      <Uncertain>false</Uncertain>
    </HierarchyRelationInfo>
  </Relations>
</ArticleInfo>