<ArticleInfo>
  <Text>Pirates have hijacked a Greek-owned oil tanker carrying 135,000 tonnes of crude oil in the Arabian Sea, the first successful attack on an oil tanker off the Horn of Africa in more than a year. The vessel's manager, Dynacom Tankers Management, said it had lost contact with the crew of the MT Smyrni, a Suezmax-class tanker, following the attack off Oman at 11.15 GMT on Thursday. "The Liberian-flagged tanker, the MT Smyrni, is carrying a cargo of 135,000 tonnes of crude oil," it said. Suezmax tankers typically can transport a crude oil cargo of up to 1m barrels, compared with 2m to 3m barrels for larger oil tankers. Dynacom gave no further details but Kenya-based piracy expert Andrew Mwangura said the vessel was heading for the Somali coastline. Industry websites said the tanker had sailed from Turkey, but there were mixed reports about its destination. "Aboard are nine Indians and about eight Filipinos," Mwangura, who is maritime editor of Somalia Report, said, adding: "It is headed to Somalia." OceanUSlive.Org, a social networking site for the maritime industry, said the attack was one of four to have taken place in the Arabian Sea in the past few days after a lull in pirate activity. The hijack success rate for Somali pirates has dropped sharply in recent months, due in part to more merchant ships using armed security guards, razor wire and water cannon to protect themselves. In its statement, Dynacom did not disclose whether the Smyrni was carrying private security personnel. On Wednesday, a gang of pirates fired rocket-propelled grenades at a crude tanker 350 miles (565 km) east of Socotra, an island between Yemen and Somalia, according to OceanUSlive.org. Seaborne gangs have raked in an estimated $150m (&#163;93m) in ransoms in what has become a highly organised, international criminal enterprise, say security analysts Somali pirates in December released an Italian-owned Aframax oil tanker &#8211; smaller than the Suezmax &#8211; after receiving an $11.5m (&#163;7.1m) payment. The Savina Caylyn was seized in February 2011. Despite successful efforts to quell attacks in the Gulf of Aden, international navies have struggled to contain piracy in the Indian Ocean and Arabian Sea owing to the vast distances involved. </Text>
  <Events>
    <EventMentionInfo>
      <ID>1</ID>
      <AnchorText>hijacked</AnchorText>
      <Type>Occurrence</Type>
      <Position>13</Position>
    </EventMentionInfo>
    <EventMentionInfo>
      <ID>2</ID>
      <AnchorText>attack</AnchorText>
      <Type>Occurrence</Type>
      <Position>125</Position>
    </EventMentionInfo>
    <EventMentionInfo>
      <ID>3</ID>
      <AnchorText>said</AnchorText>
      <Type>Reporting</Type>
      <Position>243</Position>
    </EventMentionInfo>
    <EventMentionInfo>
      <ID>4</ID>
      <AnchorText>lost</AnchorText>
      <Type>Occurrence</Type>
      <Position>255</Position>
    </EventMentionInfo>
    <EventMentionInfo>
      <ID>5</ID>
      <AnchorText>attack</AnchorText>
      <Type>Occurrence</Type>
      <Position>338</Position>
    </EventMentionInfo>
    <EventMentionInfo>
      <ID>6</ID>
      <AnchorText>said</AnchorText>
      <Type>Reporting</Type>
      <Position>481</Position>
    </EventMentionInfo>
    <EventMentionInfo>
      <ID>7</ID>
      <AnchorText>said</AnchorText>
      <Type>Reporting</Type>
      <Position>699</Position>
    </EventMentionInfo>
    <EventMentionInfo>
      <ID>8</ID>
      <AnchorText>heading</AnchorText>
      <Type>Occurrence</Type>
      <Position>719</Position>
    </EventMentionInfo>
    <EventMentionInfo>
      <ID>9</ID>
      <AnchorText>said</AnchorText>
      <Type>Reporting</Type>
      <Position>771</Position>
    </EventMentionInfo>
    <EventMentionInfo>
      <ID>10</ID>
      <AnchorText>sailed</AnchorText>
      <Type>Occurrence</Type>
      <Position>791</Position>
    </EventMentionInfo>
    <EventMentionInfo>
      <ID>11</ID>
      <AnchorText>reports</AnchorText>
      <Type>HalfGeneric</Type>
      <Position>832</Position>
    </EventMentionInfo>
    <EventMentionInfo>
      <ID>12</ID>
      <AnchorText>said</AnchorText>
      <Type>Reporting</Type>
      <Position>968</Position>
    </EventMentionInfo>
    <EventMentionInfo>
      <ID>13</ID>
      <AnchorText>adding</AnchorText>
      <Type>Reporting</Type>
      <Position>974</Position>
    </EventMentionInfo>
    <EventMentionInfo>
      <ID>14</ID>
      <AnchorText>said</AnchorText>
      <Type>Reporting</Type>
      <Position>1078</Position>
    </EventMentionInfo>
    <EventMentionInfo>
      <ID>15</ID>
      <AnchorText>attack</AnchorText>
      <Type>Occurrence</Type>
      <Position>1087</Position>
    </EventMentionInfo>
    <EventMentionInfo>
      <ID>16</ID>
      <AnchorText>taken</AnchorText>
      <Type>Occurrence</Type>
      <Position>1118</Position>
    </EventMentionInfo>
    <EventMentionInfo>
      <ID>17</ID>
      <AnchorText>dropped</AnchorText>
      <Type>StateChange</Type>
      <Position>1250</Position>
    </EventMentionInfo>
    <EventMentionInfo>
      <ID>18</ID>
      <AnchorText>statement</AnchorText>
      <Type>Occurrence</Type>
      <Position>1406</Position>
    </EventMentionInfo>
    <EventMentionInfo>
      <ID>19</ID>
      <AnchorText>fired</AnchorText>
      <Type>Occurrence</Type>
      <Position>1534</Position>
    </EventMentionInfo>
    <EventMentionInfo>
      <ID>20</ID>
      <AnchorText>raked</AnchorText>
      <Type>HalfGeneric</Type>
      <Position>1707</Position>
    </EventMentionInfo>
    <EventMentionInfo>
      <ID>21</ID>
      <AnchorText>say</AnchorText>
      <Type>Reporting</Type>
      <Position>1827</Position>
    </EventMentionInfo>
    <EventMentionInfo>
      <ID>22</ID>
      <AnchorText>released</AnchorText>
      <Type>Occurrence</Type>
      <Position>1876</Position>
    </EventMentionInfo>
    <EventMentionInfo>
      <ID>23</ID>
      <AnchorText>receiving</AnchorText>
      <Type>I_Action</Type>
      <Position>1956</Position>
    </EventMentionInfo>
    <EventMentionInfo>
      <ID>24</ID>
      <AnchorText>payment</AnchorText>
      <Type>Occurrence</Type>
      <Position>1984</Position>
    </EventMentionInfo>
    <EventMentionInfo>
      <ID>25</ID>
      <AnchorText>seized</AnchorText>
      <Type>Occurrence</Type>
      <Position>2015</Position>
    </EventMentionInfo>
    <EventMentionInfo>
      <ID>26</ID>
      <AnchorText>efforts</AnchorText>
      <Type>I_Action</Type>
      <Position>2059</Position>
    </EventMentionInfo>
    <EventMentionInfo>
      <ID>27</ID>
      <AnchorText>quell</AnchorText>
      <Type>I_Action</Type>
      <Position>2070</Position>
    </EventMentionInfo>
    <EventMentionInfo>
      <ID>28</ID>
      <AnchorText>attacks</AnchorText>
      <Type>HalfGeneric</Type>
      <Position>2076</Position>
    </EventMentionInfo>
    <EventMentionInfo>
      <ID>29</ID>
      <AnchorText>struggled</AnchorText>
      <Type>I_Action</Type>
      <Position>2131</Position>
    </EventMentionInfo>
  </Events>
  <Relations>
    <HierarchyRelationInfo>
      <SuperEventID>2</SuperEventID>
      <SubEventID>1</SubEventID>
      <Type>SuperSub</Type>
      <Uncertain>false</Uncertain>
    </HierarchyRelationInfo>
    <HierarchyRelationInfo>
      <SuperEventID>2</SuperEventID>
      <SubEventID>4</SubEventID>
      <Type>SuperSub</Type>
      <Uncertain>false</Uncertain>
    </HierarchyRelationInfo>
    <HierarchyRelationInfo>
      <SuperEventID>5</SuperEventID>
      <SubEventID>2</SubEventID>
      <Type>Coref</Type>
      <Uncertain>false</Uncertain>
    </HierarchyRelationInfo>
    <HierarchyRelationInfo>
      <SuperEventID>8</SuperEventID>
      <SubEventID>5</SubEventID>
      <Type>SuperSub</Type>
      <Uncertain>false</Uncertain>
    </HierarchyRelationInfo>
    <HierarchyRelationInfo>
      <SuperEventID>8</SuperEventID>
      <SubEventID>10</SubEventID>
      <Type>SuperSub</Type>
      <Uncertain>false</Uncertain>
    </HierarchyRelationInfo>
    <HierarchyRelationInfo>
      <SuperEventID>15</SuperEventID>
      <SubEventID>2</SubEventID>
      <Type>Coref</Type>
      <Uncertain>false</Uncertain>
    </HierarchyRelationInfo>
  </Relations>
</ArticleInfo>