<ArticleInfo>
  <Text>A strong 5.8-magnitude quake rocked Bulgaria shortly after 3:00 am (0000 GMT) Tuesday, Bulgaria's Seismological Institute said Tuesday. "The magnitude measured so far was 5.8 on the Richter scale with the epicentre near Sofia, between the towns of Pernik and Radomir," a spokeswoman at the institute told AFP. "We have been registering many aftershocks since then," she added. There were no immediate reports of casualties or damages but the jolt was felt very strongly on the top floors of buildings in Sofia. Residents of tall apartment buildings in Sofia said objects crashed to the ground during the tremor which lasted several minutes and was immediately followed by at least one aftershock. "Everything was shaking like crazy. I ran out shouting... I won't go back home today," teenager Maria told AFP outside her apartment building in a western Sofia neighbourhood. People, who were still sitting outside in their pyjamas over an hour after the first jolt, said they felt a new tremor around 4:30 am (0130 GMT). Civil defence chief Nikolay Nikolov said his service received many reports of toppled chimneys and cracked walls and even broken windows in the region of Pernik, some 30 kilometres (20 miles) southwest of Sofia. There were no reports of interruptions of electricity or communications. The quake comes on the heels of Sunday's 6.0-magnitude earthquake around the northern Italian city of Ferrara that killed six people and reduced homes and historic buildings to rubble. In August 2009, a 5.0 magnitude earthquake hit the Black Sea between Bulgaria and Romania to the southeast of the Kaliakra Cape, the Bulgarian seismological institute said at the time. No serious damage was reported. </Text>
  <Events>
    <EventMentionInfo>
      <ID>1</ID>
      <AnchorText>quake</AnchorText>
      <Type>Occurrence</Type>
      <Position>23</Position>
    </EventMentionInfo>
    <EventMentionInfo>
      <ID>2</ID>
      <AnchorText>rocked</AnchorText>
      <Type>Occurrence</Type>
      <Position>29</Position>
    </EventMentionInfo>
    <EventMentionInfo>
      <ID>3</ID>
      <AnchorText>said</AnchorText>
      <Type>Reporting</Type>
      <Position>122</Position>
    </EventMentionInfo>
    <EventMentionInfo>
      <ID>4</ID>
      <AnchorText>measured</AnchorText>
      <Type>Occurrence</Type>
      <Position>151</Position>
    </EventMentionInfo>
    <EventMentionInfo>
      <ID>5</ID>
      <AnchorText>told</AnchorText>
      <Type>Reporting</Type>
      <Position>300</Position>
    </EventMentionInfo>
    <EventMentionInfo>
      <ID>6</ID>
      <AnchorText>registering</AnchorText>
      <Type>I_Action</Type>
      <Position>324</Position>
    </EventMentionInfo>
    <EventMentionInfo>
      <ID>7</ID>
      <AnchorText>aftershocks</AnchorText>
      <Type>HalfGeneric</Type>
      <Position>341</Position>
    </EventMentionInfo>
    <EventMentionInfo>
      <ID>8</ID>
      <AnchorText>added</AnchorText>
      <Type>Reporting</Type>
      <Position>370</Position>
    </EventMentionInfo>
    <EventMentionInfo>
      <ID>9</ID>
      <AnchorText>jolt</AnchorText>
      <Type>Occurrence</Type>
      <Position>442</Position>
    </EventMentionInfo>
    <EventMentionInfo>
      <ID>10</ID>
      <AnchorText>felt</AnchorText>
      <Type>Perception</Type>
      <Position>451</Position>
    </EventMentionInfo>
    <EventMentionInfo>
      <ID>11</ID>
      <AnchorText>said</AnchorText>
      <Type>Reporting</Type>
      <Position>558</Position>
    </EventMentionInfo>
    <EventMentionInfo>
      <ID>12</ID>
      <AnchorText>crashed</AnchorText>
      <Type>Occurrence</Type>
      <Position>571</Position>
    </EventMentionInfo>
    <EventMentionInfo>
      <ID>13</ID>
      <AnchorText>tremor</AnchorText>
      <Type>Occurrence</Type>
      <Position>604</Position>
    </EventMentionInfo>
    <EventMentionInfo>
      <ID>14</ID>
      <AnchorText>followed</AnchorText>
      <Type>I_Action</Type>
      <Position>660</Position>
    </EventMentionInfo>
    <EventMentionInfo>
      <ID>15</ID>
      <AnchorText>aftershock</AnchorText>
      <Type>Occurrence</Type>
      <Position>685</Position>
    </EventMentionInfo>
    <EventMentionInfo>
      <ID>16</ID>
      <AnchorText>shaking</AnchorText>
      <Type>Occurrence</Type>
      <Position>713</Position>
    </EventMentionInfo>
    <EventMentionInfo>
      <ID>17</ID>
      <AnchorText>ran</AnchorText>
      <Type>I_Action</Type>
      <Position>735</Position>
    </EventMentionInfo>
    <EventMentionInfo>
      <ID>18</ID>
      <AnchorText>shouting</AnchorText>
      <Type>Occurrence</Type>
      <Position>743</Position>
    </EventMentionInfo>
    <EventMentionInfo>
      <ID>19</ID>
      <AnchorText>told</AnchorText>
      <Type>Reporting</Type>
      <Position>799</Position>
    </EventMentionInfo>
    <EventMentionInfo>
      <ID>20</ID>
      <AnchorText>jolt</AnchorText>
      <Type>Occurrence</Type>
      <Position>958</Position>
    </EventMentionInfo>
    <EventMentionInfo>
      <ID>21</ID>
      <AnchorText>said</AnchorText>
      <Type>Reporting</Type>
      <Position>964</Position>
    </EventMentionInfo>
    <EventMentionInfo>
      <ID>22</ID>
      <AnchorText>felt</AnchorText>
      <Type>I_Action</Type>
      <Position>974</Position>
    </EventMentionInfo>
    <EventMentionInfo>
      <ID>23</ID>
      <AnchorText>tremor</AnchorText>
      <Type>Occurrence</Type>
      <Position>985</Position>
    </EventMentionInfo>
    <EventMentionInfo>
      <ID>24</ID>
      <AnchorText>said</AnchorText>
      <Type>Reporting</Type>
      <Position>1055</Position>
    </EventMentionInfo>
    <EventMentionInfo>
      <ID>25</ID>
      <AnchorText>received</AnchorText>
      <Type>I_Action</Type>
      <Position>1072</Position>
    </EventMentionInfo>
    <EventMentionInfo>
      <ID>26</ID>
      <AnchorText>reports</AnchorText>
      <Type>HalfGeneric</Type>
      <Position>1086</Position>
    </EventMentionInfo>
    <EventMentionInfo>
      <ID>27</ID>
      <AnchorText>quake</AnchorText>
      <Type>Occurrence</Type>
      <Position>1308</Position>
    </EventMentionInfo>
    <EventMentionInfo>
      <ID>28</ID>
      <AnchorText>comes</AnchorText>
      <Type>Occurrence</Type>
      <Position>1314</Position>
    </EventMentionInfo>
    <EventMentionInfo>
      <ID>29</ID>
      <AnchorText>earthquake</AnchorText>
      <Type>Occurrence</Type>
      <Position>1359</Position>
    </EventMentionInfo>
    <EventMentionInfo>
      <ID>30</ID>
      <AnchorText>killed</AnchorText>
      <Type>Occurrence</Type>
      <Position>1419</Position>
    </EventMentionInfo>
    <EventMentionInfo>
      <ID>31</ID>
      <AnchorText>reduced</AnchorText>
      <Type>Occurrence</Type>
      <Position>1441</Position>
    </EventMentionInfo>
    <EventMentionInfo>
      <ID>32</ID>
      <AnchorText>earthquake</AnchorText>
      <Type>Occurrence</Type>
      <Position>1521</Position>
    </EventMentionInfo>
    <EventMentionInfo>
      <ID>33</ID>
      <AnchorText>hit</AnchorText>
      <Type>Occurrence</Type>
      <Position>1532</Position>
    </EventMentionInfo>
    <EventMentionInfo>
      <ID>34</ID>
      <AnchorText>said</AnchorText>
      <Type>Reporting</Type>
      <Position>1656</Position>
    </EventMentionInfo>
  </Events>
  <Relations>
    <HierarchyRelationInfo>
      <SuperEventID>1</SuperEventID>
      <SubEventID>2</SubEventID>
      <Type>SuperSub</Type>
      <Uncertain>false</Uncertain>
    </HierarchyRelationInfo>
    <HierarchyRelationInfo>
      <SuperEventID>1</SuperEventID>
      <SubEventID>4</SubEventID>
      <Type>SuperSub</Type>
      <Uncertain>false</Uncertain>
    </HierarchyRelationInfo>
    <HierarchyRelationInfo>
      <SuperEventID>1</SuperEventID>
      <SubEventID>9</SubEventID>
      <Type>SuperSub</Type>
      <Uncertain>false</Uncertain>
    </HierarchyRelationInfo>
    <HierarchyRelationInfo>
      <SuperEventID>9</SuperEventID>
      <SubEventID>10</SubEventID>
      <Type>SuperSub</Type>
      <Uncertain>false</Uncertain>
    </HierarchyRelationInfo>
    <HierarchyRelationInfo>
      <SuperEventID>1</SuperEventID>
      <SubEventID>12</SubEventID>
      <Type>SuperSub</Type>
      <Uncertain>false</Uncertain>
    </HierarchyRelationInfo>
    <HierarchyRelationInfo>
      <SuperEventID>1</SuperEventID>
      <SubEventID>13</SubEventID>
      <Type>Coref</Type>
      <Uncertain>false</Uncertain>
    </HierarchyRelationInfo>
    <HierarchyRelationInfo>
      <SuperEventID>7</SuperEventID>
      <SubEventID>15</SubEventID>
      <Type>SuperSub</Type>
      <Uncertain>false</Uncertain>
    </HierarchyRelationInfo>
    <HierarchyRelationInfo>
      <SuperEventID>13</SuperEventID>
      <SubEventID>16</SubEventID>
      <Type>SuperSub</Type>
      <Uncertain>false</Uncertain>
    </HierarchyRelationInfo>
    <HierarchyRelationInfo>
      <SuperEventID>16</SuperEventID>
      <SubEventID>18</SubEventID>
      <Type>SuperSub</Type>
      <Uncertain>false</Uncertain>
    </HierarchyRelationInfo>
    <HierarchyRelationInfo>
      <SuperEventID>20</SuperEventID>
      <SubEventID>9</SubEventID>
      <Type>Coref</Type>
      <Uncertain>false</Uncertain>
    </HierarchyRelationInfo>
    <HierarchyRelationInfo>
      <SuperEventID>7</SuperEventID>
      <SubEventID>23</SubEventID>
      <Type>SuperSub</Type>
      <Uncertain>false</Uncertain>
    </HierarchyRelationInfo>
    <HierarchyRelationInfo>
      <SuperEventID>15</SuperEventID>
      <SubEventID>23</SubEventID>
      <Type>Coref</Type>
      <Uncertain>false</Uncertain>
    </HierarchyRelationInfo>
    <HierarchyRelationInfo>
      <SuperEventID>27</SuperEventID>
      <SubEventID>1</SubEventID>
      <Type>Coref</Type>
      <Uncertain>false</Uncertain>
    </HierarchyRelationInfo>
    <HierarchyRelationInfo>
      <SuperEventID>29</SuperEventID>
      <SubEventID>30</SubEventID>
      <Type>SuperSub</Type>
      <Uncertain>false</Uncertain>
    </HierarchyRelationInfo>
    <HierarchyRelationInfo>
      <SuperEventID>29</SuperEventID>
      <SubEventID>31</SubEventID>
      <Type>SuperSub</Type>
      <Uncertain>false</Uncertain>
    </HierarchyRelationInfo>
  </Relations>
</ArticleInfo>