<ArticleInfo>
  <Text>AFP - An Israeli air strike against a car in Gaza City on Thursday killed at least two Palestinians and wounded two others, Palestinian medical and security sources said. The Israeli army had no immediate comment on the reported strike, which Palestinian security sources said was carried out by an Israeli drone. "The remains of two Palestinians were brought to Shifa hospital in Gaza City and two others were injured in the raid, which targeted a civilian car," medical sources told AFP. The strike came a day after Israeli warplanes carried out twin raids targeting what the military said was a Palestinian militant cell planning to launch rockets into Israel. The strikes killed one Palestinian militant and wounded two others in an area east of the Zeitun neighbourhood, the Islamic Jihad movement said. Israel frequently targets militants it says are about to launch rockets into the Jewish state, or bombs Gaza in response to such rocket fire, but it also carries out targeted attacks against members of Gaza militant groups. On September 7, an Israeli air strike against a car travelling near Deir al-Balah in central Gaza killed a member of the Quds Bridge, Islamic Jihad's military wing. </Text>
  <Events>
    <EventMentionInfo>
      <ID>1</ID>
      <AnchorText>strike</AnchorText>
      <Type>Occurrence</Type>
      <Position>21</Position>
    </EventMentionInfo>
    <EventMentionInfo>
      <ID>2</ID>
      <AnchorText>killed</AnchorText>
      <Type>Occurrence</Type>
      <Position>67</Position>
    </EventMentionInfo>
    <EventMentionInfo>
      <ID>3</ID>
      <AnchorText>wounded</AnchorText>
      <Type>Occurrence</Type>
      <Position>104</Position>
    </EventMentionInfo>
    <EventMentionInfo>
      <ID>4</ID>
      <AnchorText>said</AnchorText>
      <Type>Reporting</Type>
      <Position>165</Position>
    </EventMentionInfo>
    <EventMentionInfo>
      <ID>5</ID>
      <AnchorText>strike</AnchorText>
      <Type>Occurrence</Type>
      <Position>229</Position>
    </EventMentionInfo>
    <EventMentionInfo>
      <ID>6</ID>
      <AnchorText>said</AnchorText>
      <Type>Reporting</Type>
      <Position>272</Position>
    </EventMentionInfo>
    <EventMentionInfo>
      <ID>7</ID>
      <AnchorText>carried</AnchorText>
      <Type>I_Action</Type>
      <Position>281</Position>
    </EventMentionInfo>
    <EventMentionInfo>
      <ID>8</ID>
      <AnchorText>brought</AnchorText>
      <Type>Occurrence</Type>
      <Position>352</Position>
    </EventMentionInfo>
    <EventMentionInfo>
      <ID>9</ID>
      <AnchorText>injured</AnchorText>
      <Type>Occurrence</Type>
      <Position>411</Position>
    </EventMentionInfo>
    <EventMentionInfo>
      <ID>10</ID>
      <AnchorText>raid</AnchorText>
      <Type>Occurrence</Type>
      <Position>426</Position>
    </EventMentionInfo>
    <EventMentionInfo>
      <ID>11</ID>
      <AnchorText>told</AnchorText>
      <Type>Reporting</Type>
      <Position>480</Position>
    </EventMentionInfo>
    <EventMentionInfo>
      <ID>12</ID>
      <AnchorText>strike</AnchorText>
      <Type>Occurrence</Type>
      <Position>494</Position>
    </EventMentionInfo>
    <EventMentionInfo>
      <ID>13</ID>
      <AnchorText>carried</AnchorText>
      <Type>I_Action</Type>
      <Position>536</Position>
    </EventMentionInfo>
    <EventMentionInfo>
      <ID>14</ID>
      <AnchorText>raids</AnchorText>
      <Type>Occurrence</Type>
      <Position>553</Position>
    </EventMentionInfo>
    <EventMentionInfo>
      <ID>15</ID>
      <AnchorText>said</AnchorText>
      <Type>Reporting</Type>
      <Position>587</Position>
    </EventMentionInfo>
    <EventMentionInfo>
      <ID>16</ID>
      <AnchorText>strikes</AnchorText>
      <Type>Occurrence</Type>
      <Position>668</Position>
    </EventMentionInfo>
    <EventMentionInfo>
      <ID>17</ID>
      <AnchorText>killed</AnchorText>
      <Type>Occurrence</Type>
      <Position>676</Position>
    </EventMentionInfo>
    <EventMentionInfo>
      <ID>18</ID>
      <AnchorText>wounded</AnchorText>
      <Type>Occurrence</Type>
      <Position>712</Position>
    </EventMentionInfo>
    <EventMentionInfo>
      <ID>19</ID>
      <AnchorText>said</AnchorText>
      <Type>Reporting</Type>
      <Position>803</Position>
    </EventMentionInfo>
    <EventMentionInfo>
      <ID>20</ID>
      <AnchorText>strike</AnchorText>
      <Type>Occurrence</Type>
      <Position>1064</Position>
    </EventMentionInfo>
    <EventMentionInfo>
      <ID>21</ID>
      <AnchorText>travelling</AnchorText>
      <Type>Occurrence</Type>
      <Position>1085</Position>
    </EventMentionInfo>
    <EventMentionInfo>
      <ID>22</ID>
      <AnchorText>killed</AnchorText>
      <Type>Occurrence</Type>
      <Position>1131</Position>
    </EventMentionInfo>
  </Events>
  <Relations>
    <HierarchyRelationInfo>
      <SuperEventID>1</SuperEventID>
      <SubEventID>2</SubEventID>
      <Type>SuperSub</Type>
      <Uncertain>false</Uncertain>
    </HierarchyRelationInfo>
    <HierarchyRelationInfo>
      <SuperEventID>1</SuperEventID>
      <SubEventID>3</SubEventID>
      <Type>SuperSub</Type>
      <Uncertain>false</Uncertain>
    </HierarchyRelationInfo>
    <HierarchyRelationInfo>
      <SuperEventID>1</SuperEventID>
      <SubEventID>5</SubEventID>
      <Type>Coref</Type>
      <Uncertain>false</Uncertain>
    </HierarchyRelationInfo>
    <HierarchyRelationInfo>
      <SuperEventID>3</SuperEventID>
      <SubEventID>9</SubEventID>
      <Type>Coref</Type>
      <Uncertain>false</Uncertain>
    </HierarchyRelationInfo>
    <HierarchyRelationInfo>
      <SuperEventID>10</SuperEventID>
      <SubEventID>5</SubEventID>
      <Type>Coref</Type>
      <Uncertain>false</Uncertain>
    </HierarchyRelationInfo>
    <HierarchyRelationInfo>
      <SuperEventID>10</SuperEventID>
      <SubEventID>12</SubEventID>
      <Type>Coref</Type>
      <Uncertain>false</Uncertain>
    </HierarchyRelationInfo>
    <HierarchyRelationInfo>
      <SuperEventID>14</SuperEventID>
      <SubEventID>16</SubEventID>
      <Type>Coref</Type>
      <Uncertain>false</Uncertain>
    </HierarchyRelationInfo>
    <HierarchyRelationInfo>
      <SuperEventID>16</SuperEventID>
      <SubEventID>17</SubEventID>
      <Type>SuperSub</Type>
      <Uncertain>false</Uncertain>
    </HierarchyRelationInfo>
    <HierarchyRelationInfo>
      <SuperEventID>16</SuperEventID>
      <SubEventID>18</SubEventID>
      <Type>SuperSub</Type>
      <Uncertain>false</Uncertain>
    </HierarchyRelationInfo>
    <HierarchyRelationInfo>
      <SuperEventID>21</SuperEventID>
      <SubEventID>20</SubEventID>
      <Type>SuperSub</Type>
      <Uncertain>false</Uncertain>
    </HierarchyRelationInfo>
    <HierarchyRelationInfo>
      <SuperEventID>20</SuperEventID>
      <SubEventID>22</SubEventID>
      <Type>SuperSub</Type>
      <Uncertain>false</Uncertain>
    </HierarchyRelationInfo>
  </Relations>
</ArticleInfo>