<ArticleInfo>
  <Text>Fierce clashes between Syrian regime forces and armed rebels in the central city of Rastan on Monday left at least 23 soldiers dead and dozens wounded, the Syrian Observatory for Human Rights said. The Britain-based monitoring group said initial reports indicated that three troop carriers were destroyed in the clashes that began at dawn on the outskirts of the rebel-held city, located in Homs province. A lieutenant who had defected was also killed in the clashes. Regime forces launched an offensive on Rastan at the weekend but met with sharp resistance from rebels seeking the ouster of the regime of President Bashar al-Assad. The Observatory said dozens had been wounded in shelling of the city by Syrian troops. The bombardment by regime forces resumed following the deadly clashes, it added. In Quraya in the eastern province of Deir Ezzor, a 15-year-old boy was killed by machinegun fire as regime forces raided the town, the Observatory said, bringing the total number of people killed on Monday to 25. The watchdog added that 15 residents of the city were arrested. And in the capital Damascus, regime forces raided the neighborhood of Qaboon, while snipers were stationed on the roofs of some buildings. The watchdog said 45 people &#8212; 25 civilians, 15 soldiers and five rebels &#8212; were killed in a surge of violence in various flashpoints on Sunday, despite a ceasefire brokered by UN-Arab League peace envoy Kofi Annan that was supposed to take effect on April 12. Among the dead were a Shiite imam, Sheikh Abbas al-Laham, who leads the prayers in the Ruqayya mosque in Damascus, a revered place of pilgrimage for many religious Iranians. The cleric was assassinated by unidentified gunmen in Damascus, the Observatory said. Iran supports the Damascus regime, which since 15 March 2011 has faced an unprecedented popular revolt. More than 12,000 people, the majority of them civilians, have died since the Syrian uprising began in March 2011, according to the watchdog, including more than 900 killed since the April 12 truce. </Text>
  <Events>
    <EventMentionInfo>
      <ID>1</ID>
      <AnchorText>clashes</AnchorText>
      <Type>Occurrence</Type>
      <Position>7</Position>
    </EventMentionInfo>
    <EventMentionInfo>
      <ID>2</ID>
      <AnchorText>left</AnchorText>
      <Type>I_Action</Type>
      <Position>101</Position>
    </EventMentionInfo>
    <EventMentionInfo>
      <ID>3</ID>
      <AnchorText>wounded</AnchorText>
      <Type>Occurrence</Type>
      <Position>143</Position>
    </EventMentionInfo>
    <EventMentionInfo>
      <ID>4</ID>
      <AnchorText>said</AnchorText>
      <Type>Reporting</Type>
      <Position>192</Position>
    </EventMentionInfo>
    <EventMentionInfo>
      <ID>5</ID>
      <AnchorText>said</AnchorText>
      <Type>Reporting</Type>
      <Position>233</Position>
    </EventMentionInfo>
    <EventMentionInfo>
      <ID>6</ID>
      <AnchorText>reports</AnchorText>
      <Type>Reporting</Type>
      <Position>246</Position>
    </EventMentionInfo>
    <EventMentionInfo>
      <ID>7</ID>
      <AnchorText>indicated</AnchorText>
      <Type>I_Action</Type>
      <Position>254</Position>
    </EventMentionInfo>
    <EventMentionInfo>
      <ID>8</ID>
      <AnchorText>destroyed</AnchorText>
      <Type>Occurrence</Type>
      <Position>295</Position>
    </EventMentionInfo>
    <EventMentionInfo>
      <ID>9</ID>
      <AnchorText>clashes</AnchorText>
      <Type>Occurrence</Type>
      <Position>312</Position>
    </EventMentionInfo>
    <EventMentionInfo>
      <ID>10</ID>
      <AnchorText>began</AnchorText>
      <Type>Occurrence</Type>
      <Position>325</Position>
    </EventMentionInfo>
    <EventMentionInfo>
      <ID>11</ID>
      <AnchorText>defected</AnchorText>
      <Type>Occurrence</Type>
      <Position>427</Position>
    </EventMentionInfo>
    <EventMentionInfo>
      <ID>12</ID>
      <AnchorText>killed</AnchorText>
      <Type>Occurrence</Type>
      <Position>445</Position>
    </EventMentionInfo>
    <EventMentionInfo>
      <ID>13</ID>
      <AnchorText>clashes</AnchorText>
      <Type>Occurrence</Type>
      <Position>459</Position>
    </EventMentionInfo>
    <EventMentionInfo>
      <ID>14</ID>
      <AnchorText>launched</AnchorText>
      <Type>I_Action</Type>
      <Position>482</Position>
    </EventMentionInfo>
    <EventMentionInfo>
      <ID>15</ID>
      <AnchorText>offensive</AnchorText>
      <Type>Occurrence</Type>
      <Position>494</Position>
    </EventMentionInfo>
    <EventMentionInfo>
      <ID>16</ID>
      <AnchorText>met</AnchorText>
      <Type>I_Action</Type>
      <Position>533</Position>
    </EventMentionInfo>
    <EventMentionInfo>
      <ID>17</ID>
      <AnchorText>resistance</AnchorText>
      <Type>Occurrence</Type>
      <Position>548</Position>
    </EventMentionInfo>
    <EventMentionInfo>
      <ID>18</ID>
      <AnchorText>seeking</AnchorText>
      <Type>I_Action</Type>
      <Position>571</Position>
    </EventMentionInfo>
    <EventMentionInfo>
      <ID>19</ID>
      <AnchorText>said</AnchorText>
      <Type>Reporting</Type>
      <Position>650</Position>
    </EventMentionInfo>
    <EventMentionInfo>
      <ID>20</ID>
      <AnchorText>wounded</AnchorText>
      <Type>Occurrence</Type>
      <Position>671</Position>
    </EventMentionInfo>
    <EventMentionInfo>
      <ID>21</ID>
      <AnchorText>shelling</AnchorText>
      <Type>Occurrence</Type>
      <Position>682</Position>
    </EventMentionInfo>
    <EventMentionInfo>
      <ID>22</ID>
      <AnchorText>bombardment</AnchorText>
      <Type>Occurrence</Type>
      <Position>725</Position>
    </EventMentionInfo>
    <EventMentionInfo>
      <ID>23</ID>
      <AnchorText>resumed</AnchorText>
      <Type>Occurrence</Type>
      <Position>754</Position>
    </EventMentionInfo>
    <EventMentionInfo>
      <ID>24</ID>
      <AnchorText>clashes</AnchorText>
      <Type>Occurrence</Type>
      <Position>783</Position>
    </EventMentionInfo>
    <EventMentionInfo>
      <ID>25</ID>
      <AnchorText>added</AnchorText>
      <Type>Reporting</Type>
      <Position>795</Position>
    </EventMentionInfo>
    <EventMentionInfo>
      <ID>26</ID>
      <AnchorText>killed</AnchorText>
      <Type>Occurrence</Type>
      <Position>873</Position>
    </EventMentionInfo>
    <EventMentionInfo>
      <ID>27</ID>
      <AnchorText>fire</AnchorText>
      <Type>Occurrence</Type>
      <Position>894</Position>
    </EventMentionInfo>
    <EventMentionInfo>
      <ID>28</ID>
      <AnchorText>raided</AnchorText>
      <Type>Occurrence</Type>
      <Position>916</Position>
    </EventMentionInfo>
    <EventMentionInfo>
      <ID>29</ID>
      <AnchorText>said</AnchorText>
      <Type>Reporting</Type>
      <Position>949</Position>
    </EventMentionInfo>
    <EventMentionInfo>
      <ID>30</ID>
      <AnchorText>killed</AnchorText>
      <Type>Occurrence</Type>
      <Position>991</Position>
    </EventMentionInfo>
    <EventMentionInfo>
      <ID>31</ID>
      <AnchorText>added</AnchorText>
      <Type>Reporting</Type>
      <Position>1028</Position>
    </EventMentionInfo>
    <EventMentionInfo>
      <ID>32</ID>
      <AnchorText>arrested</AnchorText>
      <Type>Occurrence</Type>
      <Position>1069</Position>
    </EventMentionInfo>
    <EventMentionInfo>
      <ID>33</ID>
      <AnchorText>raided</AnchorText>
      <Type>Occurrence</Type>
      <Position>1122</Position>
    </EventMentionInfo>
    <EventMentionInfo>
      <ID>34</ID>
      <AnchorText>stationed</AnchorText>
      <Type>Occurrence</Type>
      <Position>1176</Position>
    </EventMentionInfo>
    <EventMentionInfo>
      <ID>35</ID>
      <AnchorText>said</AnchorText>
      <Type>Reporting</Type>
      <Position>1231</Position>
    </EventMentionInfo>
    <EventMentionInfo>
      <ID>36</ID>
      <AnchorText>killed</AnchorText>
      <Type>Occurrence</Type>
      <Position>1297</Position>
    </EventMentionInfo>
    <EventMentionInfo>
      <ID>37</ID>
      <AnchorText>surge</AnchorText>
      <Type>I_Action</Type>
      <Position>1309</Position>
    </EventMentionInfo>
    <EventMentionInfo>
      <ID>38</ID>
      <AnchorText>violence</AnchorText>
      <Type>Occurrence</Type>
      <Position>1318</Position>
    </EventMentionInfo>
    <EventMentionInfo>
      <ID>39</ID>
      <AnchorText>ceasefire</AnchorText>
      <Type>Occurrence</Type>
      <Position>1371</Position>
    </EventMentionInfo>
    <EventMentionInfo>
      <ID>40</ID>
      <AnchorText>brokered</AnchorText>
      <Type>I_Action</Type>
      <Position>1381</Position>
    </EventMentionInfo>
    <EventMentionInfo>
      <ID>41</ID>
      <AnchorText>assassinated</AnchorText>
      <Type>Occurrence</Type>
      <Position>1666</Position>
    </EventMentionInfo>
    <EventMentionInfo>
      <ID>42</ID>
      <AnchorText>said</AnchorText>
      <Type>Reporting</Type>
      <Position>1731</Position>
    </EventMentionInfo>
    <EventMentionInfo>
      <ID>43</ID>
      <AnchorText>faced</AnchorText>
      <Type>I_Action</Type>
      <Position>1802</Position>
    </EventMentionInfo>
    <EventMentionInfo>
      <ID>44</ID>
      <AnchorText>revolt</AnchorText>
      <Type>Occurrence</Type>
      <Position>1833</Position>
    </EventMentionInfo>
    <EventMentionInfo>
      <ID>45</ID>
      <AnchorText>died</AnchorText>
      <Type>Occurrence</Type>
      <Position>1903</Position>
    </EventMentionInfo>
    <EventMentionInfo>
      <ID>46</ID>
      <AnchorText>uprising</AnchorText>
      <Type>Occurrence</Type>
      <Position>1925</Position>
    </EventMentionInfo>
    <EventMentionInfo>
      <ID>47</ID>
      <AnchorText>began</AnchorText>
      <Type>Occurrence</Type>
      <Position>1934</Position>
    </EventMentionInfo>
    <EventMentionInfo>
      <ID>48</ID>
      <AnchorText>killed</AnchorText>
      <Type>HalfGeneric</Type>
      <Position>2006</Position>
    </EventMentionInfo>
    <EventMentionInfo>
      <ID>49</ID>
      <AnchorText>truce</AnchorText>
      <Type>Occurrence</Type>
      <Position>2032</Position>
    </EventMentionInfo>
  </Events>
  <Relations>
    <HierarchyRelationInfo>
      <SuperEventID>9</SuperEventID>
      <SubEventID>1</SubEventID>
      <Type>Coref</Type>
      <Uncertain>false</Uncertain>
    </HierarchyRelationInfo>
    <HierarchyRelationInfo>
      <SuperEventID>9</SuperEventID>
      <SubEventID>10</SubEventID>
      <Type>SuperSub</Type>
      <Uncertain>false</Uncertain>
    </HierarchyRelationInfo>
    <HierarchyRelationInfo>
      <SuperEventID>13</SuperEventID>
      <SubEventID>9</SubEventID>
      <Type>Coref</Type>
      <Uncertain>false</Uncertain>
    </HierarchyRelationInfo>
    <HierarchyRelationInfo>
      <SuperEventID>1</SuperEventID>
      <SubEventID>3</SubEventID>
      <Type>SuperSub</Type>
      <Uncertain>false</Uncertain>
    </HierarchyRelationInfo>
    <HierarchyRelationInfo>
      <SuperEventID>9</SuperEventID>
      <SubEventID>8</SubEventID>
      <Type>SuperSub</Type>
      <Uncertain>false</Uncertain>
    </HierarchyRelationInfo>
    <HierarchyRelationInfo>
      <SuperEventID>13</SuperEventID>
      <SubEventID>12</SubEventID>
      <Type>SuperSub</Type>
      <Uncertain>false</Uncertain>
    </HierarchyRelationInfo>
    <HierarchyRelationInfo>
      <SuperEventID>21</SuperEventID>
      <SubEventID>20</SubEventID>
      <Type>SuperSub</Type>
      <Uncertain>false</Uncertain>
    </HierarchyRelationInfo>
    <HierarchyRelationInfo>
      <SuperEventID>21</SuperEventID>
      <SubEventID>22</SubEventID>
      <Type>Coref</Type>
      <Uncertain>false</Uncertain>
    </HierarchyRelationInfo>
    <HierarchyRelationInfo>
      <SuperEventID>22</SuperEventID>
      <SubEventID>23</SubEventID>
      <Type>SuperSub</Type>
      <Uncertain>false</Uncertain>
    </HierarchyRelationInfo>
    <HierarchyRelationInfo>
      <SuperEventID>24</SuperEventID>
      <SubEventID>13</SubEventID>
      <Type>Coref</Type>
      <Uncertain>false</Uncertain>
    </HierarchyRelationInfo>
    <HierarchyRelationInfo>
      <SuperEventID>15</SuperEventID>
      <SubEventID>21</SubEventID>
      <Type>SuperSub</Type>
      <Uncertain>false</Uncertain>
    </HierarchyRelationInfo>
    <HierarchyRelationInfo>
      <SuperEventID>15</SuperEventID>
      <SubEventID>13</SubEventID>
      <Type>SuperSub</Type>
      <Uncertain>false</Uncertain>
    </HierarchyRelationInfo>
    <HierarchyRelationInfo>
      <SuperEventID>13</SuperEventID>
      <SubEventID>17</SubEventID>
      <Type>Coref</Type>
      <Uncertain>false</Uncertain>
    </HierarchyRelationInfo>
    <HierarchyRelationInfo>
      <SuperEventID>28</SuperEventID>
      <SubEventID>27</SubEventID>
      <Type>SuperSub</Type>
      <Uncertain>false</Uncertain>
    </HierarchyRelationInfo>
    <HierarchyRelationInfo>
      <SuperEventID>27</SuperEventID>
      <SubEventID>26</SubEventID>
      <Type>SuperSub</Type>
      <Uncertain>false</Uncertain>
    </HierarchyRelationInfo>
    <HierarchyRelationInfo>
      <SuperEventID>28</SuperEventID>
      <SubEventID>32</SubEventID>
      <Type>SuperSub</Type>
      <Uncertain>false</Uncertain>
    </HierarchyRelationInfo>
    <HierarchyRelationInfo>
      <SuperEventID>33</SuperEventID>
      <SubEventID>34</SubEventID>
      <Type>SuperSub</Type>
      <Uncertain>false</Uncertain>
    </HierarchyRelationInfo>
    <HierarchyRelationInfo>
      <SuperEventID>38</SuperEventID>
      <SubEventID>36</SubEventID>
      <Type>SuperSub</Type>
      <Uncertain>false</Uncertain>
    </HierarchyRelationInfo>
    <HierarchyRelationInfo>
      <SuperEventID>39</SuperEventID>
      <SubEventID>49</SubEventID>
      <Type>Coref</Type>
      <Uncertain>false</Uncertain>
    </HierarchyRelationInfo>
    <HierarchyRelationInfo>
      <SuperEventID>38</SuperEventID>
      <SubEventID>41</SubEventID>
      <Type>SuperSub</Type>
      <Uncertain>false</Uncertain>
    </HierarchyRelationInfo>
    <HierarchyRelationInfo>
      <SuperEventID>44</SuperEventID>
      <SubEventID>46</SubEventID>
      <Type>Coref</Type>
      <Uncertain>false</Uncertain>
    </HierarchyRelationInfo>
    <HierarchyRelationInfo>
      <SuperEventID>46</SuperEventID>
      <SubEventID>47</SubEventID>
      <Type>SuperSub</Type>
      <Uncertain>false</Uncertain>
    </HierarchyRelationInfo>
    <HierarchyRelationInfo>
      <SuperEventID>46</SuperEventID>
      <SubEventID>45</SubEventID>
      <Type>SuperSub</Type>
      <Uncertain>false</Uncertain>
    </HierarchyRelationInfo>
    <HierarchyRelationInfo>
      <SuperEventID>45</SuperEventID>
      <SubEventID>48</SubEventID>
      <Type>SuperSub</Type>
      <Uncertain>false</Uncertain>
    </HierarchyRelationInfo>
    <HierarchyRelationInfo>
      <SuperEventID>44</SuperEventID>
      <SubEventID>1</SubEventID>
      <Type>SuperSub</Type>
      <Uncertain>false</Uncertain>
    </HierarchyRelationInfo>
    <HierarchyRelationInfo>
      <SuperEventID>44</SuperEventID>
      <SubEventID>38</SubEventID>
      <Type>SuperSub</Type>
      <Uncertain>false</Uncertain>
    </HierarchyRelationInfo>
    <HierarchyRelationInfo>
      <SuperEventID>44</SuperEventID>
      <SubEventID>39</SubEventID>
      <Type>SuperSub</Type>
      <Uncertain>false</Uncertain>
    </HierarchyRelationInfo>
    <HierarchyRelationInfo>
      <SuperEventID>44</SuperEventID>
      <SubEventID>28</SubEventID>
      <Type>SuperSub</Type>
      <Uncertain>false</Uncertain>
    </HierarchyRelationInfo>
    <HierarchyRelationInfo>
      <SuperEventID>48</SuperEventID>
      <SubEventID>30</SubEventID>
      <Type>SuperSub</Type>
      <Uncertain>false</Uncertain>
    </HierarchyRelationInfo>
    <HierarchyRelationInfo>
      <SuperEventID>48</SuperEventID>
      <SubEventID>15</SubEventID>
      <Type>SuperSub</Type>
      <Uncertain>false</Uncertain>
    </HierarchyRelationInfo>
  </Relations>
</ArticleInfo>