<ArticleInfo>
  <Text>JPMorgan had informed the UK's Financial Services Authority (FSA) of the situation, but this was a regulatory requirement and there was no indication at this stage that the regulator would take any action, a source familiar with the situation said. In a Securities and Exchange Commission filing, JPMorgan reported that since the end of March, its chief investment office has had significant mark-to-market losses in its synthetic credit portfolio. While other gains partially offset the trading loss, the bank estimates the business unit will post a loss of $800 million in the current quarter, excluding private equity results and litigation expenses. The bank previously forecast the unit would make a profit of about $200 million. "It could cost us as much as $1 billion or more," in addition to the loss estimated so far, Dimon said. The dollar loss, though, could be less significant than the hit to Dimon and the reputation of a bank which was strong enough to take over investment bank Bear Stearns and consumer bank Washington Mutual when they collapsed in 2008. JPMorgan had $2.32 trillion of assets supported by $190 billion of shareholder equity at the end of March &#8212; an equity ratio of almost 13%. That is four times the industry mean and ahead of 10-11% at Citigroup and Bank of America Corp. JPMorgan has been earning more than $4 billion each quarter, on average, for the past two years. "Jamie has always styled himself as one of the kings of Wall Street," said Nancy Bush, a longtime bank analyst and contributing editor at SNL Financial. "I don't know how this went so bad so quickly with his knowledge and aversion to risk." Ekta Kapoor files case against Dirty Picture remake</Text>
  <Events>
    <EventMentionInfo>
      <ID>1</ID>
      <AnchorText>informed</AnchorText>
      <Type>Occurrence</Type>
      <Position>13</Position>
    </EventMentionInfo>
    <EventMentionInfo>
      <ID>2</ID>
      <AnchorText>said</AnchorText>
      <Type>Reporting</Type>
      <Position>243</Position>
    </EventMentionInfo>
    <EventMentionInfo>
      <ID>3</ID>
      <AnchorText>filing</AnchorText>
      <Type>Occurrence</Type>
      <Position>289</Position>
    </EventMentionInfo>
    <EventMentionInfo>
      <ID>4</ID>
      <AnchorText>reported</AnchorText>
      <Type>Reporting</Type>
      <Position>306</Position>
    </EventMentionInfo>
    <EventMentionInfo>
      <ID>5</ID>
      <AnchorText>losses</AnchorText>
      <Type>HalfGeneric</Type>
      <Position>407</Position>
    </EventMentionInfo>
    <EventMentionInfo>
      <ID>6</ID>
      <AnchorText>gains</AnchorText>
      <Type>HalfGeneric</Type>
      <Position>461</Position>
    </EventMentionInfo>
    <EventMentionInfo>
      <ID>7</ID>
      <AnchorText>offset</AnchorText>
      <Type>I_Action</Type>
      <Position>477</Position>
    </EventMentionInfo>
    <EventMentionInfo>
      <ID>8</ID>
      <AnchorText>loss</AnchorText>
      <Type>Occurrence</Type>
      <Position>496</Position>
    </EventMentionInfo>
    <EventMentionInfo>
      <ID>9</ID>
      <AnchorText>estimates</AnchorText>
      <Type>Occurrence</Type>
      <Position>511</Position>
    </EventMentionInfo>
    <EventMentionInfo>
      <ID>10</ID>
      <AnchorText>loss</AnchorText>
      <Type>Occurrence</Type>
      <Position>551</Position>
    </EventMentionInfo>
    <EventMentionInfo>
      <ID>11</ID>
      <AnchorText>forecast</AnchorText>
      <Type>Occurrence</Type>
      <Position>674</Position>
    </EventMentionInfo>
    <EventMentionInfo>
      <ID>12</ID>
      <AnchorText>loss</AnchorText>
      <Type>Occurrence</Type>
      <Position>804</Position>
    </EventMentionInfo>
    <EventMentionInfo>
      <ID>13</ID>
      <AnchorText>said</AnchorText>
      <Type>Reporting</Type>
      <Position>833</Position>
    </EventMentionInfo>
    <EventMentionInfo>
      <ID>14</ID>
      <AnchorText>loss</AnchorText>
      <Type>Occurrence</Type>
      <Position>850</Position>
    </EventMentionInfo>
    <EventMentionInfo>
      <ID>15</ID>
      <AnchorText>hit</AnchorText>
      <Type>Occurrence</Type>
      <Position>899</Position>
    </EventMentionInfo>
    <EventMentionInfo>
      <ID>16</ID>
      <AnchorText>take</AnchorText>
      <Type>Occurrence</Type>
      <Position>968</Position>
    </EventMentionInfo>
    <EventMentionInfo>
      <ID>17</ID>
      <AnchorText>collapsed</AnchorText>
      <Type>Occurrence</Type>
      <Position>1053</Position>
    </EventMentionInfo>
    <EventMentionInfo>
      <ID>18</ID>
      <AnchorText>said</AnchorText>
      <Type>Reporting</Type>
      <Position>1474</Position>
    </EventMentionInfo>
    <EventMentionInfo>
      <ID>19</ID>
      <AnchorText>went</AnchorText>
      <Type>Occurrence</Type>
      <Position>1580</Position>
    </EventMentionInfo>
    <EventMentionInfo>
      <ID>20</ID>
      <AnchorText>files</AnchorText>
      <Type>Occurrence</Type>
      <Position>1657</Position>
    </EventMentionInfo>
  </Events>
  <Relations>
    <HierarchyRelationInfo>
      <SuperEventID>5</SuperEventID>
      <SubEventID>8</SubEventID>
      <Type>Coref</Type>
      <Uncertain>false</Uncertain>
    </HierarchyRelationInfo>
    <HierarchyRelationInfo>
      <SuperEventID>10</SuperEventID>
      <SubEventID>8</SubEventID>
      <Type>Coref</Type>
      <Uncertain>false</Uncertain>
    </HierarchyRelationInfo>
    <HierarchyRelationInfo>
      <SuperEventID>12</SuperEventID>
      <SubEventID>10</SubEventID>
      <Type>Coref</Type>
      <Uncertain>false</Uncertain>
    </HierarchyRelationInfo>
    <HierarchyRelationInfo>
      <SuperEventID>12</SuperEventID>
      <SubEventID>14</SubEventID>
      <Type>Coref</Type>
      <Uncertain>false</Uncertain>
    </HierarchyRelationInfo>
    <HierarchyRelationInfo>
      <SuperEventID>3</SuperEventID>
      <SubEventID>1</SubEventID>
      <Type>SuperSub</Type>
      <Uncertain>false</Uncertain>
    </HierarchyRelationInfo>
    <HierarchyRelationInfo>
      <SuperEventID>3</SuperEventID>
      <SubEventID>9</SubEventID>
      <Type>SuperSub</Type>
      <Uncertain>false</Uncertain>
    </HierarchyRelationInfo>
    <HierarchyRelationInfo>
      <SuperEventID>14</SuperEventID>
      <SubEventID>15</SubEventID>
      <Type>SuperSub</Type>
      <Uncertain>false</Uncertain>
    </HierarchyRelationInfo>
  </Relations>
</ArticleInfo>