<ArticleInfo>
  <Text>As part of an operation involving the Garda National Drugs Unit, Gardai from the Kilkenny Division and Regional Support Units a search was carried out at double warehouse in Kildalton, Piltown, Co. Kilkenny, this evening. During the search two Cannabis grow houses were discovered. Cannabis plants at various stages of growth and Herbal Cannabis with a combined estimated street value of &#8364;3 million (subject to analysis) have been seized. Three males aged in their 30s were arrested at the scene and are currently detained under Section 2 of the Criminal Justice (Drug Trafficking) Act, 1996, at Thomastown and Kilkenny Garda Stations. </Text>
  <Events>
    <EventMentionInfo>
      <ID>1</ID>
      <AnchorText>operation</AnchorText>
      <Type>Occurrence</Type>
      <Position>14</Position>
    </EventMentionInfo>
    <EventMentionInfo>
      <ID>2</ID>
      <AnchorText>search</AnchorText>
      <Type>Occurrence</Type>
      <Position>128</Position>
    </EventMentionInfo>
    <EventMentionInfo>
      <ID>3</ID>
      <AnchorText>carried</AnchorText>
      <Type>I_Action</Type>
      <Position>139</Position>
    </EventMentionInfo>
    <EventMentionInfo>
      <ID>4</ID>
      <AnchorText>search</AnchorText>
      <Type>Occurrence</Type>
      <Position>233</Position>
    </EventMentionInfo>
    <EventMentionInfo>
      <ID>5</ID>
      <AnchorText>discovered</AnchorText>
      <Type>Occurrence</Type>
      <Position>270</Position>
    </EventMentionInfo>
    <EventMentionInfo>
      <ID>6</ID>
      <AnchorText>seized</AnchorText>
      <Type>Occurrence</Type>
      <Position>431</Position>
    </EventMentionInfo>
    <EventMentionInfo>
      <ID>7</ID>
      <AnchorText>arrested</AnchorText>
      <Type>Occurrence</Type>
      <Position>474</Position>
    </EventMentionInfo>
    <EventMentionInfo>
      <ID>8</ID>
      <AnchorText>detained</AnchorText>
      <Type>Occurrence</Type>
      <Position>514</Position>
    </EventMentionInfo>
  </Events>
  <Relations>
    <HierarchyRelationInfo>
      <SuperEventID>1</SuperEventID>
      <SubEventID>2</SubEventID>
      <Type>SuperSub</Type>
      <Uncertain>false</Uncertain>
      <Transitive>false</Transitive>
    </HierarchyRelationInfo>
    <HierarchyRelationInfo>
      <SuperEventID>2</SuperEventID>
      <SubEventID>4</SubEventID>
      <Type>Coref</Type>
      <Uncertain>false</Uncertain>
      <Transitive>false</Transitive>
    </HierarchyRelationInfo>
    <HierarchyRelationInfo>
      <SuperEventID>4</SuperEventID>
      <SubEventID>5</SubEventID>
      <Type>SuperSub</Type>
      <Uncertain>false</Uncertain>
      <Transitive>false</Transitive>
    </HierarchyRelationInfo>
    <HierarchyRelationInfo>
      <SuperEventID>4</SuperEventID>
      <SubEventID>6</SubEventID>
      <Type>SuperSub</Type>
      <Uncertain>false</Uncertain>
      <Transitive>false</Transitive>
    </HierarchyRelationInfo>
    <HierarchyRelationInfo>
      <SuperEventID>1</SuperEventID>
      <SubEventID>7</SubEventID>
      <Type>SuperSub</Type>
      <Uncertain>false</Uncertain>
      <Transitive>false</Transitive>
      <Comment>Suncana, </Comment>
    </HierarchyRelationInfo>
  </Relations>
</ArticleInfo>