<ArticleInfo>
  <Text>South Korea has asked China whether it is the source of a sophisticated missile carrier displayed by North Korea during a military parade last weekend, a Seoul official said Friday. Military experts have pointed to China as the probable supplier of the 16-wheel truck, but China has denied it. U.N. Security Council resolutions ban countries from supplying arms-related materials to North Korea. North Korea used the vehicle to unveil a new long-range missile during Sunday's celebrations marking the centennial of the birth of its late founder, Kim Il Sung. Two days earlier, North Korea launched a long-range rocket but said it failed to put a satellite in orbit. Seoul was checking whether China, North Korea's only major ally, was the missile carrier provider, a South Korean Foreign Ministry official said, speaking on condition of anonymity, citing the diplomatic sensitivity of the issue. On Thursday, China denied any wrongdoing in connection with the vehicle's appearance at the North Korean parade. Foreign Ministry spokesman Liu Weimin told a regular news conference that China is against the spread of weapons of mass destruction and carriers for such weapons. U.S. State Department spokesman Mark Toner said in a briefing that China has repeatedly said it's complying fully with U.N. Security Council resolutions sanctioning North Korea. But Toner said he wasn't aware whether China had given assurances on the missile carrier. The carrier, also believed capable of launching missiles, was the biggest yet displayed by North Korea and gives the country the ability to transport long-range missiles around its territory, making them harder to locate and destroy. </Text>
  <Events>
    <EventMentionInfo>
      <ID>1</ID>
      <AnchorText>asked</AnchorText>
      <Type>Occurrence</Type>
      <Position>16</Position>
    </EventMentionInfo>
    <EventMentionInfo>
      <ID>2</ID>
      <AnchorText>displayed</AnchorText>
      <Type>Occurrence</Type>
      <Position>88</Position>
    </EventMentionInfo>
    <EventMentionInfo>
      <ID>3</ID>
      <AnchorText>parade</AnchorText>
      <Type>Occurrence</Type>
      <Position>131</Position>
    </EventMentionInfo>
    <EventMentionInfo>
      <ID>4</ID>
      <AnchorText>said</AnchorText>
      <Type>Reporting</Type>
      <Position>169</Position>
    </EventMentionInfo>
    <EventMentionInfo>
      <ID>5</ID>
      <AnchorText>pointed</AnchorText>
      <Type>Occurrence</Type>
      <Position>204</Position>
    </EventMentionInfo>
    <EventMentionInfo>
      <ID>6</ID>
      <AnchorText>denied</AnchorText>
      <Type>Reporting</Type>
      <Position>283</Position>
    </EventMentionInfo>
    <EventMentionInfo>
      <ID>7</ID>
      <AnchorText>used</AnchorText>
      <Type>I_Action</Type>
      <Position>408</Position>
    </EventMentionInfo>
    <EventMentionInfo>
      <ID>8</ID>
      <AnchorText>unveil</AnchorText>
      <Type>Occurrence</Type>
      <Position>428</Position>
    </EventMentionInfo>
    <EventMentionInfo>
      <ID>9</ID>
      <AnchorText>celebrations</AnchorText>
      <Type>Occurrence</Type>
      <Position>476</Position>
    </EventMentionInfo>
    <EventMentionInfo>
      <ID>10</ID>
      <AnchorText>centennial</AnchorText>
      <Type>Occurrence</Type>
      <Position>501</Position>
    </EventMentionInfo>
    <EventMentionInfo>
      <ID>11</ID>
      <AnchorText>birth</AnchorText>
      <Type>Occurrence</Type>
      <Position>519</Position>
    </EventMentionInfo>
    <EventMentionInfo>
      <ID>12</ID>
      <AnchorText>launched</AnchorText>
      <Type>Occurrence</Type>
      <Position>589</Position>
    </EventMentionInfo>
    <EventMentionInfo>
      <ID>13</ID>
      <AnchorText>said</AnchorText>
      <Type>Reporting</Type>
      <Position>622</Position>
    </EventMentionInfo>
    <EventMentionInfo>
      <ID>14</ID>
      <AnchorText>failed</AnchorText>
      <Type>I_Action</Type>
      <Position>630</Position>
    </EventMentionInfo>
    <EventMentionInfo>
      <ID>15</ID>
      <AnchorText>checking</AnchorText>
      <Type>Occurrence</Type>
      <Position>676</Position>
    </EventMentionInfo>
    <EventMentionInfo>
      <ID>16</ID>
      <AnchorText>said</AnchorText>
      <Type>Reporting</Type>
      <Position>806</Position>
    </EventMentionInfo>
    <EventMentionInfo>
      <ID>17</ID>
      <AnchorText>speaking</AnchorText>
      <Type>Occurrence</Type>
      <Position>812</Position>
    </EventMentionInfo>
    <EventMentionInfo>
      <ID>18</ID>
      <AnchorText>citing</AnchorText>
      <Type>Reporting</Type>
      <Position>848</Position>
    </EventMentionInfo>
    <EventMentionInfo>
      <ID>19</ID>
      <AnchorText>denied</AnchorText>
      <Type>I_Action</Type>
      <Position>915</Position>
    </EventMentionInfo>
    <EventMentionInfo>
      <ID>20</ID>
      <AnchorText>appearance</AnchorText>
      <Type>Occurrence</Type>
      <Position>970</Position>
    </EventMentionInfo>
    <EventMentionInfo>
      <ID>21</ID>
      <AnchorText>parade</AnchorText>
      <Type>Occurrence</Type>
      <Position>1001</Position>
    </EventMentionInfo>
    <EventMentionInfo>
      <ID>22</ID>
      <AnchorText>told</AnchorText>
      <Type>Reporting</Type>
      <Position>1047</Position>
    </EventMentionInfo>
    <EventMentionInfo>
      <ID>23</ID>
      <AnchorText>conference</AnchorText>
      <Type>Occurrence</Type>
      <Position>1067</Position>
    </EventMentionInfo>
    <EventMentionInfo>
      <ID>24</ID>
      <AnchorText>said</AnchorText>
      <Type>Reporting</Type>
      <Position>1216</Position>
    </EventMentionInfo>
    <EventMentionInfo>
      <ID>25</ID>
      <AnchorText>briefing</AnchorText>
      <Type>Occurrence</Type>
      <Position>1226</Position>
    </EventMentionInfo>
    <EventMentionInfo>
      <ID>26</ID>
      <AnchorText>said</AnchorText>
      <Type>Reporting</Type>
      <Position>1261</Position>
    </EventMentionInfo>
    <EventMentionInfo>
      <ID>27</ID>
      <AnchorText>resolutions</AnchorText>
      <Type>HalfGeneric</Type>
      <Position>1314</Position>
    </EventMentionInfo>
    <EventMentionInfo>
      <ID>28</ID>
      <AnchorText>sanctioning</AnchorText>
      <Type>Occurrence</Type>
      <Position>1326</Position>
    </EventMentionInfo>
    <EventMentionInfo>
      <ID>29</ID>
      <AnchorText>said</AnchorText>
      <Type>Reporting</Type>
      <Position>1361</Position>
    </EventMentionInfo>
    <EventMentionInfo>
      <ID>30</ID>
      <AnchorText>displayed</AnchorText>
      <Type>Occurrence</Type>
      <Position>1519</Position>
    </EventMentionInfo>
  </Events>
  <Relations>
    <HierarchyRelationInfo>
      <SuperEventID>3</SuperEventID>
      <SubEventID>2</SubEventID>
      <Type>SuperSub</Type>
      <Uncertain>false</Uncertain>
      <Transitive>false</Transitive>
    </HierarchyRelationInfo>
    <HierarchyRelationInfo>
      <SuperEventID>2</SuperEventID>
      <SubEventID>8</SubEventID>
      <Type>SuperSub</Type>
      <Uncertain>false</Uncertain>
      <Transitive>false</Transitive>
    </HierarchyRelationInfo>
    <HierarchyRelationInfo>
      <SuperEventID>1</SuperEventID>
      <SubEventID>15</SubEventID>
      <Type>Coref</Type>
      <Uncertain>false</Uncertain>
      <Transitive>false</Transitive>
    </HierarchyRelationInfo>
    <HierarchyRelationInfo>
      <SuperEventID>20</SuperEventID>
      <SubEventID>2</SubEventID>
      <Type>Coref</Type>
      <Uncertain>false</Uncertain>
      <Transitive>false</Transitive>
    </HierarchyRelationInfo>
    <HierarchyRelationInfo>
      <SuperEventID>21</SuperEventID>
      <SubEventID>3</SubEventID>
      <Type>Coref</Type>
      <Uncertain>false</Uncertain>
      <Transitive>false</Transitive>
    </HierarchyRelationInfo>
    <HierarchyRelationInfo>
      <SuperEventID>30</SuperEventID>
      <SubEventID>20</SubEventID>
      <Type>Coref</Type>
      <Uncertain>false</Uncertain>
      <Transitive>false</Transitive>
    </HierarchyRelationInfo>
    <HierarchyRelationInfo>
      <SuperEventID>9</SuperEventID>
      <SubEventID>3</SubEventID>
      <Type>SuperSub</Type>
      <Uncertain>false</Uncertain>
      <Transitive>false</Transitive>
      <Comment>Suncana, </Comment>
    </HierarchyRelationInfo>
    <HierarchyRelationInfo>
      <SuperEventID>10</SuperEventID>
      <SubEventID>9</SubEventID>
      <Type>SuperSub</Type>
      <Uncertain>false</Uncertain>
      <Transitive>false</Transitive>
      <Comment>Maja, </Comment>
    </HierarchyRelationInfo>
  </Relations>
</ArticleInfo>